POA_CODE_2021,POL_Tamil_UOLSE_NWorNAA,POL_Tamil_UOLSE_Tot,POL_Tamil_NS,POL_Tamil_Tot,POL_Thai_SEO,POL_Thai_UOLSE_VWorW,POL_Thai_UOLSE_NWorNAA,POL_Thai_UOLSE_Tot,POL_Thai_NS,POL_Thai_Tot,POL_Turkish_SEO,POL_Turkish_UOLSE_VWorW,POL_Turkish_UOLSE_NWorNAA,POL_Turkish_UOLSE_Tot,POL_Turkish_NS,POL_Turkish_Tot,POL_Vietnamese_SEO,POL_Vietnamese_UOLSE_VWorW,POL_Vietnamese_UOLSE_NWorNAA,POL_Vietnamese_UOLSE_Tot,POL_Vietnamese_NS,POL_Vietnamese_Tot,POL_Oth_SEO,POL_Oth_UOLSE_VWorW,POL_Oth_UOLSE_NWorNAA,POL_Oth_UOLSE_Tot,POL_Oth_NS,POL_Oth_Tot,POL_Tot_SEO,POL_Tot_UOLSE_VWorW,POL_Tot_UOLSE_NWorNAA,POL_Tot_UOLSE_Tot,POL_Tot_NS,POL_Tot_Tot,P_LUatH_NS_SEO,P_LUatH_NS_UOLSE_VWorW,P_LUatH_NS_UOLSE_NWorNAA,P_LUatH_NS_UOLSE_Tot,P_LUatH_NS_NS,P_LUatH_NS_Tot,P_Tot_SEO,P_Tot_UOLSE_VWorW,P_Tot_UOLSE_NWorNAA,P_Tot_UOLSE_Tot,P_Tot_NS,P_Tot_Tot
POA3000,16,359,7,365,..,941,277,1218,4,1218,..,70,12,77,0,82,..,1080,77,1156,0,1158,..,1193,115,1303,19,1327,..,22820,3095,25916,98,26009,..,133,33,161,3886,4045,13028,22953,3125,26076,3986,43084
POA3002,0,3,0,3,..,4,0,10,0,10,..,6,0,6,0,6,..,23,0,28,0,28,..,54,0,55,0,55,..,647,32,683,0,689,..,13,0,14,258,279,3933,660,35,699,268,4896
POA3003,0,56,0,61,..,63,7,73,3,80,..,25,6,27,0,27,..,158,14,172,0,169,..,191,15,207,5,214,..,3177,407,3585,30,3610,..,24,9,35,549,581,3826,3203,411,3617,579,8025
POA3004,0,47,0,52,..,47,4,50,0,46,..,32,0,32,0,32,..,59,3,59,0,60,..,250,26,270,9,278,..,3478,297,3780,26,3809,..,33,6,34,1029,1058,6620,3512,303,3809,1054,11482
POA3006,8,178,0,184,..,156,35,195,0,195,..,73,3,77,0,78,..,300,27,321,0,322,..,629,54,682,18,700,..,10064,919,10978,85,11068,..,89,16,110,1234,1338,10294,10158,932,11086,1319,22699
POA3008,25,285,7,287,..,136,31,175,0,175,..,70,5,78,0,76,..,191,20,207,5,214,..,683,57,743,24,764,..,7351,835,8184,72,8256,..,69,19,85,1347,1431,5807,7424,853,8271,1419,15495
POA3011,4,46,0,44,..,63,10,75,0,75,..,51,12,60,0,60,..,1392,647,2040,17,2054,..,898,147,1041,13,1058,..,6106,1594,7701,80,7779,..,101,17,122,1359,1479,13012,6210,1617,7822,1439,22278
POA3012,4,69,0,69,..,72,20,93,0,93,..,95,36,130,0,131,..,2013,801,2819,30,2846,..,1189,150,1342,25,1365,..,7889,1941,9827,108,9931,..,116,25,140,1328,1472,15616,8006,1966,9972,1435,27023
POA3013,6,23,0,23,..,38,0,36,0,38,..,30,0,30,0,30,..,346,111,457,0,460,..,250,32,281,8,286,..,2553,552,3102,27,3129,..,59,11,71,505,574,11933,2614,564,3174,528,15636
POA3015,0,28,0,28,..,37,10,50,0,47,..,19,0,22,0,27,..,120,37,154,3,158,..,317,44,360,10,368,..,2936,468,3409,35,3449,..,59,11,69,579,644,14546,2995,480,3477,614,18634
POA3016,0,14,0,14,..,29,3,32,0,32,..,14,0,15,0,15,..,119,31,153,0,157,..,269,31,300,3,307,..,2164,225,2385,22,2406,..,48,0,52,481,536,13085,2208,226,2439,504,16025
POA3018,0,21,0,21,..,24,4,28,0,28,..,16,3,20,0,20,..,126,32,156,0,156,..,502,63,568,10,583,..,2333,265,2597,25,2619,..,39,3,44,553,598,10338,2371,265,2644,579,13556
POA3019,5,40,0,40,..,23,0,24,0,24,..,37,14,59,0,61,..,1862,965,2829,19,2849,..,827,181,1009,21,1024,..,4509,1657,6164,51,6224,..,48,26,75,586,659,2799,4557,1684,6240,646,9682
POA3020,72,290,5,300,..,104,12,123,0,127,..,385,113,495,7,500,..,6733,3597,10332,86,10424,..,3803,984,4787,56,4838,..,19818,6812,26630,246,26879,..,278,106,381,2546,2932,14564,20098,6918,27019,2794,44372
POA3021,47,250,4,254,..,105,30,133,0,133,..,363,124,489,0,491,..,9070,6023,15091,108,15201,..,4549,1416,5962,74,6035,..,26074,10562,36637,290,36924,..,371,151,522,4219,4739,13447,26449,10711,37158,4504,55112
POA3022,0,15,0,15,..,0,0,8,0,8,..,12,0,14,0,14,..,266,143,412,3,415,..,307,69,376,9,381,..,1155,339,1496,21,1515,..,10,4,20,285,306,1348,1171,347,1514,304,3170
POA3023,37,508,0,509,..,133,28,162,0,162,..,617,140,757,3,758,..,5457,2472,7926,77,8002,..,5555,1221,6770,79,6851,..,29218,6125,35344,291,35634,..,447,143,590,5066,5660,25855,29672,6267,35936,5355,67146
POA3024,28,670,11,682,..,66,23,93,5,97,..,44,5,49,0,49,..,122,23,147,0,147,..,3831,817,4650,99,4750,..,13075,1648,14729,210,14936,..,249,59,308,1612,1917,17141,13327,1704,15033,1826,34004
POA3025,0,22,0,22,..,28,3,35,3,38,..,10,0,11,0,11,..,384,150,537,11,540,..,515,98,616,17,632,..,4396,1052,5443,53,5497,..,68,18,86,703,790,6679,4461,1068,5525,761,12962
POA3026,3,30,0,30,..,13,5,19,0,19,..,43,3,46,0,46,..,969,393,1357,19,1376,..,847,150,995,9,1004,..,4206,838,5049,52,5094,..,84,18,98,394,496,3180,4285,857,5146,448,8770
POA3027,5,133,0,137,..,55,15,69,0,69,..,18,3,19,0,19,..,116,46,164,0,164,..,797,69,870,14,883,..,5217,599,5815,78,5888,..,64,5,72,467,538,3021,5280,604,5883,544,9448
POA3028,10,109,0,108,..,64,20,84,0,84,..,45,16,62,0,62,..,539,227,770,12,785,..,1528,345,1876,33,1906,..,8443,1559,10007,115,10125,..,137,31,165,1341,1505,16564,8579,1590,10170,1458,28191
POA3029,120,1833,29,1861,..,198,48,242,3,246,..,183,30,211,0,215,..,1129,406,1538,13,1555,..,12026,1949,13974,279,14250,..,65887,7703,73588,1008,74599,..,943,224,1161,8012,9173,46117,66828,7925,74752,9023,129888
POA3030,67,1582,22,1603,..,259,58,317,4,317,..,157,19,174,0,178,..,1004,308,1314,16,1323,..,7386,1644,9029,166,9197,..,43491,6543,50039,626,50665,..,647,151,802,5606,6403,62137,44137,6695,50837,6231,119201
POA3031,4,30,0,30,..,43,4,46,0,46,..,84,23,105,0,105,..,388,229,614,7,625,..,933,211,1146,26,1164,..,3875,1031,4904,73,4974,..,84,8,99,884,979,11816,3963,1039,5002,957,17772
POA3032,3,79,0,80,..,69,10,85,0,85,..,142,21,163,0,165,..,1770,512,2282,15,2297,..,1065,185,1254,29,1280,..,8842,1695,10534,125,10659,..,116,25,137,1282,1419,17801,8960,1714,10674,1402,29874
POA3033,4,66,0,70,..,31,0,31,0,31,..,60,20,77,5,81,..,306,130,434,0,440,..,337,47,381,8,389,..,4228,761,4986,36,5026,..,53,13,65,449,518,9538,4280,774,5049,488,15078
POA3034,0,36,0,36,..,24,3,31,0,31,..,47,7,55,0,55,..,640,193,839,5,839,..,400,39,442,0,446,..,4752,1034,5783,35,5822,..,76,13,93,377,470,6097,4825,1048,5877,416,12388
POA3036,0,4,0,8,..,0,0,3,0,3,..,54,0,59,0,59,..,78,7,83,0,83,..,136,6,137,0,142,..,1222,106,1323,7,1337,..,30,0,31,159,190,4445,1254,104,1358,171,5974
POA3037,24,381,4,384,..,84,11,95,0,95,..,607,101,703,5,705,..,1618,825,2443,18,2463,..,2778,420,3196,45,3244,..,19424,3190,22618,154,22775,..,337,70,408,1742,2151,26482,19759,3263,23023,1901,51402
POA3038,4,71,0,71,..,24,3,24,0,25,..,302,67,376,0,379,..,893,314,1202,3,1213,..,1197,179,1374,9,1388,..,9517,1641,11154,48,11201,..,144,22,167,838,1009,14496,9658,1660,11322,888,26703
POA3039,0,29,0,29,..,31,6,37,0,37,..,79,11,94,0,94,..,147,29,175,0,175,..,321,47,361,16,376,..,3426,504,3929,44,3972,..,48,7,56,451,507,11741,3468,516,3987,492,16224
POA3040,3,42,0,42,..,37,9,47,0,47,..,151,17,167,0,167,..,350,48,402,0,402,..,540,47,585,8,594,..,5614,523,6138,61,6195,..,85,6,85,803,896,19639,5694,535,6225,862,26722
POA3041,4,30,0,34,..,27,3,30,0,30,..,237,29,270,3,274,..,127,20,142,0,143,..,337,26,362,3,369,..,2732,262,3000,22,3019,..,58,0,63,325,389,9706,2793,270,3058,349,13111
POA3042,3,23,0,23,..,42,11,51,0,51,..,58,5,58,0,58,..,109,28,134,0,134,..,354,44,399,9,402,..,3650,560,4209,38,4246,..,63,11,65,477,542,11976,3707,562,4273,515,16763
POA3043,0,31,0,31,..,58,3,62,0,62,..,329,65,397,0,400,..,83,20,101,0,101,..,673,151,820,14,833,..,5143,846,5984,39,6023,..,98,13,114,652,763,11127,5241,860,6098,694,17912
POA3044,0,61,0,63,..,62,9,66,0,66,..,385,61,442,6,450,..,281,49,328,0,329,..,525,67,595,27,619,..,7926,1103,9030,100,9127,..,88,16,102,940,1046,18530,8012,1118,9135,1039,28701
POA3045,0,0,0,0,..,0,0,0,0,0,..,0,0,0,0,0,..,0,0,0,0,0,..,0,0,0,0,0,..,9,0,9,0,6,..,0,0,0,49,51,3,6,0,6,49,64
POA3046,21,160,0,159,..,80,12,90,0,90,..,959,250,1214,12,1226,..,301,88,391,3,391,..,1284,211,1495,41,1535,..,14216,2150,16364,195,16556,..,273,41,319,2135,2452,17763,14490,2192,16682,2324,36772
POA3047,14,107,3,105,..,48,7,58,0,58,..,1752,723,2477,21,2500,..,290,163,453,0,453,..,1394,589,1982,25,2003,..,10219,2883,13103,131,13228,..,219,73,290,2101,2392,5852,10439,2957,13399,2227,21478
POA3048,0,32,0,32,..,21,19,41,0,41,..,2544,892,3432,24,3455,..,423,235,656,3,657,..,1597,634,2229,24,2252,..,9108,2770,11877,109,11983,..,194,99,292,1239,1532,4567,9299,2863,12171,1347,18081
POA3049,0,3,0,3,..,22,0,23,0,23,..,262,39,299,7,304,..,45,30,71,0,71,..,367,68,438,3,439,..,2460,371,2824,26,2850,..,42,9,48,417,467,6496,2501,373,2876,440,9812
POA3051,3,66,0,66,..,43,8,55,0,55,..,60,8,67,0,70,..,365,100,465,0,465,..,743,127,868,13,885,..,4792,803,5592,34,5631,..,73,12,82,1248,1326,7995,4866,812,5675,1284,14953
POA3052,0,36,0,37,..,11,0,14,0,14,..,24,0,24,0,24,..,82,13,94,0,94,..,235,20,259,7,261,..,1858,213,2067,10,2076,..,23,3,29,427,457,4764,1878,219,2096,432,7297
POA3053,0,109,0,109,..,109,28,136,0,138,..,40,23,61,0,65,..,275,96,369,0,374,..,712,97,809,7,811,..,6777,843,7618,29,7643,..,48,11,56,924,979,7411,6825,850,7672,950,16034
POA3054,0,0,0,0,..,12,0,12,0,12,..,17,3,21,0,21,..,24,8,39,0,39,..,151,6,157,4,159,..,1036,119,1155,11,1166,..,35,0,36,267,303,6716,1078,112,1196,278,8186
POA3055,3,49,0,49,..,26,3,28,0,28,..,87,18,104,0,107,..,120,17,134,3,134,..,305,37,339,5,346,..,3514,525,4035,34,4071,..,54,9,62,436,505,10176,3565,533,4096,469,14746
POA3056,5,35,0,35,..,24,3,30,0,30,..,132,56,184,0,189,..,173,50,222,0,222,..,377,68,440,13,452,..,4821,1067,5889,45,5936,..,92,6,101,711,812,18169,4915,1073,5987,760,24912
POA3057,0,15,0,15,..,23,3,28,0,28,..,46,7,57,0,57,..,93,21,116,0,113,..,199,25,223,11,226,..,2655,335,2989,33,3023,..,30,0,35,475,507,9731,2687,337,3025,511,13262
POA3058,0,42,0,42,..,60,14,81,0,81,..,469,149,620,3,622,..,185,51,241,0,241,..,621,73,690,21,711,..,9067,1938,11009,98,11105,..,122,19,138,1148,1290,22510,9190,1951,11145,1246,34906
POA3059,4,52,0,52,..,33,3,38,0,38,..,1588,283,1873,10,1880,..,80,18,100,0,100,..,1292,211,1508,22,1530,..,8646,1027,9670,68,9742,..,188,40,230,589,818,10716,8833,1068,9900,659,21274
POA3060,3,66,0,66,..,10,8,14,0,14,..,255,81,340,0,339,..,84,56,137,0,137,..,585,154,741,16,759,..,6881,1334,8212,92,8300,..,105,32,133,827,960,5011,6984,1360,8348,918,14274
POA3061,0,9,0,9,..,3,4,4,0,4,..,216,91,300,0,304,..,48,33,85,0,85,..,451,186,628,6,639,..,2656,720,3374,34,3404,..,54,25,81,312,397,1181,2707,747,3454,346,4977
POA3062,0,0,0,0,..,0,0,0,0,0,..,0,0,0,0,0,..,0,0,0,0,0,..,0,0,0,0,0,..,5,0,3,0,3,..,0,0,0,0,0,0,5,0,3,0,6
POA3063,0,0,0,0,..,0,0,0,0,0,..,16,3,23,0,23,..,0,0,0,0,0,..,4,0,8,0,8,..,70,8,83,0,83,..,4,0,4,34,35,448,70,8,80,34,563
POA3064,43,709,19,727,..,161,56,221,3,223,..,4875,1066,5944,37,5988,..,396,151,542,6,547,..,11673,4086,15760,216,15972,..,57956,10793,68755,778,69535,..,1180,397,1579,5322,6900,37984,59138,11198,70335,6101,114413
POA3065,0,12,0,12,..,24,7,29,0,29,..,26,9,37,0,37,..,215,184,396,3,405,..,446,89,532,16,552,..,1773,597,2367,31,2399,..,45,6,47,828,876,7157,1817,602,2419,857,10431
POA3066,0,10,0,10,..,21,12,34,0,34,..,53,25,77,0,80,..,211,164,370,0,370,..,508,110,614,14,629,..,1758,493,2258,19,2277,..,43,13,62,573,632,6269,1807,507,2317,595,9179
POA3067,0,14,0,14,..,46,13,56,0,53,..,10,0,10,0,10,..,297,126,417,0,417,..,164,11,174,10,175,..,1807,305,2112,19,2129,..,26,5,32,483,516,6452,1830,310,2139,504,9096
POA3068,0,18,0,18,..,17,4,23,0,23,..,49,5,55,0,55,..,103,58,160,0,167,..,316,55,373,8,379,..,2383,462,2844,29,2871,..,47,10,61,664,722,15784,2430,474,2902,694,19382
POA3070,0,24,0,24,..,24,0,28,0,28,..,49,3,53,0,51,..,163,64,228,4,233,..,319,24,344,7,358,..,3945,899,4848,60,4904,..,86,8,96,767,861,19519,4030,905,4941,823,25276
POA3071,3,11,0,11,..,36,0,34,0,34,..,28,0,28,0,28,..,146,64,209,3,216,..,320,42,361,10,373,..,3825,932,4764,33,4797,..,65,8,73,502,575,13631,3889,943,4836,539,19005
POA3072,6,137,0,136,..,66,12,78,0,78,..,74,18,92,0,92,..,647,250,897,6,901,..,830,120,952,18,969,..,9096,2248,11339,79,11418,..,107,29,139,1264,1405,20968,9198,2278,11480,1344,33790
POA3073,9,145,0,152,..,111,17,127,0,127,..,184,40,221,0,226,..,891,346,1241,0,1244,..,1481,244,1730,42,1769,..,16828,3707,20541,195,20740,..,220,50,269,2532,2803,27559,17051,3759,20808,2733,51096
POA3074,22,109,0,114,..,22,11,33,0,34,..,297,118,420,0,420,..,997,528,1523,11,1535,..,828,139,969,15,984,..,10119,3063,13178,89,13269,..,139,48,189,807,997,5968,10266,3104,13371,897,20234
POA3075,27,138,0,140,..,40,10,46,3,46,..,299,82,386,0,386,..,1050,504,1553,15,1568,..,909,192,1104,22,1126,..,11332,2979,14313,135,14449,..,187,70,255,1125,1374,7395,11521,3050,14572,1259,23219
POA3076,49,532,8,546,..,30,7,36,0,36,..,233,63,301,0,303,..,508,214,719,10,726,..,1341,219,1559,36,1595,..,14212,2301,16517,173,16693,..,230,53,280,2067,2347,14444,14440,2359,16800,2245,33489
POA3078,0,11,0,17,..,9,3,15,0,15,..,11,0,13,0,14,..,94,18,110,0,110,..,137,9,154,7,161,..,1913,304,2217,22,2242,..,41,3,41,408,455,9550,1957,308,2261,429,12237
POA3079,7,97,0,96,..,31,0,33,0,33,..,15,4,13,0,19,..,115,20,128,0,129,..,205,23,224,11,232,..,3356,459,3817,31,3845,..,43,3,46,465,513,12707,3389,467,3859,497,17055
POA3081,4,73,0,73,..,45,10,55,0,55,..,23,4,29,0,29,..,180,57,233,4,238,..,959,126,1085,17,1103,..,3736,672,4404,51,4460,..,99,12,109,778,885,8661,3831,684,4518,831,14003
POA3082,34,377,0,378,..,31,7,43,0,45,..,119,17,137,0,136,..,392,142,537,3,539,..,863,113,973,22,997,..,10219,1717,11939,113,12051,..,181,39,218,902,1118,15545,10398,1756,12152,1015,28712
POA3083,16,324,0,325,..,67,22,86,4,91,..,75,7,79,0,79,..,585,140,725,3,727,..,912,103,1015,26,1037,..,10848,2432,13279,107,13385,..,130,24,157,1321,1481,16662,10981,2456,13435,1431,31529
POA3084,7,164,0,167,..,51,3,54,0,54,..,48,0,54,0,50,..,170,33,205,0,205,..,484,50,529,22,549,..,5961,787,6752,54,6805,..,95,12,102,633,733,19509,6055,796,6854,683,27045
POA3085,3,66,0,66,..,22,7,24,0,27,..,14,0,20,0,20,..,77,10,85,0,91,..,252,24,272,6,284,..,2604,339,2943,29,2976,..,46,0,53,309,362,10712,2654,347,2996,339,14050
POA3087,3,42,4,47,..,20,0,20,0,20,..,3,0,3,0,3,..,28,0,28,0,28,..,150,28,177,5,182,..,1554,216,1766,25,1791,..,24,5,30,232,260,7099,1575,219,1793,261,9156
POA3088,4,55,0,55,..,42,8,53,0,53,..,46,14,61,0,61,..,82,9,86,0,86,..,318,47,363,9,372,..,3797,411,4202,41,4248,..,74,12,80,600,685,22251,3868,420,4287,643,27181
POA3089,0,13,0,13,..,11,0,11,0,11,..,33,0,37,0,37,..,14,0,10,0,10,..,139,14,148,8,150,..,1010,74,1080,11,1089,..,39,0,38,264,301,11104,1046,73,1120,274,12503
POA3090,0,0,0,0,..,0,0,0,0,0,..,3,0,3,0,3,..,0,0,6,0,6,..,25,3,29,0,28,..,320,29,349,0,348,..,8,0,8,56,63,2161,331,29,355,59,2575
POA3091,0,0,0,0,..,0,0,0,0,0,..,0,0,0,0,0,..,0,0,0,0,0,..,22,0,25,0,25,..,162,17,183,0,180,..,0,0,0,61,59,1360,164,17,180,64,1602
POA3093,0,9,0,9,..,8,0,13,0,13,..,3,0,3,0,8,..,7,0,7,0,7,..,48,4,53,0,53,..,459,47,505,6,512,..,8,0,8,120,133,3327,473,47,515,124,3962
POA3094,0,6,0,6,..,12,0,13,0,16,..,4,0,4,0,4,..,17,6,23,0,23,..,79,19,100,10,106,..,792,79,872,20,895,..,32,0,32,202,236,8124,825,79,901,222,9250
POA3095,0,31,0,31,..,23,0,23,0,23,..,40,4,44,0,45,..,42,4,45,0,45,..,297,39,335,12,347,..,2604,256,2860,45,2901,..,69,4,70,614,681,24794,2667,257,2923,656,28373
POA3096,0,0,0,0,..,3,0,5,0,5,..,3,0,8,0,8,..,6,0,6,0,6,..,4,0,6,0,6,..,95,12,100,0,100,..,5,0,5,36,36,1765,96,12,105,36,1911
POA3097,0,0,0,0,..,0,0,0,0,0,..,0,0,0,0,0,..,6,0,6,0,6,..,14,0,14,0,14,..,79,8,88,0,88,..,0,0,0,72,78,1374,86,8,92,72,1536
POA3099,0,6,0,6,..,0,0,0,0,0,..,0,0,0,0,0,..,3,0,3,0,3,..,59,4,60,0,60,..,168,6,181,3,181,..,8,0,9,152,159,4656,176,10,185,155,4993
POA3101,3,53,0,53,..,42,7,47,0,47,..,16,4,17,0,14,..,310,42,356,0,353,..,269,30,303,15,319,..,5467,926,6394,61,6455,..,67,11,71,745,819,17227,5534,932,6468,808,24499
POA3102,0,26,0,26,..,6,0,6,0,6,..,12,0,10,0,10,..,89,17,104,0,111,..,93,0,92,3,94,..,1556,230,1785,15,1797,..,23,0,23,142,167,4656,1580,230,1802,158,6620
POA3103,0,92,0,92,..,29,4,33,0,33,..,14,6,20,0,20,..,194,36,225,0,225,..,189,17,213,4,219,..,5584,1263,6849,47,6901,..,41,14,55,411,465,8262,5626,1278,6901,456,15621
POA3104,3,148,0,148,..,29,3,37,0,37,..,47,0,51,0,48,..,350,52,401,0,401,..,243,25,272,8,280,..,8507,1579,10089,57,10143,..,69,11,83,448,532,10627,8579,1593,10166,508,21302
POA3105,0,25,0,25,..,10,0,10,0,10,..,30,0,36,0,36,..,165,23,188,5,197,..,226,23,247,6,251,..,4539,841,5386,34,5420,..,41,6,50,230,279,5428,4580,851,5435,261,11124
POA3106,5,100,0,100,..,14,7,22,0,22,..,45,4,49,0,49,..,58,11,66,0,66,..,272,35,310,6,316,..,6419,1165,7581,53,7638,..,75,15,83,497,581,8747,6491,1178,7670,548,16966
POA3107,0,36,0,36,..,15,0,15,0,20,..,34,8,42,0,42,..,92,12,105,0,108,..,240,38,273,6,284,..,5388,966,6357,55,6408,..,46,12,58,333,395,7367,5437,978,6415,385,14164
POA3108,4,83,0,83,..,67,4,68,0,68,..,61,13,77,0,77,..,158,23,179,4,184,..,422,64,485,16,504,..,11598,2846,14444,131,14581,..,111,19,126,760,886,9587,11712,2865,14572,893,25054
POA3109,5,137,0,143,..,32,3,37,0,37,..,38,18,55,0,55,..,155,40,199,6,199,..,372,80,449,32,481,..,14601,3007,17607,177,17787,..,108,20,128,750,880,12261,14709,3035,17739,924,30926
POA3111,0,29,0,29,..,6,0,6,0,6,..,11,4,16,0,16,..,46,11,52,0,52,..,169,16,180,11,194,..,3620,678,4291,39,4332,..,48,8,56,413,469,7840,3663,681,4354,452,12644
POA3113,0,0,0,0,..,5,0,3,0,3,..,3,0,3,0,3,..,14,0,12,0,12,..,70,6,71,4,76,..,821,88,910,4,915,..,16,4,16,202,214,7439,837,86,930,204,8562
POA3114,0,0,0,0,..,3,0,3,0,3,..,4,0,12,0,12,..,5,0,7,0,7,..,23,0,26,0,26,..,361,45,407,0,412,..,9,0,9,90,90,3334,367,45,412,91,3835
POA3115,0,0,0,0,..,0,0,3,0,3,..,3,0,3,0,3,..,3,0,3,0,3,..,38,5,45,0,45,..,201,24,225,0,225,..,10,0,10,77,85,3532,209,24,233,77,3843
POA3116,0,9,0,9,..,13,3,20,0,20,..,6,0,6,0,6,..,38,6,39,0,39,..,198,36,237,7,241,..,1427,204,1631,12,1643,..,26,5,32,349,380,9758,1460,208,1660,353,11779
POA3121,0,40,0,40,..,73,10,78,0,78,..,50,9,59,0,59,..,916,645,1561,17,1580,..,552,78,630,17,642,..,5187,1648,6830,68,6901,..,107,14,114,1418,1536,23103,5291,1656,6951,1491,31534
POA3122,6,101,0,106,..,81,9,89,0,89,..,31,0,29,0,29,..,256,36,291,3,295,..,336,32,370,7,377,..,4173,440,4616,34,4643,..,53,3,55,816,872,16813,4223,442,4667,847,22322
POA3123,0,58,0,57,..,50,9,56,0,56,..,15,0,18,0,18,..,108,17,121,0,125,..,206,14,219,3,222,..,3146,416,3559,30,3588,..,26,0,34,446,483,10762,3173,416,3589,481,14834
POA3124,0,92,0,92,..,51,4,57,0,57,..,20,0,26,0,26,..,190,30,220,0,223,..,241,19,259,4,268,..,4937,719,5656,36,5688,..,65,3,66,596,659,15616,4994,724,5718,631,21965
POA3125,11,158,0,158,..,40,7,51,0,51,..,17,3,23,0,23,..,211,34,244,3,249,..,334,34,361,8,370,..,5607,1085,6696,48,6742,..,48,11,52,701,761,7644,5654,1095,6752,751,15147
POA3126,0,21,0,26,..,3,0,3,0,3,..,3,0,3,0,3,..,74,17,95,0,95,..,74,0,74,0,79,..,1749,289,2034,15,2050,..,25,4,23,208,236,5488,1773,292,2063,223,7773
POA3127,0,46,0,46,..,18,6,24,0,24,..,21,0,25,0,25,..,112,20,130,0,127,..,184,25,206,11,221,..,3506,580,4087,40,4127,..,45,3,52,454,507,13975,3550,585,4137,496,18608
POA3128,0,101,0,102,..,58,12,71,0,71,..,7,0,7,0,7,..,321,75,399,0,397,..,384,52,437,7,447,..,8505,3313,11817,76,11893,..,80,15,94,1220,1321,9629,8583,3331,11912,1296,22841
POA3129,4,49,0,48,..,50,6,63,0,63,..,19,3,29,0,29,..,144,35,180,0,180,..,263,47,312,11,323,..,5852,1852,7695,72,7776,..,38,15,54,489,539,9624,5890,1862,7750,568,17946
POA3130,10,182,3,184,..,72,17,85,0,85,..,17,0,14,0,14,..,306,63,371,3,368,..,471,54,524,16,546,..,8932,1917,10845,122,10964,..,88,17,101,808,905,21174,9015,1926,10945,926,33044
POA3131,6,120,0,122,..,90,21,109,0,109,..,16,8,21,0,21,..,289,113,405,5,403,..,408,82,493,17,514,..,7316,1756,9071,111,9184,..,102,21,122,882,999,13008,7411,1777,9193,988,23191
POA3132,0,66,0,65,..,38,3,39,0,39,..,25,3,26,0,26,..,139,50,185,4,189,..,306,65,372,12,383,..,4340,928,5274,68,5339,..,60,15,69,349,414,11040,4401,941,5344,412,16795
POA3133,14,180,0,180,..,27,4,33,0,33,..,21,0,27,0,27,..,213,67,280,0,280,..,348,59,409,19,427,..,7982,1545,9525,91,9608,..,73,5,78,632,709,12626,8053,1550,9607,722,22951
POA3134,3,65,0,63,..,71,10,74,0,80,..,28,3,30,0,30,..,152,51,201,0,201,..,849,449,1301,32,1329,..,6622,1620,8243,92,8335,..,153,44,196,1019,1214,25057,6775,1666,8437,1111,34607
POA3135,4,62,0,64,..,46,9,48,0,48,..,8,0,7,0,7,..,80,19,94,0,95,..,596,295,890,25,919,..,3373,797,4167,60,4233,..,90,23,113,584,700,15767,3461,824,4282,644,20698
POA3136,4,110,0,110,..,98,16,114,0,114,..,23,3,32,0,32,..,125,31,156,0,155,..,1249,584,1839,42,1872,..,6310,1445,7758,94,7851,..,159,49,204,1252,1454,36997,6464,1496,7963,1338,46296
POA3137,0,11,3,13,..,25,0,29,0,29,..,5,0,5,0,5,..,42,8,43,0,43,..,523,214,735,13,747,..,1364,334,1695,20,1710,..,78,25,104,360,466,12380,1443,352,1801,379,14558
POA3138,0,29,0,29,..,22,4,23,0,27,..,3,0,8,0,8,..,23,5,30,0,32,..,856,448,1310,15,1320,..,2777,712,3484,34,3517,..,85,28,114,601,707,18827,2859,734,3599,634,23059
POA3139,0,0,0,0,..,10,0,11,0,11,..,3,0,3,0,3,..,5,0,3,0,5,..,81,17,102,0,103,..,446,62,509,10,514,..,34,0,32,456,490,13251,478,60,541,466,14257
POA3140,0,18,0,18,..,28,3,34,0,34,..,8,0,8,0,8,..,15,0,13,0,13,..,220,33,251,10,261,..,1234,152,1390,14,1403,..,46,3,51,490,541,15408,1282,158,1438,503,17348
POA3141,4,76,0,76,..,91,27,124,0,121,..,56,10,66,0,69,..,160,30,190,4,195,..,471,49,520,6,529,..,5422,682,6106,41,6148,..,56,3,65,1596,1656,17228,5480,692,6166,1632,25028
POA3142,0,28,0,28,..,21,11,26,0,26,..,15,5,19,0,19,..,54,0,57,0,57,..,226,12,242,3,244,..,2286,255,2540,26,2562,..,21,10,33,738,768,9489,2310,261,2573,757,12817
POA3143,0,14,0,18,..,37,4,42,0,40,..,16,0,12,0,12,..,47,3,51,0,51,..,180,11,191,8,203,..,1574,169,1743,24,1766,..,24,3,29,354,386,7228,1604,172,1773,381,9376
POA3144,0,9,0,9,..,8,3,18,0,18,..,4,0,4,0,4,..,24,5,31,3,35,..,130,6,136,5,138,..,1516,198,1711,13,1729,..,18,0,21,336,359,8672,1534,202,1737,355,10763
POA3145,3,89,0,89,..,35,3,41,0,44,..,24,0,24,0,24,..,191,35,225,0,226,..,394,34,428,12,438,..,5311,702,6015,47,6070,..,62,10,68,694,759,16765,5371,710,6080,745,23594
POA3146,4,74,0,76,..,31,0,37,0,37,..,24,0,23,0,23,..,159,24,180,0,182,..,371,38,414,9,418,..,5006,646,5655,50,5700,..,75,5,77,632,711,19724,5073,654,5733,682,26131
POA3147,0,44,0,47,..,26,0,29,0,29,..,17,9,26,0,25,..,107,18,130,0,130,..,331,40,371,6,381,..,3708,699,4406,44,4453,..,91,8,99,428,526,10127,3800,705,4505,472,15102
POA3148,3,93,0,93,..,46,13,52,0,54,..,9,0,13,0,13,..,141,33,172,0,173,..,331,34,367,4,367,..,4002,671,4675,42,4715,..,33,19,51,381,435,4394,4035,687,4729,423,9552
POA3149,10,525,5,536,..,71,9,77,0,77,..,26,0,25,0,25,..,416,69,490,7,499,..,789,94,882,20,898,..,14863,2584,17444,139,17582,..,123,11,135,1015,1154,16608,14984,2599,17584,1155,35340
POA3150,62,1572,0,1572,..,120,20,145,0,145,..,113,20,136,0,136,..,757,156,919,0,919,..,1634,148,1782,31,1815,..,29237,5999,35242,185,35422,..,248,67,312,2127,2441,25436,29482,6074,35551,2307,63298
POA3151,3,149,4,149,..,29,13,41,0,41,..,9,0,10,0,10,..,178,63,244,0,244,..,176,15,197,4,205,..,4632,1193,5827,47,5873,..,32,6,44,234,274,4528,4671,1203,5868,275,10675
POA3152,21,487,4,493,..,58,9,66,0,66,..,51,6,61,0,61,..,244,95,338,3,337,..,649,118,777,36,811,..,12184,2337,14520,165,14686,..,150,26,168,916,1082,19167,12331,2358,14690,1077,34940
POA3153,6,125,0,125,..,68,0,67,0,67,..,13,0,20,0,20,..,170,60,223,0,228,..,474,130,607,20,624,..,4541,945,5491,73,5565,..,76,6,83,832,914,14800,4620,956,5573,904,21276
POA3154,5,6,0,6,..,8,0,8,0,8,..,0,0,0,0,0,..,3,0,7,0,7,..,49,19,65,0,65,..,315,51,362,9,369,..,13,0,12,152,168,3966,327,50,378,161,4500
POA3155,11,102,0,100,..,76,8,85,0,85,..,9,0,10,0,10,..,108,31,137,3,139,..,367,80,450,21,466,..,4090,772,4862,70,4928,..,83,16,97,954,1051,17684,4171,781,4954,1020,23660
POA3156,6,132,0,133,..,57,3,61,0,66,..,27,4,32,0,33,..,146,34,181,0,179,..,649,91,737,18,755,..,5924,873,6799,88,6888,..,117,21,140,1101,1238,30356,6046,899,6936,1189,38484
POA3158,0,3,0,3,..,11,0,11,0,11,..,0,0,0,0,0,..,0,0,0,0,0,..,95,4,97,4,100,..,399,23,418,9,432,..,23,0,23,143,170,6218,424,23,447,152,6818
POA3159,0,0,0,0,..,0,0,0,0,0,..,0,0,0,0,0,..,0,0,0,0,0,..,36,0,30,8,38,..,138,4,144,3,148,..,5,5,7,113,124,2321,140,9,149,116,2593
POA3160,0,3,0,3,..,7,0,11,0,11,..,6,0,6,0,6,..,0,0,0,0,0,..,110,10,115,0,120,..,501,47,542,4,544,..,23,4,23,242,264,8212,522,47,563,244,9024
POA3161,3,53,3,55,..,19,5,27,0,27,..,9,4,11,0,11,..,86,15,98,5,103,..,1030,42,1073,12,1087,..,3966,411,4375,38,4417,..,64,5,65,698,765,11722,4030,413,4444,741,16903
POA3162,0,38,0,37,..,18,3,26,0,26,..,19,4,19,0,19,..,60,8,72,0,72,..,1084,65,1153,19,1172,..,4208,589,4795,45,4840,..,88,15,104,549,653,12580,4294,602,4898,597,18075
POA3163,14,390,7,397,..,112,27,137,3,138,..,29,0,29,3,31,..,276,23,304,0,302,..,1364,103,1466,29,1500,..,10515,1426,11933,128,12064,..,116,19,139,952,1086,19662,10630,1442,12074,1080,32810
POA3165,6,152,0,155,..,37,10,51,0,51,..,56,3,64,5,67,..,266,39,310,0,310,..,1295,93,1386,31,1413,..,8897,1266,10162,84,10248,..,112,13,130,740,866,19045,9012,1275,10290,821,30159
POA3166,14,187,0,187,..,60,18,79,0,79,..,17,0,17,0,17,..,283,57,343,6,345,..,641,93,735,24,760,..,9068,1764,10830,96,10923,..,78,18,89,806,897,12933,9141,1779,10917,903,24753
POA3167,0,88,0,89,..,6,0,12,0,12,..,14,0,20,0,22,..,182,50,229,0,232,..,345,39,385,8,392,..,4073,768,4842,34,4881,..,23,4,29,303,334,4638,4096,773,4873,341,9851
POA3168,14,356,4,360,..,55,9,58,0,58,..,17,3,24,0,21,..,460,77,541,7,546,..,1040,66,1108,14,1121,..,11752,1844,13593,132,13724,..,97,25,120,1547,1667,6488,11847,1870,13712,1676,21880
POA3169,13,325,5,329,..,58,27,81,0,81,..,58,25,79,0,79,..,571,249,825,8,831,..,929,147,1073,19,1095,..,10302,2684,12982,142,13123,..,125,22,150,755,905,6799,10425,2709,13131,897,20820
POA3170,15,320,0,319,..,49,10,64,0,59,..,56,6,63,0,68,..,611,151,764,5,772,..,627,87,712,21,733,..,8683,1419,10103,105,10211,..,105,16,121,579,701,8980,8787,1436,10222,685,19889
POA3171,7,85,0,85,..,110,95,205,5,206,..,45,30,77,0,77,..,3448,2102,5555,36,5593,..,1129,623,1747,21,1768,..,11152,5477,16628,133,16761,..,161,119,275,988,1263,4145,11315,5585,16902,1126,22174
POA3172,8,81,0,81,..,85,45,127,0,127,..,84,25,112,0,115,..,2096,1291,3386,14,3400,..,560,118,676,6,686,..,7893,3426,11318,70,11380,..,140,63,200,665,867,11015,8032,3484,11519,730,23261
POA3173,17,442,0,440,..,64,21,82,0,82,..,542,118,661,3,665,..,2385,1043,3426,24,3449,..,1370,168,1546,16,1554,..,14234,3964,18202,137,18338,..,253,97,350,792,1140,10536,14493,4058,18545,937,30018
POA3174,33,422,8,427,..,123,60,181,0,177,..,196,70,272,0,272,..,3134,1794,4927,27,4956,..,2680,776,3461,65,3528,..,18589,6038,24630,222,24848,..,365,157,520,1917,2435,12408,18949,6199,25145,2137,39693
POA3175,283,1761,26,1781,..,65,24,95,0,97,..,357,95,453,4,455,..,1033,499,1540,10,1548,..,8106,2747,10850,94,10950,..,25666,6738,32396,284,32684,..,629,280,913,3703,4613,16250,26292,7016,33313,3984,53545
POA3177,90,439,3,445,..,12,0,9,0,9,..,53,20,71,0,71,..,206,96,295,0,297,..,1966,747,2711,36,2752,..,5257,1535,6794,77,6872,..,159,79,232,871,1104,3918,5416,1608,7024,951,11889
POA3178,18,429,0,435,..,62,8,66,0,66,..,51,9,61,0,59,..,247,85,336,0,338,..,776,92,861,22,887,..,9090,1446,10536,84,10615,..,137,24,165,667,832,22123,9229,1469,10697,746,33571
POA3179,5,98,0,98,..,5,0,10,0,10,..,3,3,4,0,10,..,66,13,80,0,80,..,135,17,154,6,157,..,1946,327,2270,15,2285,..,15,8,22,174,194,3577,1960,329,2291,191,6066
POA3180,3,88,0,88,..,17,4,20,0,19,..,3,0,3,0,3,..,55,15,75,0,75,..,133,27,160,0,162,..,2131,361,2495,18,2514,..,27,8,38,191,222,4910,2161,367,2528,205,7645
POA3181,0,36,0,36,..,64,4,72,0,73,..,82,43,122,0,124,..,78,15,94,0,94,..,335,43,375,5,384,..,3283,659,3943,34,3980,..,55,15,63,1131,1198,14462,3343,669,4013,1170,19636
POA3182,0,41,0,41,..,46,11,56,0,56,..,63,11,66,0,67,..,89,14,109,0,108,..,509,47,552,7,560,..,3996,352,4349,39,4389,..,74,8,82,1674,1757,16292,4071,359,4430,1713,22438
POA3183,0,15,0,15,..,45,4,54,0,54,..,28,0,29,0,29,..,40,7,54,0,54,..,1100,87,1183,22,1204,..,3457,347,3808,41,3850,..,77,17,88,942,1029,13078,3536,366,3899,983,17964
POA3184,0,16,0,19,..,25,0,29,0,29,..,30,0,32,0,32,..,36,7,41,0,41,..,329,24,348,5,354,..,2042,157,2195,26,2217,..,41,3,46,849,893,12043,2074,164,2237,877,15153
POA3185,0,10,0,10,..,25,4,31,0,31,..,13,4,15,0,15,..,51,3,55,3,61,..,555,64,623,17,636,..,2415,264,2686,38,2723,..,42,4,49,404,454,10259,2458,273,2732,447,13433
POA3186,0,11,0,11,..,26,3,28,0,28,..,40,0,41,0,41,..,70,5,74,0,74,..,326,23,354,14,362,..,3184,440,3620,40,3655,..,64,5,67,809,877,18711,3245,445,3686,847,23252
POA3187,0,20,0,20,..,17,0,19,0,20,..,36,0,37,0,38,..,56,8,59,0,59,..,451,32,479,6,488,..,3083,377,3463,23,3484,..,81,6,88,576,664,12611,3161,382,3548,603,16757
POA3188,7,31,0,27,..,26,3,31,0,34,..,47,8,49,0,49,..,39,6,49,0,49,..,288,28,319,6,324,..,2595,355,2951,34,2985,..,50,16,57,637,694,14902,2643,371,3014,672,18587
POA3189,0,17,0,17,..,15,4,16,0,16,..,13,10,24,0,24,..,10,0,13,0,13,..,186,20,212,9,218,..,1516,252,1763,19,1787,..,19,8,27,232,261,4244,1535,254,1792,256,6287
POA3190,0,20,0,20,..,29,8,32,0,32,..,64,8,74,0,74,..,33,9,41,0,41,..,233,32,266,6,275,..,2112,346,2455,21,2480,..,40,4,42,363,404,9119,2149,352,2501,381,12007
POA3191,0,10,0,10,..,7,0,7,0,7,..,16,0,17,0,17,..,17,3,18,0,18,..,161,12,173,3,177,..,1178,114,1297,13,1314,..,21,3,27,409,434,9178,1209,119,1324,425,10926
POA3192,0,63,3,60,..,46,6,53,0,53,..,125,31,155,0,162,..,82,12,92,0,92,..,476,43,519,17,529,..,4952,797,5750,78,5826,..,82,12,98,750,845,17455,5034,815,5848,830,24129
POA3193,0,3,0,3,..,18,0,18,0,18,..,45,0,45,0,45,..,20,7,30,0,30,..,227,12,243,0,245,..,1982,177,2161,12,2175,..,65,0,65,495,560,17473,2048,177,2223,509,20207
POA3194,5,42,0,42,..,17,7,19,0,19,..,61,19,86,5,90,..,27,0,29,0,29,..,216,25,241,3,246,..,2268,338,2610,24,2636,..,33,7,38,317,356,10229,2301,342,2646,350,13221
POA3195,10,175,0,179,..,58,9,63,0,63,..,180,23,202,0,202,..,266,57,322,5,321,..,599,48,658,14,667,..,5905,807,6708,58,6766,..,120,6,126,887,1012,29578,6020,808,6837,945,37364
POA3196,8,43,0,43,..,54,12,65,0,63,..,63,11,75,0,71,..,69,16,87,0,84,..,464,55,520,8,530,..,3172,343,3512,48,3559,..,81,11,88,987,1081,22237,3248,351,3598,1036,26876
POA3197,0,15,0,15,..,36,5,44,0,44,..,43,9,47,0,47,..,64,14,76,0,76,..,189,26,212,0,214,..,1613,251,1862,18,1881,..,38,3,38,324,355,9794,1650,251,1902,337,12032
POA3198,0,17,0,17,..,54,10,66,0,66,..,46,3,50,0,48,..,18,4,19,0,19,..,238,37,275,8,278,..,1417,206,1622,24,1649,..,66,0,64,933,998,14571,1485,205,1692,959,17215
POA3199,4,42,0,46,..,117,15,125,0,126,..,30,5,29,0,29,..,87,20,105,0,105,..,871,137,1009,24,1030,..,5333,799,6137,59,6199,..,214,16,229,3104,3334,46599,5550,816,6368,3162,56127
POA3200,0,6,0,6,..,9,4,12,0,12,..,10,0,13,0,13,..,8,0,10,0,10,..,125,23,151,0,154,..,527,104,631,13,649,..,19,3,21,589,610,4450,547,102,652,604,5711
POA3201,15,185,0,190,..,44,13,54,0,54,..,35,11,48,0,48,..,86,21,105,0,104,..,541,86,629,15,643,..,3311,453,3767,54,3821,..,99,14,108,881,993,17168,3413,463,3873,937,21976
POA3202,0,12,0,12,..,0,0,0,0,0,..,9,0,9,0,9,..,13,0,14,0,14,..,95,14,112,0,112,..,771,92,854,0,854,..,13,9,18,130,142,1827,780,94,872,130,2826
POA3204,4,160,0,156,..,71,9,83,0,84,..,45,5,54,0,54,..,251,36,292,0,290,..,964,76,1036,19,1055,..,9245,1422,10667,88,10756,..,136,22,155,904,1058,21315,9383,1442,10820,988,33130
POA3205,0,25,0,25,..,44,9,47,0,47,..,34,15,48,0,48,..,78,20,102,0,102,..,274,53,326,6,343,..,2323,396,2720,36,2757,..,50,3,51,625,676,8119,2372,403,2771,657,11548
POA3206,0,10,0,10,..,4,0,4,0,4,..,3,0,3,0,3,..,45,3,48,0,48,..,164,17,180,4,188,..,1552,237,1793,17,1805,..,36,9,42,290,333,7910,1590,243,1832,302,10043
POA3207,0,25,0,27,..,39,0,37,0,37,..,54,17,69,0,69,..,91,27,121,0,121,..,396,52,449,7,454,..,3165,426,3594,33,3622,..,55,10,57,1058,1111,12895,3215,434,3655,1089,17633
POA3211,0,0,0,0,..,6,0,6,0,6,..,0,0,0,0,0,..,5,0,8,0,8,..,28,0,32,0,32,..,163,22,177,0,177,..,3,0,7,134,138,1036,164,19,187,134,1353
POA3212,5,22,0,22,..,46,10,56,0,56,..,27,0,27,0,27,..,79,47,127,0,129,..,252,36,283,11,300,..,1846,217,2062,33,2095,..,49,4,55,1692,1748,15429,1895,226,2115,1728,19272
POA3213,0,3,0,3,..,5,3,9,0,9,..,24,0,27,0,27,..,32,11,43,0,43,..,169,45,204,0,208,..,756,113,870,6,873,..,14,4,17,197,211,3670,769,115,886,198,4753
POA3214,13,107,0,107,..,40,16,55,4,58,..,73,27,103,0,103,..,119,76,194,3,196,..,1473,762,2238,22,2258,..,3928,1338,5269,61,5327,..,119,36,159,2110,2263,16905,4049,1375,5428,2167,24500
POA3215,12,71,0,72,..,53,8,66,0,65,..,33,14,46,0,46,..,51,22,75,0,75,..,643,160,804,10,818,..,4133,894,5029,46,5074,..,87,19,106,889,996,15926,4217,921,5137,934,21994
POA3216,0,129,0,129,..,78,16,95,0,94,..,39,0,40,0,40,..,142,25,168,7,177,..,821,91,914,30,938,..,6323,573,6901,75,6975,..,200,21,221,2013,2230,50917,6528,590,7118,2087,60123
POA3217,0,20,0,20,..,23,5,29,0,29,..,14,3,17,0,17,..,49,8,60,0,60,..,397,64,462,10,468,..,2575,261,2831,39,2878,..,52,3,61,684,742,16872,2632,263,2891,729,20499
POA3218,0,25,0,30,..,10,4,13,0,13,..,9,0,9,0,9,..,32,0,34,0,34,..,204,28,230,11,241,..,1415,175,1590,26,1620,..,28,3,37,498,537,12794,1445,186,1631,524,14942
POA3219,9,20,0,26,..,28,8,38,0,38,..,5,3,9,0,9,..,31,18,51,0,50,..,283,53,333,7,345,..,1481,208,1690,22,1715,..,40,3,47,1185,1230,17364,1528,211,1736,1208,20309
POA3220,0,45,0,45,..,16,4,21,0,21,..,18,0,18,0,18,..,43,7,46,3,48,..,221,18,241,7,248,..,1788,159,1949,25,1975,..,28,0,25,677,704,14589,1818,162,1980,699,17270
POA3221,0,0,0,0,..,0,0,0,0,0,..,0,0,0,0,0,..,0,0,0,0,0,..,5,0,5,0,5,..,17,0,17,0,17,..,0,0,0,34,34,755,17,0,17,34,801
POA3222,0,5,0,5,..,23,0,24,0,24,..,7,0,11,0,11,..,13,0,13,0,13,..,171,19,184,5,195,..,772,81,851,12,871,..,50,6,51,620,667,17046,820,80,905,633,18576
POA3223,0,0,0,0,..,7,0,7,0,7,..,3,0,3,0,3,..,9,0,9,0,9,..,140,8,144,0,146,..,566,77,647,10,653,..,24,0,24,696,717,8160,588,77,672,706,9536
POA3224,0,5,0,5,..,14,0,14,0,14,..,25,0,25,0,25,..,20,8,33,0,33,..,158,13,171,0,171,..,866,97,966,13,980,..,29,3,29,690,724,13395,897,99,1002,702,15101
POA3225,0,0,0,0,..,7,0,7,0,7,..,0,0,0,0,0,..,0,0,0,0,0,..,35,0,35,0,34,..,177,15,189,0,192,..,6,0,6,315,322,4894,185,15,197,320,5408
POA3226,0,0,0,0,..,5,0,11,0,11,..,6,0,6,0,6,..,9,0,12,0,8,..,124,0,131,4,132,..,551,27,582,18,604,..,20,3,27,671,701,16420,572,35,611,689,17714
POA3227,0,0,0,0,..,0,0,0,0,0,..,0,0,0,0,0,..,5,0,5,0,5,..,21,0,20,4,23,..,80,0,86,4,87,..,9,0,9,337,348,5023,90,0,93,341,5459
POA3228,0,0,0,0,..,14,0,13,0,13,..,3,0,3,0,3,..,10,0,11,0,13,..,210,24,235,8,241,..,1014,69,1084,23,1104,..,49,3,55,1022,1073,21999,1060,75,1138,1037,24181
POA3230,0,0,0,0,..,0,0,0,0,0,..,0,0,0,0,0,..,0,0,0,0,0,..,29,4,29,0,29,..,97,8,105,5,109,..,0,0,0,186,186,2909,103,8,110,189,3208
POA3231,0,0,0,0,..,0,0,0,0,0,..,0,0,0,0,0,..,0,0,0,0,0,..,3,0,4,0,7,..,41,3,42,5,48,..,3,0,3,109,112,1413,40,3,44,113,1571
POA3232,0,0,0,0,..,0,0,0,0,0,..,0,0,0,0,0,..,4,0,4,0,4,..,10,0,10,0,10,..,98,12,111,0,116,..,0,0,0,128,126,1086,106,12,110,131,1327
POA3233,0,0,0,0,..,0,0,0,0,0,..,5,0,5,0,5,..,0,0,0,0,0,..,30,0,31,0,31,..,179,17,201,0,204,..,4,0,4,233,239,1926,189,17,203,235,2363
POA3234,0,0,0,0,..,0,0,0,0,0,..,0,0,0,0,0,..,0,0,0,0,0,..,3,0,3,0,3,..,10,0,10,0,10,..,0,0,0,18,18,207,10,0,10,18,237
POA3235,0,0,0,0,..,0,0,0,0,0,..,0,0,0,0,0,..,0,0,0,0,0,..,5,0,5,0,5,..,26,4,23,0,23,..,0,0,0,70,70,421,26,4,23,70,515
POA3236,0,0,0,0,..,0,0,0,0,0,..,0,0,0,0,0,..,0,0,0,0,0,..,0,0,0,0,0,..,10,0,10,0,10,..,0,0,0,40,40,211,10,0,10,38,257
POA3237,0,0,0,0,..,0,0,0,0,0,..,0,0,0,0,0,..,0,0,0,0,0,..,3,0,3,0,3,..,17,0,17,4,17,..,0,0,0,53,53,203,17,0,17,53,276
POA3238,0,0,0,0,..,0,0,0,0,0,..,0,0,0,0,0,..,0,0,0,0,0,..,0,0,0,0,0,..,11,0,11,0,11,..,0,0,0,21,21,216,11,0,11,21,251
POA3239,0,0,0,0,..,0,0,0,0,0,..,0,0,0,0,0,..,0,0,0,0,0,..,4,0,4,0,6,..,9,0,9,0,16,..,0,0,0,52,52,425,9,0,9,50,491
POA3240,0,0,0,0,..,0,0,0,0,0,..,0,0,0,0,0,..,0,0,0,0,0,..,5,0,5,0,5,..,33,3,34,0,34,..,0,0,0,70,68,2060,33,3,36,70,2169
POA3241,0,0,0,0,..,0,0,0,0,0,..,0,0,0,0,0,..,0,0,6,0,6,..,7,0,7,0,7,..,65,4,71,0,76,..,8,3,11,210,225,2769,81,6,86,216,3072
POA3242,0,0,0,0,..,0,0,0,0,0,..,0,0,0,0,0,..,0,0,0,0,0,..,0,0,0,0,0,..,12,0,12,0,12,..,0,0,0,50,50,879,12,0,9,50,942
POA3243,0,0,0,0,..,0,0,0,0,0,..,0,0,0,0,0,..,0,0,0,0,0,..,10,0,10,0,10,..,10,0,10,0,10,..,0,0,0,40,40,348,10,0,10,40,392
POA3249,0,0,0,0,..,0,0,0,0,0,..,0,0,0,0,0,..,0,0,0,0,0,..,13,4,13,0,13,..,60,3,66,0,66,..,4,0,4,211,217,3087,60,3,69,210,3368
POA3250,0,8,0,8,..,13,3,16,0,18,..,0,0,0,0,0,..,13,6,19,0,19,..,141,35,172,12,182,..,640,268,914,14,932,..,29,3,35,599,630,11195,674,274,949,612,12756
POA3251,0,0,0,0,..,0,0,0,0,0,..,0,0,0,0,0,..,0,0,0,0,0,..,7,0,7,0,7,..,12,0,12,0,12,..,0,0,0,34,34,484,12,0,12,34,524
POA3254,0,0,0,0,..,0,0,0,0,0,..,0,0,0,0,0,..,0,4,3,0,3,..,0,0,0,0,0,..,3,4,9,0,9,..,0,0,0,41,41,310,3,4,9,41,358
POA3260,0,0,0,0,..,0,0,0,0,0,..,3,0,3,0,3,..,5,0,3,0,3,..,8,3,12,0,12,..,98,13,112,0,112,..,6,0,6,338,348,4348,104,13,120,338,4801
POA3264,0,0,0,0,..,0,0,3,0,3,..,0,0,0,0,0,..,0,0,0,0,0,..,3,0,3,0,3,..,48,6,53,0,54,..,8,0,5,122,129,2069,52,8,63,126,2254
POA3265,0,0,0,0,..,0,0,0,0,0,..,0,0,0,0,0,..,0,0,0,0,0,..,17,4,21,0,20,..,71,7,74,3,81,..,5,0,5,206,219,2529,75,7,85,214,2827
POA3266,0,0,0,0,..,3,3,3,0,3,..,0,0,0,0,0,..,0,0,0,0,0,..,9,0,9,0,9,..,42,9,52,0,52,..,8,0,8,206,216,2781,52,9,61,206,3047
POA3267,0,0,0,0,..,0,0,0,0,0,..,0,0,0,0,0,..,0,0,0,0,0,..,0,0,0,0,0,..,4,0,8,0,8,..,0,0,0,8,10,197,8,0,9,8,214
POA3268,0,0,0,0,..,0,0,0,0,0,..,0,0,0,0,0,..,0,0,0,0,0,..,18,5,19,3,25,..,98,7,102,0,109,..,4,0,4,162,165,2278,99,7,107,167,2552
POA3269,0,0,0,0,..,0,0,0,0,0,..,0,0,0,0,0,..,0,0,0,0,0,..,5,0,5,0,5,..,33,0,34,0,34,..,5,0,5,40,47,600,31,0,33,40,676
POA3270,0,0,0,0,..,0,0,0,0,0,..,0,0,0,0,0,..,0,0,0,0,0,..,5,0,3,0,3,..,14,0,14,0,14,..,0,0,0,13,15,297,13,0,11,13,322
POA3271,0,0,0,0,..,0,0,0,0,0,..,0,0,0,0,0,..,0,0,0,0,0,..,0,0,0,0,0,..,0,0,0,0,0,..,0,0,0,35,35,150,0,0,0,35,188
POA3272,0,0,0,0,..,0,0,0,0,0,..,0,0,0,0,0,..,0,0,0,0,0,..,11,0,13,0,13,..,41,0,40,0,39,..,4,0,4,104,109,1488,41,0,46,108,1641
POA3273,0,0,0,0,..,0,0,0,0,0,..,0,0,0,0,0,..,0,0,0,0,0,..,0,0,0,0,0,..,0,0,0,0,0,..,0,0,0,12,12,124,0,0,0,12,130
POA3274,0,0,0,0,..,0,0,0,0,0,..,0,0,0,0,0,..,0,0,0,0,0,..,0,0,0,0,0,..,0,0,0,0,0,..,0,0,0,21,21,233,0,0,0,21,256
POA3275,0,0,0,0,..,0,0,0,0,0,..,0,0,0,0,0,..,0,0,0,0,0,..,0,0,0,0,0,..,4,0,4,0,4,..,9,0,9,35,43,441,5,0,5,35,490
POA3276,0,0,0,0,..,0,0,0,0,0,..,0,0,0,0,0,..,0,0,0,0,0,..,3,0,3,0,3,..,4,0,4,0,4,..,0,0,0,22,27,407,8,0,8,22,437
POA3277,0,0,0,0,..,0,0,0,0,0,..,0,0,0,0,0,..,0,0,0,0,0,..,3,0,6,0,6,..,26,0,28,0,28,..,0,0,4,113,119,1673,29,5,32,113,1820
POA3278,0,0,0,0,..,0,0,0,0,0,..,0,0,0,0,0,..,0,0,0,0,0,..,4,0,4,0,4,..,0,0,0,0,0,..,0,0,0,21,21,320,0,0,0,21,343
POA3279,0,0,0,0,..,0,0,0,0,0,..,0,0,0,0,0,..,0,0,0,0,0,..,0,0,0,0,0,..,3,0,3,0,3,..,0,0,0,20,24,275,5,0,5,20,300
POA3280,6,28,0,28,..,51,15,73,0,73,..,8,0,10,4,16,..,69,54,123,0,124,..,247,36,284,13,296,..,1509,311,1824,42,1869,..,95,8,106,1788,1894,29535,1610,319,1935,1828,33298
POA3281,0,0,0,0,..,0,0,0,0,0,..,0,0,0,0,0,..,0,0,0,0,0,..,10,0,10,0,10,..,30,0,30,0,30,..,5,0,5,49,56,1775,34,0,34,49,1857
POA3282,0,0,0,0,..,6,0,9,0,9,..,0,0,0,0,0,..,0,0,0,0,0,..,8,4,9,0,13,..,49,6,56,3,57,..,5,0,5,118,123,2305,55,6,64,120,2488
POA3283,0,0,0,0,..,0,0,0,0,0,..,0,0,0,0,0,..,0,0,0,0,0,..,7,0,7,0,7,..,23,0,21,0,21,..,3,0,3,72,72,1331,23,0,28,72,1423
POA3284,0,0,0,0,..,0,0,0,0,0,..,4,0,4,0,4,..,7,0,7,0,7,..,8,0,10,0,10,..,73,4,81,0,81,..,4,0,4,252,257,3524,81,4,87,252,3860
POA3285,0,0,0,0,..,0,0,0,0,0,..,0,0,0,0,0,..,0,0,0,0,0,..,9,0,5,0,6,..,26,0,26,0,24,..,3,5,8,80,87,1144,27,3,29,78,1255
POA3286,0,0,0,0,..,0,0,0,0,0,..,0,0,0,0,0,..,0,0,0,0,0,..,0,0,0,0,0,..,10,4,11,0,11,..,0,0,0,24,24,494,10,4,11,24,532
POA3287,0,0,0,0,..,0,0,0,0,0,..,0,0,0,0,0,..,0,0,0,0,0,..,3,4,8,0,8,..,16,4,19,0,19,..,0,0,0,21,21,381,16,4,19,21,418
POA3289,0,0,0,0,..,0,0,0,0,0,..,0,0,0,0,0,..,0,0,0,0,0,..,4,0,8,0,8,..,18,0,20,0,21,..,0,0,0,38,39,751,18,0,16,39,804
POA3292,0,0,0,0,..,0,0,0,0,0,..,0,0,0,0,0,..,0,0,0,0,0,..,0,0,0,0,0,..,7,0,7,0,7,..,0,0,0,23,23,166,7,0,7,23,191
POA3293,0,0,0,0,..,0,0,0,0,0,..,0,0,0,0,0,..,0,0,0,0,0,..,0,0,0,0,0,..,5,0,5,0,5,..,0,0,0,17,17,317,3,0,3,17,336
POA3294,0,0,0,0,..,0,0,0,0,0,..,0,0,0,0,0,..,0,0,0,0,0,..,6,0,6,0,6,..,27,0,25,0,25,..,0,0,0,62,67,877,24,0,27,64,967
POA3300,0,0,0,0,..,14,7,21,0,21,..,0,0,0,0,0,..,11,0,8,0,8,..,55,13,69,3,75,..,334,35,372,10,384,..,23,0,26,556,580,9518,355,43,394,565,10479
POA3301,0,0,0,0,..,3,0,3,0,3,..,0,0,0,0,0,..,0,0,0,0,0,..,3,0,3,0,3,..,16,4,16,0,22,..,0,0,0,68,71,1178,18,4,19,67,1267
POA3302,0,0,0,0,..,0,0,0,0,0,..,0,0,0,0,0,..,0,0,0,0,0,..,5,0,5,0,5,..,3,0,3,0,3,..,0,0,0,24,24,325,3,0,3,24,356
POA3303,0,0,0,0,..,0,0,0,0,0,..,0,0,0,0,0,..,0,0,0,0,0,..,0,0,0,0,0,..,4,0,4,0,4,..,0,0,0,22,23,252,8,0,8,22,282
POA3304,0,0,0,0,..,0,0,0,0,0,..,0,0,0,0,0,..,6,0,5,0,5,..,20,4,20,0,17,..,40,9,48,0,49,..,3,0,3,278,281,2456,43,9,53,277,2786
POA3305,0,4,0,4,..,20,0,22,0,22,..,0,0,0,0,0,..,11,5,17,0,13,..,68,11,81,0,81,..,391,25,425,6,423,..,35,3,34,799,834,12080,429,31,457,804,13344
POA3309,0,0,0,0,..,0,0,0,0,0,..,0,0,0,0,0,..,0,0,0,0,0,..,0,0,0,0,0,..,3,0,3,0,3,..,0,0,0,11,11,114,3,0,3,11,122
POA3310,0,0,0,0,..,0,0,0,0,0,..,0,0,0,0,0,..,0,0,0,0,0,..,0,0,0,0,0,..,0,0,0,3,3,..,0,0,0,16,16,246,0,0,0,20,263
POA3311,0,0,0,0,..,0,0,4,0,4,..,0,0,0,0,0,..,0,0,0,0,0,..,11,0,11,0,8,..,61,3,65,0,67,..,5,0,5,104,108,1530,71,3,71,105,1707
POA3312,0,0,0,0,..,0,0,0,0,0,..,0,0,0,0,0,..,0,0,0,0,0,..,0,0,0,0,0,..,13,4,12,0,12,..,3,0,3,79,81,927,10,4,15,79,1023
POA3314,0,0,0,0,..,0,0,0,0,0,..,0,0,0,0,0,..,0,0,0,0,0,..,0,0,0,0,0,..,0,0,0,0,0,..,0,0,0,37,39,529,0,0,0,37,569
POA3315,0,0,0,0,..,4,0,4,0,4,..,0,0,0,0,0,..,0,0,0,0,0,..,6,0,6,0,6,..,42,0,44,0,44,..,5,0,5,128,134,1509,46,0,51,128,1686
POA3317,0,0,0,0,..,0,0,0,0,0,..,0,0,0,0,0,..,0,0,0,0,0,..,0,0,0,0,0,..,4,0,4,0,4,..,0,0,0,10,10,174,4,0,4,10,184
POA3318,0,0,0,0,..,0,0,0,0,0,..,0,0,0,0,0,..,4,0,4,0,4,..,3,0,3,0,3,..,41,5,46,0,45,..,3,0,3,92,97,1104,47,5,48,95,1243
POA3319,0,0,0,0,..,0,0,0,0,0,..,0,0,0,0,0,..,0,0,0,0,0,..,0,0,0,0,0,..,4,0,4,0,4,..,0,0,0,63,63,342,4,0,4,63,410
POA3321,0,0,0,0,..,6,0,5,0,4,..,0,0,0,0,0,..,6,0,0,0,0,..,14,0,15,0,17,..,50,5,54,0,50,..,0,0,0,74,75,1655,47,5,52,80,1780
POA3322,0,0,0,0,..,0,0,0,0,0,..,0,0,0,0,0,..,0,0,0,0,0,..,0,0,0,0,0,..,9,0,6,0,6,..,0,0,0,9,9,162,9,0,6,9,176
POA3323,0,0,0,0,..,0,0,0,0,0,..,0,0,0,0,0,..,0,0,0,0,0,..,0,0,0,0,0,..,0,0,0,0,0,..,4,0,4,3,5,83,3,0,3,3,91
POA3324,0,0,0,0,..,0,0,0,0,0,..,0,0,0,0,0,..,0,0,0,0,0,..,3,0,3,0,3,..,14,0,14,0,14,..,3,0,3,42,52,518,13,0,13,42,577
POA3325,0,0,0,0,..,0,0,0,0,0,..,0,0,0,0,0,..,0,0,0,0,0,..,10,0,10,0,10,..,16,0,16,0,16,..,0,0,0,37,35,407,15,0,15,37,456
POA3328,0,0,0,0,..,0,0,0,0,0,..,5,0,5,0,5,..,0,0,0,0,0,..,15,4,16,0,17,..,52,9,58,0,62,..,0,0,0,103,104,2141,56,9,63,106,2308
POA3329,0,0,0,0,..,0,0,0,0,0,..,0,0,0,0,0,..,0,0,0,0,0,..,3,0,3,0,3,..,5,0,11,0,11,..,0,0,0,5,5,294,5,0,11,5,309
POA3330,0,0,0,0,..,0,0,0,0,0,..,0,0,0,0,0,..,0,0,0,0,0,..,6,0,8,0,8,..,6,4,6,0,6,..,0,0,0,20,20,181,6,4,6,20,208
POA3331,0,0,0,0,..,7,0,9,0,9,..,0,0,0,0,0,..,11,3,11,0,11,..,54,13,72,0,73,..,222,27,250,3,251,..,11,5,17,256,277,6672,233,31,265,262,7202
POA3332,0,0,0,0,..,4,0,4,0,4,..,0,0,0,0,0,..,0,0,0,0,0,..,18,0,21,0,21,..,34,3,42,0,42,..,0,0,0,74,72,1057,40,3,46,74,1181
POA3333,0,0,0,0,..,0,0,0,0,0,..,0,0,0,0,0,..,0,0,0,0,0,..,7,0,7,0,7,..,20,0,24,0,24,..,4,0,4,54,61,788,20,0,26,54,864
POA3334,0,0,0,0,..,0,0,0,0,0,..,0,0,0,0,0,..,0,0,0,0,0,..,0,0,0,0,0,..,12,0,12,0,12,..,0,0,0,72,75,459,12,0,12,72,544
POA3335,13,92,0,91,..,11,0,18,0,18,..,34,5,43,0,43,..,94,39,140,0,140,..,571,82,658,16,676,..,2777,326,3101,59,3160,..,30,11,39,378,415,2616,2812,332,3149,435,6195
POA3336,25,232,4,229,..,28,0,29,0,28,..,136,15,152,0,151,..,316,116,432,9,438,..,1385,188,1574,26,1599,..,9133,924,10059,124,10185,..,108,18,129,603,726,6829,9243,944,10188,720,17737
POA3337,19,103,0,104,..,64,12,79,0,79,..,195,27,220,4,226,..,288,150,442,0,445,..,2223,455,2681,52,2728,..,8460,1360,9822,120,9939,..,235,40,273,2584,2857,27925,8696,1399,10091,2703,40724
POA3338,26,261,6,270,..,58,12,65,0,65,..,84,12,96,5,95,..,197,98,293,5,297,..,2579,656,3238,56,3291,..,11658,1751,13407,204,13613,..,260,93,352,2259,2616,20834,11920,1844,13763,2464,37062
POA3340,4,46,0,46,..,18,0,19,0,19,..,21,5,21,0,21,..,47,12,57,0,60,..,467,49,514,9,531,..,2207,225,2435,30,2469,..,76,8,86,1074,1155,21989,2282,237,2516,1108,25614
POA3341,0,0,0,0,..,0,0,0,0,0,..,0,0,0,0,0,..,3,0,3,0,3,..,27,6,26,0,26,..,51,5,53,0,53,..,3,0,3,82,87,1506,53,5,58,82,1644
POA3342,0,5,0,5,..,0,0,0,0,0,..,0,0,0,0,0,..,0,0,0,4,4,..,33,5,36,0,36,..,132,13,146,5,151,..,0,0,4,168,171,3619,135,14,152,174,3946
POA3345,0,0,0,0,..,0,0,0,0,0,..,0,0,0,0,0,..,5,0,5,0,5,..,19,0,20,0,20,..,62,9,70,0,70,..,3,0,3,71,75,1245,66,9,70,71,1393
POA3350,4,113,3,114,..,77,7,87,0,90,..,18,3,17,0,17,..,105,10,121,0,121,..,702,64,770,31,798,..,4788,463,5247,73,5318,..,170,11,181,2920,3099,57592,4955,478,5431,2992,66022
POA3351,0,0,0,0,..,3,0,3,0,3,..,0,0,0,0,0,..,4,0,4,0,4,..,77,9,84,0,87,..,248,17,270,0,276,..,17,0,17,508,526,8307,266,17,289,511,9106
POA3352,0,9,0,9,..,16,0,16,0,16,..,0,0,0,0,0,..,6,5,13,0,13,..,141,21,158,8,164,..,644,53,699,16,717,..,49,0,48,1152,1199,17002,693,57,750,1168,18922
POA3355,0,12,0,12,..,15,0,15,0,15,..,0,0,0,0,0,..,29,5,33,0,33,..,97,22,119,7,125,..,720,109,826,16,845,..,43,10,55,819,873,11344,761,116,880,830,13059
POA3356,0,4,0,4,..,16,9,19,0,20,..,0,0,0,0,0,..,19,4,20,0,20,..,162,13,173,0,173,..,716,84,798,8,804,..,55,11,64,957,1016,13775,770,88,858,966,15601
POA3357,0,0,0,0,..,0,0,0,0,0,..,0,0,0,0,0,..,0,0,0,0,0,..,20,0,22,0,22,..,80,5,84,0,83,..,4,0,4,132,138,3573,84,5,91,134,3797
POA3358,0,4,0,4,..,3,0,3,0,3,..,0,0,0,0,0,..,7,0,7,0,7,..,43,3,46,0,49,..,302,32,331,6,339,..,12,0,12,82,96,3013,312,32,338,88,3440
POA3360,0,0,0,0,..,0,0,0,0,0,..,0,0,0,0,0,..,0,0,0,0,0,..,3,0,3,0,3,..,5,0,5,0,7,..,3,0,3,36,43,758,9,0,9,37,803
POA3361,0,0,0,0,..,0,0,0,0,0,..,0,0,0,0,0,..,0,0,0,0,0,..,0,0,0,0,0,..,6,4,8,0,8,..,9,0,9,64,69,616,13,4,12,64,695
POA3363,0,0,0,0,..,3,0,3,0,3,..,0,0,0,0,0,..,3,0,5,0,5,..,20,0,20,0,20,..,106,13,118,0,118,..,7,0,9,318,324,3161,112,13,121,318,3598
POA3364,0,0,0,0,..,4,0,4,0,4,..,0,0,0,0,0,..,0,0,0,0,0,..,12,0,17,0,17,..,58,7,66,0,66,..,9,0,9,173,178,2030,63,7,75,173,2272
POA3370,0,0,0,0,..,0,0,0,0,0,..,0,0,0,0,0,..,0,0,0,0,0,..,16,0,21,0,21,..,52,6,60,0,60,..,0,0,0,117,117,1722,52,6,59,117,1900
POA3371,0,0,0,0,..,3,0,3,0,3,..,0,0,0,0,0,..,0,0,0,0,0,..,8,0,8,0,8,..,20,3,22,0,22,..,0,0,0,161,161,905,20,3,22,161,1090
POA3373,0,0,0,0,..,3,0,3,0,3,..,0,0,0,0,0,..,4,0,3,0,3,..,19,3,24,0,24,..,53,10,61,0,61,..,0,0,0,186,185,2206,56,10,60,185,2453
POA3374,0,0,0,0,..,0,0,0,0,0,..,0,0,0,0,0,..,0,0,0,0,0,..,3,0,3,0,3,..,17,0,17,0,17,..,0,0,0,28,28,380,17,0,17,28,425
POA3375,0,0,0,0,..,0,0,0,0,0,..,0,0,0,0,0,..,0,0,0,0,0,..,0,0,0,0,0,..,8,0,8,0,8,..,0,0,0,3,3,228,8,0,8,3,236
POA3377,0,3,0,3,..,5,0,5,0,5,..,6,0,5,0,5,..,18,4,20,0,20,..,87,10,100,5,98,..,456,77,538,8,542,..,23,0,19,1231,1251,7807,479,82,560,1230,9602
POA3378,0,0,0,0,..,0,0,0,0,0,..,0,0,0,0,0,..,0,0,0,0,0,..,0,0,0,0,0,..,0,0,0,0,0,..,0,0,0,14,14,130,0,0,0,14,140
POA3379,0,0,0,0,..,0,0,0,0,0,..,0,0,0,0,0,..,0,0,0,0,0,..,5,3,4,0,4,..,12,3,13,0,13,..,4,0,4,62,64,671,12,3,12,62,749
POA3380,0,15,0,15,..,3,0,3,0,3,..,0,0,0,0,0,..,5,0,5,0,5,..,100,12,117,0,116,..,376,100,477,0,485,..,17,4,20,521,535,5199,393,105,498,520,6220
POA3381,0,0,0,0,..,5,0,5,0,5,..,0,0,0,0,0,..,0,0,0,0,0,..,24,0,24,0,24,..,65,0,66,4,68,..,3,0,3,166,170,1157,66,0,68,171,1401
POA3384,0,0,0,0,..,0,0,0,0,0,..,0,0,0,0,0,..,0,0,0,0,0,..,0,0,0,0,0,..,12,4,19,0,19,..,6,0,6,55,61,534,16,4,23,55,608
POA3385,0,0,0,0,..,0,0,0,0,0,..,0,0,0,0,0,..,0,0,0,0,0,..,0,0,0,0,0,..,6,0,8,0,8,..,3,0,3,47,47,485,8,0,4,47,541
POA3387,0,0,0,0,..,0,0,0,0,0,..,0,0,0,0,0,..,0,0,0,0,0,..,0,0,0,0,0,..,8,0,8,0,8,..,0,0,0,8,8,270,8,0,8,8,289
POA3388,0,0,0,0,..,0,0,0,0,0,..,0,0,0,0,0,..,0,0,0,0,0,..,10,3,16,0,16,..,31,6,39,0,41,..,0,0,0,32,36,491,32,6,40,36,567
POA3390,0,0,0,0,..,0,0,0,0,0,..,0,0,0,0,0,..,0,0,0,0,0,..,5,0,5,0,5,..,16,0,16,0,16,..,0,0,0,52,49,886,17,0,17,52,957
POA3391,0,0,0,0,..,0,0,0,0,0,..,0,0,0,0,0,..,0,0,0,0,0,..,3,0,6,0,6,..,12,0,14,0,14,..,0,0,0,18,18,151,12,0,14,18,181
POA3392,0,0,0,0,..,5,0,5,3,4,..,0,0,0,0,0,..,0,0,0,0,0,..,9,4,10,0,10,..,13,4,16,3,19,..,0,0,0,41,45,527,21,4,24,42,584
POA3393,0,0,0,0,..,0,0,0,0,0,..,0,0,0,0,0,..,0,0,0,0,0,..,9,0,9,0,9,..,56,4,62,0,64,..,4,0,4,229,232,2321,59,4,64,230,2614
POA3395,0,0,0,0,..,0,0,0,0,0,..,0,0,0,0,0,..,0,0,0,0,0,..,0,0,3,0,3,..,0,0,3,0,3,..,0,0,0,15,15,334,0,0,3,15,350
POA3396,0,0,0,0,..,0,0,0,0,0,..,0,0,0,0,0,..,0,0,0,0,0,..,3,5,0,0,0,..,17,5,23,0,25,..,0,0,0,34,34,633,17,5,23,34,694
POA3400,4,11,0,13,..,8,0,9,0,9,..,11,0,20,0,15,..,19,0,19,0,19,..,122,56,184,7,186,..,758,104,858,14,872,..,33,8,49,781,828,13433,790,110,905,796,15134
POA3401,0,0,0,0,..,0,0,0,0,0,..,0,0,0,0,0,..,0,0,0,0,0,..,24,9,30,0,30,..,59,9,68,0,68,..,4,0,4,250,256,4267,64,10,73,250,4596
POA3407,0,0,0,0,..,0,0,0,0,0,..,0,0,0,0,0,..,0,0,0,0,0,..,0,0,0,0,0,..,5,0,5,0,5,..,0,0,0,20,27,384,7,0,7,20,416
POA3409,0,0,0,0,..,0,0,0,0,0,..,0,0,0,0,0,..,0,0,0,0,0,..,4,0,4,0,6,..,18,0,22,0,20,..,5,0,5,57,58,909,20,0,21,57,987
POA3412,0,0,0,0,..,0,0,0,0,0,..,0,0,0,0,0,..,0,0,0,0,0,..,0,0,0,0,5,..,0,0,0,0,5,..,0,0,0,16,16,279,0,0,0,15,295
POA3413,0,0,0,0,..,0,0,0,0,0,..,0,0,0,0,0,..,0,0,0,0,0,..,0,0,0,0,0,..,6,0,8,0,8,..,0,0,0,19,19,173,6,0,8,19,196
POA3414,0,0,0,0,..,0,0,0,0,0,..,0,0,0,0,0,..,0,0,0,0,0,..,17,0,17,0,17,..,28,0,33,0,33,..,0,0,0,89,88,1593,31,0,33,89,1719
POA3415,0,0,0,0,..,0,0,0,0,0,..,0,0,0,0,0,..,0,0,0,0,0,..,0,0,0,0,0,..,0,0,0,0,0,..,0,0,0,0,0,36,0,0,0,0,36
POA3418,0,5,0,5,..,0,0,3,0,3,..,0,0,0,0,0,..,9,6,5,0,9,..,120,115,233,6,235,..,206,118,326,6,331,..,14,4,23,181,198,2347,222,126,348,188,2875
POA3419,0,0,0,0,..,0,0,0,0,0,..,0,0,0,0,0,..,0,0,0,0,0,..,4,0,4,0,4,..,21,0,18,0,18,..,0,0,0,45,45,829,21,0,18,45,891
POA3420,0,0,0,0,..,0,0,0,0,0,..,0,0,0,0,0,..,0,0,0,0,0,..,0,0,0,0,0,..,3,0,3,0,3,..,0,0,0,23,25,258,3,0,6,23,283
POA3423,0,0,0,0,..,0,0,0,0,0,..,0,0,0,0,0,..,0,0,0,0,0,..,5,0,5,0,5,..,12,0,12,0,13,..,0,0,0,38,43,412,15,0,14,42,476
POA3424,0,0,0,0,..,0,0,0,0,0,..,0,0,0,0,0,..,4,0,3,0,3,..,6,0,6,0,6,..,30,0,30,0,30,..,0,0,0,62,64,658,30,0,30,62,750
POA3427,0,13,0,13,..,15,4,25,0,25,..,16,0,15,0,15,..,21,3,30,0,28,..,135,18,157,3,163,..,1218,111,1328,22,1354,..,13,3,14,287,299,4021,1228,116,1344,306,5669
POA3428,0,0,0,0,..,0,0,0,0,0,..,10,0,7,0,7,..,0,0,0,0,0,..,41,9,45,0,45,..,147,19,164,0,164,..,0,0,0,43,44,462,146,19,166,43,668
POA3429,0,22,0,22,..,71,12,88,4,89,..,44,7,52,0,54,..,75,15,87,0,90,..,503,70,580,14,590,..,3344,351,3691,46,3738,..,99,3,105,1448,1552,33803,3441,354,3797,1491,39093
POA3430,0,0,0,0,..,0,0,0,0,0,..,5,0,5,0,5,..,0,0,0,0,0,..,5,0,5,0,5,..,31,0,34,0,34,..,0,0,0,33,33,237,31,0,34,33,303
POA3431,0,5,0,5,..,0,0,0,0,0,..,9,0,9,0,9,..,0,0,0,0,0,..,32,3,32,0,32,..,138,10,151,0,154,..,9,0,9,162,171,4069,146,10,161,163,4390
POA3432,0,0,0,0,..,0,0,0,0,0,..,0,0,0,0,0,..,0,0,0,0,0,..,0,0,0,0,0,..,10,0,10,0,10,..,0,0,0,12,12,164,10,0,10,12,185
POA3433,0,0,0,0,..,0,0,0,0,0,..,0,0,0,0,0,..,0,0,0,0,0,..,0,0,0,0,0,..,0,0,0,0,0,..,0,0,0,11,11,195,0,0,0,11,207
POA3434,0,0,0,0,..,4,0,4,0,4,..,6,0,6,0,6,..,4,0,4,0,4,..,52,0,48,0,48,..,204,19,219,3,224,..,3,0,3,270,281,5639,209,19,227,277,6143
POA3435,0,0,0,0,..,5,0,5,0,5,..,0,0,0,0,0,..,4,0,4,0,4,..,14,0,19,0,19,..,98,6,102,0,103,..,5,0,5,200,199,2920,100,6,109,200,3228
POA3437,0,3,0,3,..,9,0,9,0,9,..,22,0,21,0,21,..,12,6,13,0,13,..,102,13,113,3,115,..,567,43,614,9,622,..,24,0,24,452,479,10618,595,46,636,460,11715
POA3438,0,0,0,0,..,3,0,3,0,3,..,0,0,0,0,0,..,0,0,0,0,0,..,23,0,30,0,30,..,112,9,120,0,120,..,22,0,22,79,99,2285,134,9,141,79,2509
POA3440,0,0,0,0,..,3,0,3,0,3,..,0,0,0,0,0,..,0,0,0,0,0,..,18,3,23,0,24,..,75,5,80,0,81,..,0,0,0,99,99,1892,75,5,80,94,2073
POA3441,0,0,0,0,..,0,0,0,0,0,..,0,0,0,0,0,..,0,0,0,0,0,..,14,0,16,0,16,..,54,8,59,0,59,..,0,0,0,100,105,1287,59,8,65,100,1450
POA3442,0,0,0,0,..,3,0,3,0,3,..,0,0,0,0,0,..,4,3,6,0,6,..,90,9,102,0,103,..,353,34,387,0,395,..,11,3,14,405,417,7773,367,37,405,409,8586
POA3444,0,0,0,0,..,9,0,12,0,12,..,0,0,0,0,0,..,4,3,9,0,9,..,84,7,91,3,96,..,426,92,518,9,531,..,19,0,19,595,615,8930,444,92,533,604,10066
POA3446,0,0,0,0,..,0,0,0,0,0,..,5,0,5,0,5,..,0,0,0,0,0,..,8,0,8,0,8,..,43,3,51,0,51,..,0,0,0,65,72,988,45,3,51,65,1101
POA3447,0,0,0,0,..,0,0,0,0,0,..,0,0,0,0,0,..,0,0,0,0,0,..,6,0,6,0,6,..,16,0,16,0,16,..,4,0,4,48,53,457,19,0,19,48,524
POA3448,0,0,0,0,..,0,0,0,0,0,..,0,0,0,0,0,..,0,0,0,0,0,..,11,0,11,0,11,..,27,0,31,0,31,..,0,0,0,65,65,885,27,0,31,65,981
POA3450,0,9,0,9,..,6,0,6,0,6,..,0,0,0,0,0,..,5,0,5,0,5,..,57,15,71,0,71,..,266,29,296,4,300,..,19,0,20,1112,1132,6159,280,32,312,1117,7588
POA3451,0,0,0,0,..,5,0,5,0,5,..,0,0,0,0,0,..,4,0,4,0,4,..,44,4,49,0,49,..,178,14,191,3,194,..,22,0,22,325,351,5272,205,16,219,330,5819
POA3453,0,0,0,0,..,0,0,0,0,0,..,0,0,0,0,0,..,0,0,4,0,4,..,3,0,9,0,9,..,32,7,37,0,37,..,4,0,4,128,132,1682,35,7,41,128,1852
POA3458,0,0,0,0,..,0,0,0,0,0,..,4,0,4,0,4,..,0,0,0,0,0,..,21,3,29,0,30,..,78,11,91,3,96,..,11,0,11,187,192,2051,85,11,99,185,2330
POA3460,0,0,0,0,..,5,0,5,0,5,..,0,0,0,0,0,..,4,0,4,0,4,..,48,3,48,0,48,..,230,18,251,0,248,..,6,0,6,208,218,2340,238,18,260,210,2799
POA3461,0,0,0,0,..,11,0,11,0,11,..,0,0,0,0,0,..,9,0,11,0,11,..,50,8,56,0,54,..,252,25,274,8,278,..,14,0,14,343,360,3972,262,25,285,350,4614
POA3462,0,0,0,0,..,0,0,0,0,0,..,0,0,0,0,0,..,0,0,0,0,0,..,14,3,14,0,14,..,30,3,33,0,37,..,0,0,0,98,104,1095,28,3,36,100,1230
POA3463,0,0,0,0,..,0,0,0,0,0,..,0,0,0,0,0,..,0,0,3,0,3,..,18,0,20,0,20,..,56,5,61,0,61,..,0,0,0,151,148,2376,61,5,62,151,2588
POA3464,0,0,0,0,..,0,0,0,0,0,..,0,0,0,0,0,..,0,0,0,0,0,..,0,0,3,0,3,..,24,3,25,0,25,..,9,0,9,63,73,1100,28,3,36,63,1192
POA3465,0,0,0,0,..,4,0,4,0,4,..,6,0,6,0,6,..,4,6,8,0,8,..,57,7,68,0,66,..,297,29,321,5,325,..,38,0,39,640,681,9102,333,25,360,648,10111
POA3467,0,0,0,0,..,0,0,0,0,0,..,0,0,0,0,0,..,0,0,0,0,0,..,7,0,7,0,7,..,17,0,17,0,17,..,0,3,9,104,105,1235,15,3,23,104,1356
POA3468,0,0,0,0,..,0,0,0,0,0,..,0,0,0,0,0,..,0,0,0,0,0,..,0,0,0,0,0,..,4,0,4,4,9,..,0,0,0,16,16,245,4,0,4,17,267
POA3469,0,0,0,0,..,0,0,0,0,0,..,0,0,0,0,0,..,0,0,0,0,0,..,0,0,3,0,3,..,9,3,8,0,8,..,0,0,0,55,55,197,9,3,8,55,269
POA3472,0,0,0,0,..,0,0,0,0,0,..,0,0,0,0,0,..,0,0,0,0,0,..,13,0,13,0,13,..,29,0,26,0,26,..,0,0,0,110,113,1354,33,0,32,110,1492
POA3475,0,0,0,0,..,0,0,0,0,0,..,0,0,0,0,0,..,0,0,0,0,0,..,8,0,8,0,8,..,13,0,13,0,13,..,0,0,0,36,36,319,13,0,13,36,373
POA3477,0,0,0,0,..,0,0,0,0,0,..,0,0,0,0,0,..,0,4,4,0,4,..,5,0,3,0,3,..,12,0,16,0,16,..,5,0,5,68,72,732,14,0,23,68,817
POA3478,0,0,0,0,..,0,0,0,0,0,..,0,0,0,0,0,..,0,4,4,0,3,..,9,0,9,0,9,..,63,4,68,0,71,..,7,0,7,174,179,2333,65,4,71,175,2584
POA3480,0,0,0,0,..,6,0,8,0,8,..,0,0,0,0,0,..,0,0,0,0,0,..,10,0,13,0,13,..,63,3,68,0,75,..,10,0,10,142,148,1583,71,3,81,144,1805
POA3482,0,0,0,0,..,0,0,0,0,0,..,0,0,0,0,0,..,0,0,0,0,0,..,0,0,0,0,0,..,10,0,10,0,10,..,0,0,0,41,41,151,10,0,10,41,207
POA3483,0,0,0,0,..,0,0,0,0,0,..,0,0,0,0,0,..,0,0,0,0,0,..,8,0,8,0,8,..,35,5,37,0,44,..,0,0,0,62,62,776,35,5,37,65,882
POA3485,0,0,0,0,..,0,0,0,0,0,..,0,0,0,0,0,..,0,0,0,0,0,..,0,0,0,0,0,..,9,0,11,0,11,..,0,0,0,28,28,247,9,0,11,28,291
POA3487,0,0,0,0,..,0,0,0,0,0,..,0,0,0,0,0,..,0,0,0,0,0,..,0,0,0,0,0,..,0,0,0,0,0,..,0,0,0,8,8,68,0,0,0,8,82
POA3488,0,0,0,0,..,0,0,0,0,0,..,0,0,0,0,0,..,0,0,0,0,0,..,0,0,0,0,0,..,0,0,0,0,0,..,0,0,0,5,5,79,0,0,0,5,89
POA3489,0,0,0,0,..,0,0,0,0,0,..,0,0,0,0,0,..,0,0,0,0,0,..,0,0,0,0,0,..,0,0,0,0,0,..,0,0,0,0,0,62,0,0,0,0,62
POA3490,0,0,0,0,..,0,0,0,0,0,..,0,0,0,0,0,..,0,0,0,0,0,..,13,0,12,0,12,..,40,8,48,0,48,..,6,0,6,129,128,1115,43,8,53,129,1292
POA3491,0,0,0,0,..,0,0,0,0,0,..,0,0,0,0,0,..,0,0,0,0,0,..,0,0,0,0,0,..,0,0,0,0,0,..,0,0,0,9,11,134,0,0,0,9,149
POA3494,0,0,0,0,..,0,0,0,0,0,..,0,0,0,0,0,..,0,0,3,0,3,..,19,8,22,0,21,..,75,13,89,7,97,..,25,0,25,66,89,460,99,13,112,70,641
POA3496,0,0,0,0,..,8,20,26,0,26,..,23,7,29,0,29,..,6,7,18,0,18,..,58,11,66,0,68,..,359,119,473,4,482,..,25,0,25,488,512,5472,375,119,498,496,6464
POA3498,0,5,0,5,..,9,7,16,6,22,..,20,5,20,0,20,..,10,4,13,0,13,..,59,14,69,0,71,..,399,99,501,12,514,..,21,3,25,488,512,4952,421,104,527,494,5977
POA3500,13,75,0,81,..,47,58,105,0,106,..,227,136,367,0,367,..,180,181,364,7,372,..,860,313,1175,17,1190,..,3910,1560,5466,79,5542,..,120,35,153,2372,2522,26502,4035,1588,5624,2442,34565
POA3501,0,0,0,5,..,5,0,5,0,5,..,0,0,7,0,7,..,0,0,0,0,0,..,13,0,14,0,14,..,105,9,115,0,119,..,9,0,9,114,117,1911,109,9,116,114,2146
POA3505,0,0,0,0,..,3,7,10,0,10,..,5,7,13,0,13,..,0,3,3,0,3,..,17,3,27,3,30,..,136,52,190,3,194,..,11,0,13,468,482,4338,148,54,201,468,5010
POA3506,0,0,0,0,..,0,0,0,0,0,..,0,0,0,0,0,..,0,0,0,0,0,..,0,0,0,0,0,..,0,0,0,0,0,..,0,0,0,3,3,32,0,0,0,3,33
POA3507,0,0,0,0,..,0,0,0,0,0,..,0,0,0,0,0,..,0,0,0,0,0,..,0,0,0,0,0,..,0,0,0,0,0,..,0,0,0,37,37,135,0,0,0,37,171
POA3509,0,0,0,0,..,0,0,0,0,0,..,0,0,0,0,0,..,0,0,0,0,0,..,3,0,3,0,3,..,3,0,3,0,3,..,5,0,5,20,26,202,3,0,3,20,228
POA3512,0,0,0,0,..,0,0,3,0,3,..,0,0,0,0,0,..,0,0,0,0,0,..,0,0,0,0,0,..,14,0,12,0,12,..,0,0,0,22,22,331,14,0,12,22,369
POA3515,0,0,0,0,..,0,0,0,0,0,..,0,0,0,0,0,..,0,0,0,0,0,..,24,16,38,0,36,..,58,18,76,0,77,..,0,0,0,107,105,2333,55,18,72,107,2516
POA3516,0,0,0,0,..,0,0,0,0,0,..,0,0,0,0,0,..,0,0,0,0,0,..,0,0,0,0,0,..,5,0,5,0,5,..,0,0,0,53,53,664,7,0,7,53,722
POA3517,0,0,0,0,..,4,0,4,0,4,..,0,0,0,0,0,..,4,0,7,0,7,..,6,0,6,0,6,..,20,4,22,0,22,..,0,0,0,133,133,1340,20,4,22,133,1497
POA3518,0,0,0,0,..,0,0,0,0,0,..,0,0,0,0,0,..,0,0,0,0,0,..,8,0,9,0,9,..,31,0,31,0,29,..,8,0,8,162,165,1125,35,0,40,162,1321
POA3520,0,0,0,0,..,0,0,0,0,0,..,0,0,0,0,0,..,0,0,0,0,0,..,0,0,0,0,0,..,5,0,5,0,5,..,0,0,0,22,22,134,5,0,5,22,156
POA3521,0,0,0,0,..,0,0,0,0,0,..,0,0,0,0,0,..,0,0,0,0,0,..,0,0,0,0,0,..,21,5,25,0,25,..,0,0,0,51,57,694,21,5,31,51,772
POA3522,0,0,0,0,..,0,0,0,0,0,..,0,0,0,0,0,..,0,0,0,0,0,..,0,0,0,0,0,..,9,0,10,0,10,..,0,0,0,36,36,292,9,0,10,36,338
POA3523,0,0,0,0,..,0,0,0,0,0,..,3,3,6,0,6,..,0,0,3,0,3,..,30,4,28,0,32,..,129,20,149,0,151,..,12,0,12,462,476,3340,146,20,159,461,3965
POA3525,0,0,0,0,..,0,0,0,0,0,..,0,0,0,0,0,..,3,0,3,0,3,..,8,0,8,0,8,..,33,7,44,0,44,..,5,0,0,141,147,1184,35,11,42,141,1369
POA3527,0,0,0,0,..,0,0,0,0,0,..,6,0,3,0,3,..,0,0,0,0,0,..,4,0,4,0,4,..,21,0,23,0,23,..,0,0,0,62,62,653,21,0,23,62,741
POA3529,0,0,0,0,..,0,0,0,0,0,..,0,0,0,0,0,..,0,0,0,0,0,..,0,0,0,0,0,..,7,0,7,0,7,..,0,0,0,4,4,109,7,0,7,4,117
POA3530,0,0,0,0,..,0,0,0,0,0,..,0,0,0,0,0,..,0,0,0,0,0,..,0,0,0,0,0,..,0,0,0,0,0,..,0,0,0,5,5,107,0,0,0,5,114
POA3531,0,0,0,0,..,0,0,0,0,0,..,0,0,0,0,0,..,0,0,0,0,0,..,0,0,0,0,0,..,0,0,0,0,0,..,0,0,0,5,5,190,0,0,0,5,194
POA3533,0,0,0,0,..,0,0,0,0,0,..,0,0,0,0,0,..,0,0,0,0,0,..,5,3,4,0,4,..,12,3,12,0,12,..,0,0,0,47,50,677,13,3,17,47,744
POA3537,0,0,0,0,..,6,0,6,0,6,..,0,0,0,0,0,..,0,0,0,0,0,..,0,0,0,0,0,..,29,6,35,0,35,..,4,0,3,182,185,878,33,9,38,182,1094
POA3540,0,0,0,0,..,0,0,0,0,0,..,0,0,0,0,0,..,0,0,0,0,0,..,5,0,5,0,5,..,5,0,5,0,5,..,8,0,8,26,30,228,8,0,8,26,263
POA3542,0,0,0,0,..,0,0,0,0,0,..,0,0,0,0,0,..,0,0,0,0,0,..,0,0,0,0,0,..,0,0,0,0,0,..,0,0,0,24,24,113,0,0,0,24,139
POA3544,0,0,0,0,..,0,0,0,0,0,..,0,0,0,0,0,..,0,0,0,0,0,..,4,0,4,0,4,..,4,0,4,0,4,..,0,0,0,36,36,221,4,0,4,36,252
POA3546,0,0,0,0,..,0,0,0,0,0,..,0,0,0,0,0,..,0,0,0,0,0,..,0,0,0,0,0,..,17,0,15,0,15,..,0,0,0,9,11,314,20,0,19,9,346
POA3549,0,20,0,20,..,38,52,90,0,90,..,0,0,0,0,0,..,65,156,225,6,237,..,278,114,384,9,398,..,915,682,1597,24,1619,..,30,18,52,480,529,1872,939,703,1649,505,4017
POA3550,0,53,0,53,..,36,9,48,0,48,..,12,6,14,0,14,..,67,8,73,5,80,..,616,314,932,12,948,..,2757,545,3307,48,3351,..,130,18,147,2230,2384,36103,2889,567,3460,2276,41839
POA3551,0,21,0,21,..,20,4,24,0,24,..,4,0,4,0,4,..,14,0,15,0,15,..,389,143,536,14,547,..,1470,242,1711,24,1731,..,61,11,74,1489,1562,32315,1535,252,1785,1514,35614
POA3555,0,7,0,7,..,9,0,9,0,9,..,7,0,7,0,7,..,32,28,57,0,57,..,364,222,584,10,595,..,1209,344,1553,23,1582,..,74,16,94,1237,1330,18133,1288,363,1646,1257,21043
POA3556,0,0,0,0,..,8,9,16,0,16,..,0,0,3,0,3,..,5,5,12,0,12,..,376,213,597,15,604,..,655,255,913,17,925,..,32,6,41,799,842,12320,690,260,954,812,14088
POA3557,0,0,0,0,..,0,0,0,0,0,..,0,0,0,0,0,..,0,0,0,0,0,..,7,0,7,0,7,..,16,0,16,0,16,..,0,0,0,70,71,761,17,0,18,70,853
POA3558,0,0,0,0,..,3,0,3,0,3,..,0,0,0,0,0,..,0,0,0,0,0,..,16,0,13,3,15,..,30,3,30,3,34,..,0,0,0,114,114,821,30,3,30,117,971
POA3559,0,0,0,0,..,0,3,3,0,3,..,0,0,0,0,0,..,0,0,0,0,0,..,4,0,8,0,8,..,13,8,20,0,20,..,0,0,0,77,74,469,15,8,20,77,563
POA3561,0,0,0,0,..,7,0,12,0,12,..,0,0,0,0,0,..,0,3,3,0,3,..,5,0,5,0,8,..,74,15,92,0,89,..,13,0,13,297,315,4090,85,15,100,302,4498
POA3562,0,0,0,0,..,0,0,0,0,0,..,0,0,0,0,0,..,0,0,0,0,0,..,3,0,3,0,5,..,10,0,10,0,11,..,0,0,0,24,24,220,10,0,10,29,257
POA3563,0,0,0,0,..,0,0,0,0,0,..,0,0,0,0,0,..,0,0,0,0,0,..,6,0,6,0,6,..,23,0,23,0,23,..,0,0,0,82,86,747,26,0,26,82,850
POA3564,0,11,0,11,..,0,3,6,0,6,..,0,0,0,0,0,..,17,9,29,0,29,..,85,13,96,0,95,..,623,86,705,13,719,..,58,3,66,1000,1065,15288,683,86,775,1010,17080
POA3565,0,0,0,0,..,0,0,0,0,0,..,0,0,0,0,0,..,0,0,0,0,0,..,0,0,0,0,0,..,5,0,5,0,5,..,0,0,0,5,5,125,5,0,5,5,134
POA3566,0,0,0,0,..,0,0,0,0,0,..,0,0,0,0,0,..,0,0,0,0,0,..,0,0,0,0,0,..,13,0,13,3,13,..,0,0,0,53,57,503,17,0,17,53,578
POA3567,0,0,0,0,..,0,0,0,0,0,..,0,0,0,0,0,..,0,0,0,0,0,..,0,0,0,0,0,..,11,0,11,0,11,..,3,0,3,45,49,611,14,0,14,45,665
POA3568,0,0,0,0,..,0,0,0,0,0,..,0,0,0,0,0,..,0,0,0,0,0,..,7,0,8,0,4,..,68,11,77,4,80,..,8,0,8,211,216,2654,71,11,79,214,2947
POA3570,0,0,0,0,..,0,0,0,0,0,..,0,0,0,0,0,..,0,0,0,0,0,..,8,0,8,0,8,..,9,6,13,0,13,..,0,0,0,128,137,689,13,6,12,128,837
POA3571,0,0,0,0,..,0,0,0,0,0,..,0,0,0,0,0,..,0,0,0,0,0,..,0,0,0,0,0,..,0,0,0,0,0,..,0,0,0,16,16,289,0,0,0,16,305
POA3572,0,0,0,0,..,0,0,0,0,0,..,0,0,0,0,0,..,0,0,0,0,0,..,0,0,0,0,0,..,0,0,0,0,0,..,0,0,0,8,11,124,0,0,0,8,137
POA3573,0,0,0,0,..,0,0,0,0,0,..,0,0,0,0,0,..,0,0,0,0,0,..,0,0,0,0,0,..,8,0,8,0,8,..,4,0,4,37,35,291,14,0,14,37,340
POA3575,0,0,0,0,..,0,0,0,0,0,..,0,0,0,0,0,..,0,0,0,0,0,..,6,0,6,0,6,..,86,8,96,0,96,..,0,0,0,69,71,675,86,8,99,69,842
POA3576,0,0,0,0,..,0,0,0,0,0,..,0,0,0,0,0,..,0,0,0,0,0,..,0,0,0,0,0,..,0,0,0,0,0,..,0,0,0,0,0,60,0,0,0,0,60
POA3579,0,0,0,0,..,13,0,12,0,12,..,0,0,0,0,0,..,0,0,0,0,0,..,18,0,18,3,21,..,126,17,145,3,149,..,17,0,20,420,435,4865,145,19,157,423,5450
POA3580,0,0,0,0,..,0,0,0,0,0,..,0,0,0,0,0,..,0,0,0,0,0,..,0,0,0,0,0,..,6,0,7,0,7,..,0,0,0,97,97,994,6,3,8,97,1101
POA3581,0,0,0,0,..,0,0,0,0,0,..,0,0,0,0,0,..,0,0,0,0,0,..,0,0,0,0,0,..,3,0,12,0,12,..,0,0,0,7,7,136,3,0,12,7,147
POA3583,0,0,0,0,..,0,0,0,0,0,..,0,0,0,0,0,..,0,0,0,0,0,..,0,0,0,0,0,..,15,5,16,0,16,..,0,3,3,17,19,127,15,3,15,17,162
POA3584,0,0,0,0,..,0,0,0,0,0,..,0,0,0,0,0,..,0,0,0,0,0,..,5,0,3,0,3,..,33,7,40,0,40,..,0,0,0,104,104,996,36,7,40,104,1138
POA3585,0,9,0,9,..,9,0,10,0,10,..,0,0,0,0,0,..,92,69,160,0,163,..,150,46,199,11,204,..,1039,326,1365,24,1388,..,46,17,62,717,784,9345,1088,340,1432,738,11508
POA3586,0,0,0,0,..,0,0,0,0,0,..,0,0,0,0,0,..,0,0,0,0,0,..,9,0,9,0,10,..,16,0,16,4,18,..,0,0,0,55,55,727,16,0,16,54,799
POA3588,0,0,0,0,..,0,0,0,0,0,..,0,0,0,0,0,..,0,0,0,0,0,..,3,0,6,0,4,..,13,7,19,0,19,..,0,0,0,42,44,342,10,7,17,48,404
POA3589,0,0,0,0,..,0,0,0,0,0,..,0,0,0,0,0,..,0,0,0,0,0,..,5,0,6,0,6,..,55,17,65,0,73,..,8,0,8,53,57,231,59,17,75,53,359
POA3590,0,0,0,0,..,0,0,0,0,0,..,0,0,0,0,0,..,0,3,3,0,3,..,0,0,0,0,0,..,9,9,15,3,17,..,0,0,0,43,43,279,9,9,15,43,337
POA3591,0,0,0,0,..,0,0,0,0,0,..,0,0,0,0,0,..,0,0,0,0,0,..,0,0,0,0,0,..,5,0,6,0,6,..,3,0,3,13,19,141,11,0,10,13,163
POA3594,0,0,0,0,..,0,0,0,0,0,..,0,0,0,0,0,..,0,4,6,0,6,..,19,10,25,0,26,..,48,32,82,0,83,..,0,0,0,42,45,403,55,32,82,44,536
POA3595,0,0,0,0,..,0,0,0,0,0,..,0,0,0,0,0,..,0,0,0,0,0,..,4,0,5,0,5,..,22,15,38,0,38,..,0,0,0,85,81,557,21,15,36,85,673
POA3596,0,0,0,0,..,0,0,0,0,0,..,0,0,0,0,0,..,0,0,0,0,0,..,0,0,0,0,0,..,19,0,17,0,24,..,0,0,0,13,13,66,19,0,17,14,103
POA3597,0,0,0,0,..,10,10,20,0,20,..,0,0,0,0,0,..,0,0,0,0,0,..,34,8,43,4,49,..,92,41,129,4,134,..,0,0,3,13,18,309,87,41,135,18,458
POA3599,0,0,0,0,..,0,0,0,0,0,..,0,0,0,0,0,..,0,0,0,0,0,..,4,0,3,0,3,..,11,3,15,0,15,..,0,0,0,30,30,114,11,3,15,30,154
POA3607,0,0,0,0,..,0,0,0,0,0,..,0,0,0,0,0,..,0,0,0,0,0,..,0,0,0,0,0,..,7,0,9,0,9,..,0,0,0,15,20,131,9,0,10,15,160
POA3608,0,0,0,0,..,10,0,10,0,10,..,0,0,0,0,0,..,0,3,5,0,5,..,15,3,16,0,18,..,118,18,142,9,145,..,17,0,17,226,242,2438,136,18,153,232,2825
POA3610,0,0,0,0,..,5,0,5,0,5,..,0,0,0,0,0,..,0,0,0,0,0,..,11,0,14,0,14,..,44,11,54,0,54,..,0,0,0,268,274,1273,50,11,56,268,1600
POA3612,0,0,0,0,..,3,10,17,0,17,..,0,0,0,0,0,..,0,0,0,0,0,..,11,9,19,0,19,..,49,42,97,0,97,..,0,0,0,168,171,1537,56,42,95,168,1801
POA3614,0,0,0,0,..,0,0,0,0,0,..,0,0,0,0,0,..,0,0,0,0,0,..,0,0,0,7,3,..,11,0,11,7,15,..,0,0,0,52,57,857,12,0,12,60,927
POA3616,0,0,0,0,..,12,12,23,0,23,..,58,21,84,0,84,..,8,4,17,0,17,..,27,10,37,0,37,..,395,89,486,0,490,..,16,3,19,400,424,4693,410,94,502,406,5605
POA3617,0,0,0,0,..,0,0,0,0,0,..,0,0,0,0,0,..,0,0,0,0,0,..,0,0,0,0,0,..,3,0,3,0,3,..,0,0,0,15,15,144,3,0,3,15,161
POA3618,0,0,0,0,..,3,0,3,0,3,..,0,0,0,0,0,..,0,0,0,0,0,..,3,3,8,0,8,..,43,9,51,0,51,..,0,0,0,51,60,568,42,9,57,51,679
POA3620,0,3,0,3,..,5,0,5,0,5,..,6,0,6,0,6,..,0,0,0,0,0,..,62,8,71,4,75,..,339,50,393,7,401,..,35,0,37,516,552,7385,374,52,426,528,8340
POA3621,0,0,0,0,..,4,0,5,0,5,..,0,0,0,0,0,..,3,0,3,0,3,..,8,0,10,0,10,..,87,3,84,0,84,..,0,0,0,109,113,2236,84,3,88,109,2437
POA3622,0,0,0,0,..,0,0,0,0,0,..,0,0,0,0,0,..,0,0,0,0,0,..,0,0,0,0,0,..,4,0,4,0,4,..,3,0,3,38,48,491,8,0,8,38,537
POA3623,0,0,0,0,..,3,0,4,0,4,..,0,0,0,0,0,..,0,0,0,0,0,..,3,0,3,0,3,..,21,0,22,3,25,..,0,0,0,37,41,821,22,0,29,40,890
POA3624,0,0,0,0,..,0,0,0,0,0,..,3,3,3,0,3,..,0,0,0,0,0,..,3,0,0,0,0,..,13,3,16,0,16,..,0,0,0,53,51,495,11,3,18,53,563
POA3629,0,10,0,10,..,22,12,36,0,31,..,34,18,55,0,55,..,5,5,7,0,7,..,75,16,88,0,92,..,644,161,802,14,819,..,31,7,40,967,1003,7711,678,168,839,982,9536
POA3630,7,103,0,108,..,62,18,79,0,79,..,180,69,252,0,254,..,24,6,30,3,39,..,1398,597,1987,31,2024,..,5770,1635,7406,108,7508,..,153,46,197,2352,2551,22090,5918,1679,7600,2459,32151
POA3631,5,41,0,41,..,13,7,16,0,16,..,77,12,87,0,87,..,30,8,35,0,40,..,418,99,521,13,533,..,2480,468,2951,38,2990,..,51,12,60,604,663,10948,2529,483,3013,644,14605
POA3633,0,0,0,0,..,0,0,0,0,0,..,6,0,6,0,6,..,0,0,0,0,0,..,4,0,4,0,4,..,27,7,32,0,32,..,0,0,0,22,30,560,25,7,32,22,620
POA3634,0,0,0,0,..,0,0,0,0,0,..,0,0,0,0,0,..,0,0,0,0,0,..,14,3,13,0,13,..,46,12,55,0,55,..,4,0,12,143,158,1674,51,12,64,143,1888
POA3635,0,3,0,3,..,3,0,3,0,3,..,0,0,0,0,0,..,0,0,0,0,0,..,9,0,9,0,9,..,20,0,17,0,17,..,0,0,0,58,57,476,22,0,19,58,552
POA3636,0,0,0,0,..,5,0,9,0,9,..,0,0,0,0,0,..,3,6,9,0,9,..,32,3,34,0,34,..,114,19,139,0,140,..,19,0,16,450,468,4770,129,21,155,450,5375
POA3637,0,0,0,0,..,0,0,0,0,0,..,0,0,0,0,0,..,0,0,0,0,0,..,8,3,13,0,13,..,15,10,21,0,21,..,0,0,0,57,57,567,15,10,21,57,642
POA3638,0,0,0,0,..,0,0,0,0,0,..,0,0,0,0,0,..,0,0,0,0,0,..,6,0,6,0,10,..,42,4,45,0,48,..,9,0,9,103,111,2040,50,4,51,104,2199
POA3639,0,0,0,0,..,3,0,3,0,3,..,0,0,0,0,0,..,0,0,0,0,0,..,3,0,5,0,5,..,19,0,19,6,22,..,7,0,7,21,29,432,25,0,23,24,479
POA3640,0,0,0,0,..,0,0,0,0,0,..,0,0,0,0,0,..,0,0,0,0,0,..,6,0,5,0,5,..,52,20,74,0,74,..,0,0,0,90,90,859,51,20,74,90,1025
POA3641,0,0,0,0,..,0,0,0,0,0,..,0,0,0,0,0,..,0,0,0,0,0,..,14,3,13,0,13,..,47,6,50,0,50,..,8,0,8,99,103,1111,49,6,55,99,1266
POA3644,0,17,0,17,..,20,10,27,0,27,..,5,0,0,0,0,..,6,0,6,0,6,..,64,6,70,0,74,..,692,220,917,18,931,..,31,3,31,625,656,7801,725,223,950,645,9390
POA3646,0,0,0,0,..,0,0,0,0,0,..,0,0,0,0,0,..,0,0,0,0,0,..,0,0,0,0,0,..,8,0,9,0,9,..,0,0,0,48,50,541,8,0,8,48,601
POA3647,0,0,0,0,..,0,0,0,0,0,..,0,0,0,0,0,..,0,0,0,0,0,..,5,0,5,0,5,..,18,3,23,0,23,..,0,0,0,5,5,31,18,3,23,5,51
POA3649,0,0,0,0,..,3,0,3,0,3,..,0,0,0,0,0,..,0,0,0,0,0,..,4,5,8,0,8,..,37,3,38,0,38,..,4,0,4,45,55,393,33,3,42,45,478
POA3658,0,0,0,0,..,12,0,12,0,12,..,4,6,9,0,9,..,0,0,0,0,0,..,58,3,63,0,63,..,215,19,234,0,234,..,14,0,14,412,432,5592,235,19,250,412,6251
POA3659,0,0,0,0,..,0,3,3,0,3,..,0,0,3,0,3,..,0,0,0,0,0,..,5,0,5,0,5,..,23,0,26,0,26,..,0,0,0,27,27,697,20,0,24,27,748
POA3660,0,0,0,0,..,11,7,17,0,17,..,0,0,0,0,0,..,7,8,13,0,13,..,49,10,59,0,64,..,401,78,475,4,483,..,15,3,21,666,690,6676,417,77,499,671,7842
POA3662,0,0,0,0,..,4,0,4,0,4,..,0,0,0,0,0,..,0,0,0,0,0,..,7,0,7,0,10,..,47,9,55,0,53,..,0,0,0,63,64,991,47,9,53,66,1108
POA3663,0,0,0,0,..,0,0,0,0,0,..,0,0,0,0,0,..,0,0,0,0,0,..,0,0,0,0,0,..,3,0,8,0,8,..,0,0,0,25,25,149,3,0,8,25,183
POA3664,0,0,0,0,..,8,0,8,0,8,..,0,0,0,0,0,..,0,6,4,0,4,..,8,0,8,0,8,..,29,7,42,0,42,..,9,0,9,29,36,1061,38,7,49,29,1139
POA3665,0,0,0,0,..,0,0,0,0,0,..,0,0,0,0,0,..,0,0,0,0,0,..,0,0,0,0,0,..,0,0,0,0,0,..,0,0,0,33,33,360,0,0,0,33,397
POA3666,0,5,0,5,..,6,0,3,0,3,..,4,0,4,0,4,..,0,0,8,0,8,..,22,0,26,0,26,..,139,13,153,0,153,..,9,0,9,469,481,4513,152,13,161,469,5142
POA3669,0,0,0,0,..,4,0,12,0,12,..,0,0,0,0,0,..,0,0,0,0,0,..,8,0,16,0,20,..,44,11,52,4,58,..,13,5,16,164,175,1242,54,12,70,166,1475
POA3670,0,0,0,0,..,0,0,0,0,0,..,0,0,0,0,0,..,0,0,0,0,0,..,0,0,0,0,0,..,12,0,10,0,10,..,0,0,0,34,34,549,12,0,10,34,596
POA3672,0,8,0,8,..,4,0,4,0,4,..,0,0,0,0,0,..,3,0,3,0,5,..,56,4,56,0,62,..,400,45,443,14,459,..,26,0,26,853,876,9482,426,45,472,865,10822
POA3673,0,0,0,0,..,0,0,0,0,0,..,0,0,0,0,0,..,0,0,0,0,0,..,14,0,14,0,14,..,30,0,30,0,30,..,3,0,3,131,140,1649,33,0,34,131,1818
POA3675,0,0,0,0,..,5,0,5,0,5,..,0,0,0,0,0,..,3,0,3,0,3,..,10,0,8,0,8,..,42,0,50,0,50,..,3,0,3,130,132,1759,50,0,52,130,1936
POA3677,6,33,0,33,..,17,7,28,0,28,..,5,0,0,0,3,..,15,7,26,0,26,..,132,15,146,13,154,..,1021,128,1153,21,1167,..,55,7,65,1011,1070,16973,1069,138,1212,1026,19214
POA3678,0,0,0,0,..,20,9,26,5,27,..,0,0,0,0,0,..,0,0,4,0,4,..,26,3,30,0,32,..,201,35,232,3,240,..,17,4,18,397,415,5918,214,38,253,401,6568
POA3682,0,0,0,0,..,0,0,0,0,0,..,0,0,0,0,0,..,0,0,0,0,0,..,0,0,0,0,0,..,4,0,4,0,4,..,0,0,0,48,55,587,9,0,9,48,645
POA3683,0,0,0,0,..,0,0,0,0,0,..,0,0,0,0,0,..,0,0,0,0,0,..,14,0,13,0,13,..,23,0,29,0,29,..,4,0,4,91,98,1622,28,0,35,91,1748
POA3685,0,0,0,0,..,0,0,0,0,0,..,0,0,0,0,0,..,0,0,0,0,0,..,17,4,19,0,19,..,43,3,51,0,53,..,3,0,4,121,126,2757,50,4,59,121,2935
POA3687,0,0,0,0,..,0,0,0,0,0,..,0,0,0,0,0,..,0,0,0,0,0,..,0,0,0,0,0,..,17,4,17,0,17,..,0,0,0,51,53,985,21,4,23,51,1061
POA3688,0,0,0,0,..,0,0,0,0,0,..,0,0,0,0,0,..,0,0,0,0,0,..,7,4,6,0,6,..,15,3,18,0,18,..,0,0,3,104,106,1204,20,5,24,104,1334
POA3690,4,16,0,16,..,26,8,33,0,33,..,5,0,5,0,5,..,117,84,201,0,205,..,495,163,658,5,670,..,2196,458,2652,33,2682,..,135,22,153,1737,1887,30478,2330,481,2803,1763,35051
POA3691,0,6,0,6,..,8,3,8,0,8,..,4,0,4,0,4,..,3,0,8,0,8,..,110,19,129,4,135,..,345,45,391,12,403,..,25,13,39,530,570,11797,371,64,430,543,12771
POA3695,0,0,0,0,..,0,0,0,0,0,..,0,0,0,0,0,..,0,0,0,0,0,..,0,0,0,0,0,..,4,0,4,0,4,..,0,0,0,28,25,459,10,0,10,28,488
POA3697,0,0,0,0,..,0,0,0,0,0,..,0,0,0,0,0,..,0,0,0,0,0,..,7,0,7,0,7,..,17,4,23,0,23,..,0,0,0,37,37,516,17,4,23,37,568
POA3698,0,0,0,0,..,0,0,0,0,0,..,0,0,0,0,0,..,4,0,4,0,4,..,5,0,7,0,7,..,54,3,53,4,62,..,0,0,0,48,51,898,54,0,55,56,1012
POA3699,0,0,0,0,..,8,0,8,0,8,..,0,0,0,0,0,..,0,0,0,0,0,..,14,0,14,4,21,..,80,10,96,4,92,..,6,0,6,120,128,1021,82,10,95,123,1242
POA3700,0,0,0,0,..,0,0,0,0,0,..,0,0,0,0,0,..,0,0,0,0,0,..,10,3,13,0,13,..,36,4,41,0,44,..,0,0,0,88,88,1277,36,4,41,92,1403
POA3701,0,0,0,0,..,0,0,0,0,0,..,0,0,0,0,0,..,0,0,0,0,0,..,0,0,0,0,0,..,23,0,25,0,25,..,3,0,3,112,114,965,25,0,28,112,1101
POA3704,0,0,0,0,..,0,0,0,0,0,..,0,0,0,0,0,..,0,0,0,0,0,..,0,0,0,0,0,..,0,0,0,0,0,..,0,0,0,3,3,22,0,0,0,3,26
POA3705,0,0,0,0,..,0,0,0,0,0,..,0,0,0,0,0,..,0,0,0,0,0,..,0,0,0,0,0,..,3,0,3,0,3,..,0,0,0,58,58,198,3,0,3,58,254
POA3707,0,0,0,0,..,0,0,0,0,0,..,0,0,0,0,0,..,0,0,0,0,0,..,3,3,3,0,3,..,55,3,59,0,62,..,6,0,6,170,176,1637,62,3,69,171,1871
POA3708,0,0,0,0,..,0,0,0,0,0,..,0,0,0,0,0,..,0,0,0,0,0,..,0,0,0,0,0,..,4,0,5,0,5,..,0,0,0,10,10,55,4,0,5,10,66
POA3709,0,0,0,0,..,0,0,0,0,0,..,0,0,0,0,0,..,0,0,0,0,0,..,9,0,9,0,9,..,9,0,9,0,9,..,0,0,0,41,41,260,9,0,9,41,307
POA3711,0,0,0,0,..,0,0,0,0,0,..,0,0,0,0,0,..,0,0,0,0,0,..,3,0,3,0,3,..,11,0,11,0,11,..,0,0,0,57,56,522,7,0,7,57,591
POA3712,0,0,0,0,..,0,0,0,0,0,..,0,0,0,0,0,..,0,0,0,0,0,..,0,0,0,0,0,..,5,0,7,0,7,..,0,0,0,22,22,321,5,0,7,22,354
POA3713,0,0,0,0,..,0,0,0,0,0,..,0,0,0,0,0,..,0,0,0,0,0,..,10,0,10,0,10,..,33,5,38,0,34,..,0,0,0,78,78,914,33,5,38,75,1023
POA3714,0,0,0,0,..,6,0,6,0,6,..,0,0,0,0,0,..,8,0,8,0,8,..,20,9,23,0,23,..,104,12,119,0,119,..,0,0,0,182,185,3443,104,14,119,182,3749
POA3715,0,0,0,0,..,0,0,0,0,0,..,0,0,0,0,0,..,0,0,0,0,0,..,0,0,0,0,0,..,5,0,5,0,5,..,0,0,0,41,41,326,5,0,5,41,371
POA3717,0,0,0,0,..,0,0,0,0,0,..,0,0,0,0,0,..,5,0,5,0,5,..,22,0,26,0,26,..,131,3,132,0,132,..,10,0,10,347,357,3051,139,3,144,347,3544
POA3718,0,0,0,0,..,0,0,0,0,0,..,0,0,0,0,0,..,0,0,0,0,0,..,0,0,0,0,0,..,0,0,0,0,0,..,0,0,0,17,17,82,0,0,0,17,91
POA3719,0,0,0,0,..,0,0,0,0,0,..,0,0,0,0,0,..,0,0,0,0,0,..,0,0,0,0,0,..,6,3,3,0,3,..,0,0,0,25,25,386,6,3,3,25,420
POA3720,0,0,0,0,..,0,0,0,0,0,..,0,0,0,0,0,..,0,0,0,0,0,..,3,0,3,0,3,..,23,0,27,0,27,..,0,0,0,38,38,603,23,0,27,38,666
POA3722,3,4,0,4,..,3,0,8,0,8,..,0,0,0,0,0,..,5,0,9,0,9,..,30,9,36,0,31,..,215,24,240,6,240,..,16,0,16,304,319,5247,230,24,252,310,5815
POA3723,0,0,0,0,..,4,0,0,0,0,..,4,0,4,0,4,..,5,0,5,0,5,..,22,4,28,0,24,..,159,22,181,3,182,..,6,0,6,482,492,3061,167,22,185,487,3727
POA3725,0,0,0,0,..,0,0,0,0,0,..,0,0,0,0,0,..,0,0,0,0,0,..,13,0,11,0,11,..,15,0,22,0,22,..,0,0,0,60,60,564,15,0,22,60,645
POA3726,0,0,0,0,..,3,0,3,0,3,..,0,0,0,0,0,..,0,0,0,0,0,..,0,0,0,0,0,..,13,0,10,0,10,..,0,0,0,52,58,351,11,0,10,52,411
POA3727,0,0,0,0,..,0,0,0,0,0,..,0,0,0,0,0,..,0,0,0,0,0,..,0,0,0,0,0,..,0,0,0,0,0,..,0,0,0,33,33,267,0,0,0,33,303
POA3728,0,0,0,0,..,0,0,0,0,0,..,0,0,0,0,0,..,0,0,0,0,0,..,0,0,0,0,0,..,11,0,11,0,11,..,0,0,0,40,40,642,11,0,11,40,687
POA3730,0,0,0,0,..,13,0,11,0,11,..,0,0,0,0,0,..,3,0,3,0,3,..,50,0,57,0,54,..,285,28,315,4,318,..,24,0,26,572,605,8799,313,31,342,578,9719
POA3732,0,0,0,0,..,0,0,0,0,0,..,0,0,0,0,0,..,0,0,0,0,0,..,0,0,0,0,0,..,10,0,14,0,14,..,4,0,4,40,44,550,12,0,16,40,608
POA3733,0,0,0,0,..,0,0,0,0,0,..,0,0,0,0,0,..,0,0,0,0,0,..,0,0,0,0,0,..,20,0,23,0,23,..,0,0,0,10,11,185,20,5,22,10,220
POA3735,0,0,0,0,..,8,3,10,0,10,..,0,0,0,0,0,..,0,0,0,0,0,..,0,0,0,0,0,..,49,9,53,0,53,..,0,0,0,29,29,557,49,9,53,29,638
POA3737,0,0,0,0,..,0,0,0,0,0,..,0,0,0,0,0,..,0,0,0,0,0,..,31,7,36,0,42,..,379,66,448,5,450,..,11,4,17,200,217,3761,395,72,467,202,4426
POA3738,0,0,0,0,..,0,0,0,0,0,..,0,0,0,0,0,..,0,0,0,0,0,..,0,0,0,0,0,..,8,0,13,0,13,..,0,0,0,11,11,168,8,0,13,11,197
POA3739,0,0,0,0,..,0,0,0,0,0,..,0,0,0,0,0,..,0,0,0,0,0,..,0,0,0,0,0,..,23,4,23,0,23,..,0,0,0,35,35,182,23,4,23,35,239
POA3740,0,0,0,0,..,0,0,0,0,0,..,0,0,0,0,0,..,0,0,0,0,0,..,6,0,6,0,6,..,24,0,23,0,24,..,3,0,3,46,51,1109,27,0,26,49,1183
POA3741,0,0,0,0,..,5,0,5,0,5,..,0,0,0,0,0,..,0,0,0,0,0,..,43,12,57,0,57,..,199,28,231,3,229,..,16,0,16,330,342,2857,209,28,243,336,3426
POA3744,0,0,0,0,..,0,0,0,0,0,..,0,0,0,0,0,..,0,0,0,0,0,..,7,0,7,0,7,..,19,0,19,0,19,..,0,0,0,33,35,468,17,0,17,33,522
POA3746,0,0,0,0,..,0,0,0,0,0,..,0,0,0,0,0,..,0,0,0,0,0,..,0,0,0,0,0,..,8,0,9,0,9,..,0,0,4,16,21,355,9,5,9,16,382
POA3747,0,0,0,0,..,3,0,12,0,12,..,0,0,0,0,0,..,0,0,0,0,0,..,39,8,52,0,53,..,190,13,200,9,207,..,10,0,15,351,361,4489,200,9,210,353,5054
POA3749,0,0,0,0,..,0,0,0,0,0,..,0,0,0,0,0,..,0,0,0,0,0,..,9,0,10,0,10,..,24,0,28,0,31,..,0,0,0,104,102,1993,21,0,25,102,2123
POA3750,47,441,8,452,..,28,6,31,0,31,..,262,46,319,3,317,..,208,87,295,0,299,..,1315,223,1542,35,1581,..,13801,1703,15510,200,15708,..,224,53,280,841,1116,7583,14023,1760,15786,1038,24407
POA3751,0,0,0,0,..,0,0,0,0,0,..,0,0,0,0,0,..,0,0,0,0,0,..,0,0,0,0,0,..,24,9,31,0,31,..,0,0,0,21,21,104,24,9,31,21,150
POA3752,14,293,0,292,..,44,8,47,0,47,..,40,10,52,0,52,..,154,50,204,3,209,..,764,113,878,11,891,..,8169,986,9149,85,9232,..,138,21,160,687,846,14907,8303,1002,9309,772,24989
POA3753,3,18,0,19,..,8,0,8,0,8,..,41,4,48,0,48,..,9,5,16,0,16,..,180,19,206,7,210,..,1082,106,1190,14,1208,..,16,6,18,197,216,3222,1094,113,1212,211,4642
POA3754,26,449,8,455,..,110,23,132,0,131,..,112,13,123,0,123,..,148,26,175,3,179,..,1333,157,1489,54,1543,..,12704,1268,13970,208,14179,..,232,29,264,1437,1698,34614,12932,1296,14231,1643,50494
POA3755,0,0,0,0,..,0,0,0,0,0,..,0,0,0,0,0,..,0,0,0,0,0,..,0,0,0,0,0,..,12,7,20,0,20,..,0,0,0,24,23,206,12,6,20,24,246
POA3756,4,46,0,46,..,17,0,23,0,19,..,90,21,113,0,113,..,28,10,36,0,36,..,406,101,509,13,522,..,2502,301,2804,38,2836,..,54,6,59,725,788,12304,2556,308,2861,767,15931
POA3757,0,7,0,7,..,9,0,9,0,9,..,12,4,13,0,13,..,8,5,14,0,14,..,65,6,75,0,78,..,536,68,607,7,616,..,26,0,27,593,619,8498,567,67,632,602,9735
POA3758,0,0,0,0,..,8,0,5,0,5,..,4,0,4,0,4,..,0,0,0,0,0,..,21,0,20,0,25,..,106,5,111,0,114,..,3,0,3,184,185,1989,110,5,113,184,2281
POA3759,0,0,0,0,..,0,4,4,0,4,..,0,0,0,0,0,..,0,0,0,0,0,..,0,0,3,0,3,..,39,4,42,0,42,..,5,0,5,50,51,975,38,4,39,50,1063
POA3760,0,0,0,0,..,0,0,0,0,0,..,0,0,0,0,0,..,0,0,0,0,0,..,0,0,0,0,0,..,9,0,9,0,9,..,0,0,0,18,18,330,9,0,9,18,356
POA3761,0,0,0,0,..,4,0,4,0,4,..,0,0,0,0,0,..,0,0,0,0,0,..,12,0,12,0,12,..,40,0,41,0,41,..,0,0,0,66,70,1072,38,0,38,66,1186
POA3762,0,0,0,0,..,0,0,0,0,0,..,0,0,0,0,0,..,0,0,0,0,0,..,0,0,0,0,0,..,9,0,9,0,9,..,0,0,0,12,12,94,9,0,9,12,117
POA3763,0,0,0,0,..,0,0,0,0,0,..,0,0,0,0,0,..,0,0,0,0,0,..,21,0,29,0,29,..,45,0,49,6,49,..,8,0,8,111,117,1496,53,0,57,118,1662
POA3764,0,10,0,10,..,16,0,16,0,16,..,23,0,24,0,24,..,12,0,12,0,12,..,137,19,155,7,164,..,675,76,749,12,761,..,22,3,26,606,628,9184,699,78,777,616,10578
POA3765,0,0,0,0,..,6,3,11,0,11,..,0,0,0,0,0,..,5,0,5,0,5,..,87,10,97,0,97,..,298,27,329,3,333,..,20,5,31,177,201,6367,322,32,360,178,6900
POA3766,0,0,0,0,..,4,0,6,0,6,..,0,0,0,0,0,..,5,0,12,0,12,..,7,0,7,0,6,..,87,8,91,0,98,..,0,0,0,33,35,1148,89,8,95,34,1277
POA3767,0,0,0,0,..,0,0,0,0,0,..,0,0,0,0,0,..,0,0,0,0,0,..,15,0,17,0,17,..,66,5,71,0,71,..,5,0,3,37,42,1155,68,7,77,37,1271
POA3770,0,0,0,0,..,3,0,5,0,5,..,5,0,5,0,5,..,0,0,0,0,0,..,21,6,23,0,23,..,110,11,127,0,127,..,6,0,6,160,167,3012,118,11,125,160,3306
POA3775,0,0,0,0,..,0,0,0,0,0,..,0,0,0,0,0,..,0,0,0,0,0,..,20,0,19,0,19,..,87,5,99,0,99,..,9,0,9,199,208,3774,97,5,107,199,4080
POA3777,0,0,0,0,..,20,0,19,0,19,..,0,0,0,0,0,..,5,0,3,0,3,..,105,7,116,6,121,..,436,48,477,8,484,..,44,4,45,513,555,9884,479,46,520,518,10922
POA3778,0,0,0,0,..,0,0,0,0,0,..,0,0,0,0,0,..,0,0,0,0,0,..,9,0,9,0,9,..,12,0,12,0,12,..,0,0,0,6,6,189,12,0,12,6,201
POA3779,0,0,0,0,..,0,0,0,0,0,..,0,0,0,0,0,..,0,0,0,0,0,..,4,0,4,0,4,..,45,0,45,0,45,..,0,0,3,32,33,421,45,3,49,32,501
POA3781,0,0,0,0,..,9,5,11,0,11,..,7,0,7,0,7,..,5,0,5,0,5,..,48,0,49,0,49,..,167,18,184,0,184,..,10,0,10,368,379,4072,180,18,197,368,4638
POA3782,0,0,0,0,..,5,0,12,0,12,..,0,0,0,0,0,..,4,0,4,0,4,..,87,5,94,0,95,..,335,38,378,5,377,..,18,0,18,256,273,7321,352,38,392,259,7974
POA3783,0,0,0,0,..,0,0,0,0,0,..,0,0,0,0,0,..,0,0,0,0,0,..,13,0,12,0,12,..,85,6,87,0,90,..,5,0,5,260,265,2203,87,6,94,262,2559
POA3785,0,0,0,0,..,0,0,0,0,0,..,0,0,0,0,0,..,0,0,0,0,0,..,0,0,0,0,0,..,3,0,3,0,3,..,0,0,0,0,0,60,3,0,3,0,69
POA3786,0,0,0,0,..,0,0,0,0,0,..,0,0,0,0,0,..,0,0,0,0,0,..,29,0,28,0,28,..,85,10,94,0,94,..,3,0,3,59,60,1366,91,10,99,58,1524
POA3787,0,0,0,0,..,0,0,0,0,0,..,0,0,0,0,0,..,0,0,0,0,0,..,17,0,22,0,23,..,64,10,73,0,70,..,3,0,3,21,25,867,69,10,76,25,961
POA3788,0,6,0,6,..,0,0,0,0,0,..,3,0,3,0,3,..,0,0,0,0,0,..,15,4,17,0,17,..,119,10,126,0,126,..,3,0,3,82,84,1565,118,10,126,82,1773
POA3789,0,0,0,0,..,3,0,3,0,3,..,0,0,0,0,0,..,0,0,0,0,0,..,4,0,11,0,11,..,22,6,27,0,27,..,0,0,0,11,15,255,25,6,26,11,294
POA3791,0,0,0,0,..,3,0,3,0,3,..,0,0,0,0,0,..,0,0,0,0,0,..,35,3,41,0,41,..,88,0,87,0,90,..,7,0,7,38,44,1282,90,0,96,39,1418
POA3792,0,0,0,0,..,0,0,0,0,0,..,0,0,0,0,0,..,9,0,8,0,8,..,11,4,7,3,19,..,60,3,69,3,68,..,0,0,0,21,21,954,60,3,66,26,1046
POA3793,0,0,0,0,..,0,0,0,0,0,..,0,0,0,0,0,..,3,0,3,0,3,..,68,3,70,0,76,..,178,15,196,4,201,..,7,0,7,136,145,3305,186,15,200,140,3651
POA3795,0,0,0,0,..,3,3,8,0,8,..,0,0,0,0,0,..,0,0,6,0,6,..,24,3,28,0,28,..,107,20,126,0,125,..,7,0,7,41,48,1148,118,20,131,41,1323
POA3796,0,3,0,3,..,17,0,15,0,15,..,0,0,0,0,0,..,3,3,6,0,6,..,108,19,124,6,131,..,374,40,410,6,416,..,25,0,25,147,175,9204,395,40,437,155,9799
POA3797,0,0,0,0,..,0,0,0,0,0,..,0,0,0,0,0,..,8,9,11,0,10,..,19,0,24,0,24,..,99,20,117,3,116,..,5,0,5,302,304,3343,104,20,124,299,3764
POA3799,0,0,0,0,..,6,0,7,0,7,..,0,0,0,0,0,..,4,0,4,0,4,..,85,0,89,0,87,..,216,17,229,7,237,..,19,0,16,592,613,5101,236,21,254,598,5951
POA3802,38,448,5,446,..,45,8,49,0,52,..,250,73,319,0,319,..,306,113,422,3,417,..,2137,517,2656,24,2681,..,10517,1932,12443,93,12534,..,201,45,252,1016,1269,10652,10716,1978,12691,1113,24455
POA3803,14,173,0,175,..,19,7,31,0,31,..,81,19,101,0,101,..,75,23,106,0,106,..,1893,526,2419,33,2449,..,5194,1092,6283,74,6360,..,114,39,155,624,788,4212,5317,1129,6444,698,11355
POA3804,0,27,0,22,..,0,0,0,0,0,..,46,8,53,0,53,..,31,5,41,0,41,..,545,130,678,9,684,..,2069,349,2413,11,2424,..,62,8,74,270,344,5699,2124,359,2486,287,8466
POA3805,61,709,7,714,..,88,24,110,3,114,..,190,34,224,6,228,..,288,96,384,3,387,..,5630,1522,7150,84,7235,..,19388,3656,23040,207,23244,..,482,149,632,2197,2825,32530,19869,3803,23670,2406,58600
POA3806,33,727,3,729,..,66,9,69,3,78,..,53,19,69,0,69,..,135,17,151,0,152,..,1825,258,2081,30,2110,..,12849,1518,14367,133,14496,..,235,28,265,1729,1997,34814,13083,1549,14629,1861,51308
POA3807,0,20,0,20,..,11,4,12,0,12,..,7,0,8,0,8,..,7,0,7,0,7,..,129,16,146,0,149,..,760,91,842,13,853,..,24,0,24,223,247,6555,775,91,868,235,7655
POA3808,0,0,0,0,..,8,0,8,0,8,..,3,0,3,0,3,..,0,0,0,0,0,..,28,6,27,0,32,..,119,12,129,0,131,..,0,0,0,171,171,2842,116,12,125,179,3147
POA3809,9,262,0,262,..,23,4,24,0,24,..,25,5,27,0,27,..,20,5,28,0,28,..,862,108,967,28,1001,..,5570,521,6093,89,6181,..,92,10,104,650,753,12728,5661,538,6196,733,19662
POA3810,57,361,3,365,..,94,18,112,0,114,..,45,6,50,0,50,..,144,47,191,0,193,..,2191,466,2661,41,2703,..,10949,1593,12540,135,12678,..,281,62,348,2461,2806,40101,11230,1657,12887,2598,55588
POA3812,0,0,0,0,..,0,0,0,0,0,..,0,0,0,0,0,..,4,0,4,0,4,..,20,5,25,0,25,..,73,15,91,0,92,..,0,0,0,201,198,2191,79,15,93,201,2488
POA3813,0,0,0,0,..,0,0,0,0,0,..,0,0,0,0,0,..,0,0,0,0,0,..,3,0,4,0,4,..,14,0,19,0,19,..,0,0,0,80,74,872,15,0,20,80,963
POA3814,0,0,0,0,..,5,0,5,0,5,..,4,0,4,0,4,..,0,0,0,0,0,..,13,0,13,0,13,..,82,13,93,0,93,..,3,4,5,175,183,2334,82,12,95,175,2604
POA3815,0,0,0,0,..,6,0,6,0,6,..,0,0,0,0,0,..,0,0,0,0,0,..,18,0,24,0,19,..,77,8,81,0,81,..,8,0,8,214,218,3393,82,8,94,211,3693
POA3816,0,0,0,0,..,4,0,4,0,4,..,0,0,0,0,0,..,3,0,3,0,3,..,33,4,35,0,34,..,113,10,124,3,124,..,7,0,11,294,304,2800,121,11,130,294,3227
POA3818,0,11,0,11,..,6,0,9,0,9,..,3,0,3,0,3,..,12,5,13,0,13,..,179,24,207,3,205,..,721,86,813,12,817,..,37,4,41,777,815,15681,755,93,852,785,17313
POA3820,3,22,0,21,..,31,7,40,0,44,..,4,0,4,0,4,..,37,17,57,0,57,..,238,19,258,5,262,..,1191,153,1344,14,1358,..,45,3,46,926,968,17727,1237,152,1389,935,20054
POA3821,0,0,0,0,..,3,0,3,0,3,..,0,0,0,0,0,..,0,0,0,0,0,..,16,0,18,0,18,..,42,6,48,0,48,..,9,0,9,236,241,2848,55,6,55,236,3142
POA3822,0,0,0,0,..,3,0,3,0,3,..,0,0,0,0,0,..,0,0,0,0,0,..,0,0,0,0,0,..,12,0,12,0,12,..,0,0,0,70,67,922,7,0,7,70,1001
POA3823,0,0,0,0,..,0,6,6,0,6,..,0,0,0,0,0,..,0,0,0,0,5,..,14,6,14,0,14,..,50,5,59,0,60,..,6,0,6,87,90,1972,47,5,62,91,2117
POA3824,0,6,0,6,..,6,4,12,0,12,..,0,0,0,0,0,..,6,10,18,0,19,..,47,0,48,0,48,..,189,36,229,3,232,..,15,0,15,295,310,4898,205,36,244,298,5438
POA3825,0,0,0,0,..,18,9,25,0,25,..,0,0,3,0,3,..,12,11,26,0,26,..,307,53,361,5,365,..,927,168,1097,17,1115,..,66,4,72,1444,1517,18449,991,174,1171,1461,21078
POA3831,0,0,0,0,..,3,0,3,0,3,..,0,0,0,0,0,..,0,0,0,0,0,..,5,0,5,0,5,..,44,7,51,0,54,..,8,0,8,178,181,1773,56,7,55,182,2012
POA3832,0,0,0,0,..,0,0,0,0,0,..,0,0,0,0,0,..,0,0,0,0,0,..,0,0,0,0,0,..,0,0,0,0,0,..,0,0,0,6,6,240,0,0,0,6,245
POA3833,0,0,0,0,..,0,0,0,0,0,..,0,0,0,0,0,..,0,0,0,0,0,..,3,0,3,0,3,..,24,3,32,0,32,..,0,0,0,48,48,263,24,3,32,48,340
POA3835,0,0,0,0,..,0,0,0,0,0,..,0,0,0,0,0,..,0,0,0,0,0,..,0,0,0,0,0,..,16,0,23,0,23,..,0,0,0,30,30,429,16,0,23,30,475
POA3840,0,7,0,7,..,14,4,22,3,26,..,4,0,3,0,3,..,19,15,40,7,38,..,308,113,416,11,431,..,1319,290,1611,22,1633,..,58,30,91,1646,1731,13862,1376,317,1695,1669,17225
POA3842,0,0,0,0,..,3,0,3,0,3,..,0,0,0,0,0,..,0,0,0,0,0,..,57,4,67,5,67,..,211,23,234,4,239,..,23,0,23,392,416,4275,237,23,256,398,4924
POA3844,0,36,0,36,..,37,3,43,0,43,..,9,4,14,0,14,..,53,12,60,4,63,..,310,35,344,21,360,..,1844,220,2065,38,2101,..,82,5,88,1761,1855,27229,1929,224,2153,1796,31179
POA3847,0,0,0,0,..,0,0,4,0,4,..,0,0,0,0,0,..,0,0,0,0,0,..,3,0,3,0,3,..,66,12,79,0,75,..,5,0,5,249,258,1937,67,12,84,256,2278
POA3850,5,39,0,44,..,13,0,13,0,13,..,0,0,0,0,0,..,37,21,55,3,59,..,115,24,137,3,142,..,826,120,952,17,967,..,54,0,56,911,970,13542,882,121,1005,921,15472
POA3851,0,3,0,3,..,3,3,8,0,8,..,0,0,0,0,0,..,3,3,8,0,8,..,43,0,42,0,42,..,162,13,174,3,178,..,18,0,18,1157,1177,4878,179,13,193,1162,6231
POA3852,0,0,0,0,..,0,0,0,0,0,..,0,0,0,0,0,..,0,0,0,0,0,..,0,0,0,0,0,..,7,0,7,0,7,..,0,0,0,3,7,201,8,0,8,3,210
POA3854,0,0,0,0,..,0,0,0,0,0,..,0,0,0,0,0,..,0,0,0,0,0,..,12,0,14,0,14,..,26,0,28,0,28,..,0,0,0,71,71,1376,26,0,28,71,1478
POA3856,0,0,0,0,..,0,0,0,0,0,..,0,0,0,0,0,..,0,0,0,0,0,..,6,0,6,0,6,..,8,0,8,0,8,..,0,0,0,77,83,989,10,0,11,77,1085
POA3857,0,0,0,0,..,0,0,0,0,0,..,0,0,0,0,0,..,0,0,0,0,0,..,0,0,0,0,0,..,3,0,3,0,3,..,0,0,0,43,43,347,3,0,3,43,389
POA3858,0,0,0,0,..,0,0,0,0,0,..,0,0,0,0,0,..,3,0,3,0,3,..,24,0,22,0,22,..,99,3,103,0,103,..,3,0,3,325,329,2694,99,3,109,325,3125
POA3859,0,0,0,0,..,0,6,12,0,12,..,0,0,0,0,0,..,0,0,0,0,0,..,3,0,6,0,6,..,35,6,44,0,44,..,0,0,0,79,79,822,35,6,44,79,945
POA3860,0,0,0,0,..,6,0,5,0,5,..,0,0,0,0,0,..,9,9,11,0,11,..,20,8,30,0,26,..,172,19,199,3,199,..,9,0,9,460,464,6790,182,19,204,460,7455
POA3862,0,0,0,0,..,3,0,3,0,3,..,3,0,3,0,3,..,0,0,0,0,0,..,10,0,11,0,12,..,62,3,62,0,64,..,4,0,4,209,207,3274,65,3,68,206,3547
POA3864,0,0,0,0,..,0,0,0,0,0,..,0,0,0,0,0,..,0,0,0,0,0,..,0,0,0,0,0,..,0,0,0,0,0,..,0,0,0,23,30,214,0,0,0,23,241
POA3865,3,7,0,7,..,0,6,9,0,9,..,0,0,0,0,0,..,5,0,3,0,3,..,4,0,4,0,4,..,44,19,62,0,62,..,0,0,6,38,42,429,42,22,67,38,527
POA3869,0,0,0,0,..,0,0,0,0,0,..,0,0,0,0,0,..,0,0,0,0,0,..,21,0,21,0,21,..,41,0,43,0,43,..,0,0,0,79,79,1612,41,0,46,79,1738
POA3870,0,0,0,0,..,4,0,7,0,7,..,0,0,0,0,0,..,0,0,0,0,0,..,8,0,8,0,8,..,49,3,48,0,48,..,0,0,0,117,118,1156,45,3,47,117,1319
POA3871,0,0,0,0,..,0,0,0,0,0,..,0,0,0,0,0,..,8,0,13,0,8,..,21,3,26,0,26,..,95,16,109,4,111,..,0,0,0,231,232,2694,93,16,111,233,3039
POA3873,0,0,0,0,..,0,0,0,0,0,..,0,0,0,0,0,..,0,0,0,0,0,..,0,0,0,0,0,..,4,0,4,0,4,..,0,0,0,27,27,300,4,0,4,27,324
POA3874,0,0,0,0,..,0,0,0,0,0,..,0,0,0,0,0,..,0,0,0,0,0,..,0,0,0,0,0,..,17,0,15,0,15,..,0,0,0,48,48,546,17,0,15,48,610
POA3875,0,30,0,30,..,13,23,37,0,37,..,0,0,0,0,0,..,40,28,68,0,68,..,111,21,138,4,137,..,807,144,953,11,960,..,63,12,78,1324,1399,17649,872,158,1025,1333,20015
POA3878,0,0,0,0,..,0,0,0,0,0,..,0,0,0,0,0,..,4,3,4,0,4,..,4,0,3,0,3,..,32,4,39,0,39,..,9,0,14,41,58,1211,42,9,52,41,1306
POA3880,0,0,0,0,..,4,0,4,0,4,..,0,0,0,0,0,..,8,0,8,0,8,..,23,0,26,0,26,..,115,14,128,0,126,..,3,0,3,140,145,3959,121,14,134,143,4235
POA3882,0,0,0,0,..,0,0,0,0,0,..,0,0,0,0,0,..,0,0,0,0,0,..,4,0,4,0,4,..,32,4,42,0,42,..,6,0,6,51,57,1227,37,4,41,51,1322
POA3885,0,0,0,0,..,4,0,4,0,4,..,3,0,3,0,3,..,0,0,0,0,0,..,7,0,10,0,10,..,43,5,47,0,47,..,4,0,4,132,133,1699,43,5,46,132,1876
POA3886,0,0,0,0,..,0,0,0,0,0,..,0,0,0,0,0,..,0,0,0,0,0,..,4,0,4,0,4,..,14,0,14,5,14,..,5,0,5,28,29,362,13,0,13,28,415
POA3887,0,0,0,0,..,0,0,0,0,0,..,0,0,0,0,0,..,0,0,0,0,0,..,3,0,3,0,3,..,0,0,0,0,0,..,0,0,0,42,43,223,7,0,7,42,268
POA3888,0,0,0,0,..,4,0,5,0,5,..,0,0,0,0,0,..,0,0,6,0,6,..,18,5,22,3,27,..,77,16,90,4,94,..,9,0,9,332,337,3061,87,16,98,337,3502
POA3889,0,0,0,0,..,0,0,0,0,0,..,0,0,0,0,0,..,0,0,0,0,0,..,0,0,0,0,0,..,0,0,0,0,0,..,0,0,0,26,26,145,0,0,0,26,171
POA3890,0,0,0,0,..,0,0,0,0,0,..,0,0,0,0,0,..,0,0,0,0,0,..,0,0,0,0,0,..,10,0,10,0,10,..,0,0,0,36,39,285,9,0,9,36,335
POA3891,0,0,0,0,..,0,0,0,0,0,..,0,0,0,0,0,..,0,0,0,0,0,..,0,0,0,0,0,..,3,0,3,0,3,..,0,0,0,23,25,93,3,0,3,23,121
POA3892,0,0,0,0,..,0,0,0,0,0,..,0,0,0,0,0,..,0,0,0,0,0,..,7,0,3,0,3,..,55,7,57,0,57,..,0,0,0,78,80,1049,56,7,61,78,1183
POA3893,0,0,0,0,..,0,0,0,0,0,..,0,0,0,0,0,..,0,0,0,0,0,..,0,0,0,0,0,..,0,0,0,0,0,..,0,0,0,0,0,25,0,0,0,0,25
POA3895,0,0,0,0,..,0,0,0,0,0,..,0,0,0,0,0,..,0,0,0,0,0,..,5,0,5,0,5,..,12,0,12,0,12,..,0,0,0,9,9,179,12,0,12,9,198
POA3896,0,0,0,0,..,0,0,0,0,0,..,0,0,0,0,0,..,0,0,0,0,0,..,0,0,0,0,0,..,8,0,8,4,11,..,0,0,0,27,27,313,8,0,8,33,351
POA3898,0,0,0,0,..,0,0,0,0,0,..,0,0,0,0,0,..,4,0,4,0,4,..,0,0,0,0,0,..,10,0,11,0,13,..,0,0,0,106,111,586,15,0,13,112,705
POA3900,0,0,0,0,..,0,0,0,0,0,..,0,0,0,0,0,..,0,0,0,0,0,..,0,0,0,0,0,..,4,0,4,0,4,..,0,0,0,37,37,131,4,0,4,37,173
POA3902,0,0,0,0,..,0,0,0,0,0,..,0,0,0,0,0,..,0,0,0,0,0,..,0,0,0,0,0,..,0,0,0,0,0,..,0,0,0,44,45,378,3,0,3,44,423
POA3903,0,0,0,0,..,0,0,0,0,0,..,0,0,0,0,0,..,0,0,0,0,0,..,3,0,3,0,3,..,27,0,29,0,29,..,0,0,3,63,65,766,25,6,27,63,861
POA3904,0,0,0,0,..,0,0,0,0,0,..,0,0,0,0,0,..,6,0,6,0,6,..,9,4,14,0,14,..,51,4,55,0,55,..,4,0,4,101,106,1738,59,4,62,101,1899
POA3909,0,0,0,0,..,0,0,6,0,6,..,0,0,0,0,0,..,13,8,20,0,20,..,72,9,79,3,83,..,346,34,381,3,382,..,22,0,22,827,848,7478,362,34,398,833,8713
POA3910,0,0,0,0,..,44,7,58,0,58,..,3,0,3,0,3,..,14,0,18,0,18,..,228,45,273,4,274,..,1161,151,1310,10,1325,..,59,8,64,718,775,21491,1218,158,1375,726,23588
POA3911,0,0,0,0,..,0,0,0,0,0,..,0,0,0,0,0,..,3,0,3,0,3,..,18,5,20,0,20,..,155,13,168,5,168,..,4,0,7,117,119,3219,167,7,172,118,3514
POA3912,0,0,0,0,..,12,5,17,0,17,..,5,0,11,0,11,..,7,0,7,0,7,..,112,16,123,3,128,..,525,54,579,5,589,..,35,7,43,611,646,14401,563,57,625,613,15633
POA3913,0,0,0,0,..,3,0,3,0,3,..,3,0,3,0,3,..,0,0,0,0,0,..,5,0,15,0,12,..,98,11,108,4,111,..,8,0,5,95,105,3232,104,12,113,101,3449
POA3915,0,0,0,0,..,34,10,39,3,46,..,0,0,0,0,0,..,13,3,18,0,18,..,73,15,89,0,91,..,446,62,507,13,517,..,33,4,36,726,762,9446,476,63,546,736,10723
POA3916,0,0,0,0,..,0,0,0,0,0,..,0,0,0,0,0,..,0,0,0,0,0,..,0,0,0,0,0,..,22,0,23,0,23,..,4,0,4,46,47,962,29,0,31,46,1036
POA3918,0,0,0,0,..,7,0,8,0,8,..,0,0,0,0,0,..,3,0,3,0,3,..,29,0,29,0,29,..,117,13,128,0,124,..,13,0,11,137,148,4003,124,14,138,140,4276
POA3919,0,0,0,0,..,0,0,0,0,0,..,0,0,0,0,0,..,0,3,3,0,3,..,29,4,31,0,31,..,74,9,84,0,84,..,9,0,9,169,178,3083,80,9,85,169,3343
POA3920,0,0,0,0,..,0,0,0,0,0,..,0,0,0,0,0,..,0,0,0,0,0,..,15,0,15,0,15,..,68,5,67,0,67,..,0,0,0,31,36,1020,65,8,70,31,1124
POA3921,0,0,0,0,..,0,0,0,0,0,..,0,0,0,0,0,..,0,0,0,0,0,..,0,4,9,0,7,..,8,3,12,0,16,..,0,0,0,7,14,111,12,3,17,12,139
POA3922,0,4,0,4,..,16,0,14,0,14,..,4,0,4,0,4,..,25,5,27,0,27,..,99,9,111,0,112,..,618,68,685,4,693,..,41,0,41,622,663,8756,657,74,726,623,10118
POA3923,0,0,0,0,..,0,0,0,0,0,..,0,0,0,0,0,..,0,0,0,0,0,..,0,0,0,0,0,..,16,0,16,0,16,..,4,0,4,79,86,733,17,0,17,79,836
POA3925,0,7,0,7,..,12,0,13,0,12,..,4,0,4,0,4,..,0,0,4,0,4,..,25,0,25,0,22,..,221,14,228,5,238,..,19,0,19,448,471,3841,240,14,251,454,4550
POA3926,0,0,0,0,..,0,0,0,0,0,..,0,0,0,0,0,..,0,0,0,0,0,..,19,0,18,0,18,..,84,4,86,0,88,..,7,0,7,195,198,3135,93,4,95,194,3421
POA3927,0,0,0,0,..,0,0,0,0,0,..,0,0,0,0,0,..,4,0,4,0,4,..,12,0,11,0,11,..,49,4,54,0,54,..,3,0,3,126,130,1673,54,4,54,126,1857
POA3928,0,0,0,0,..,0,0,0,0,0,..,0,0,0,0,0,..,0,0,0,0,0,..,0,0,0,0,0,..,13,3,11,0,11,..,0,0,0,43,43,395,13,3,11,43,453
POA3929,0,0,0,0,..,0,0,0,0,0,..,0,0,0,0,0,..,0,0,0,0,0,..,4,0,4,0,4,..,38,0,37,0,38,..,4,0,4,123,125,959,41,0,43,129,1130
POA3930,0,15,0,15,..,18,0,20,0,20,..,8,0,8,0,8,..,22,0,27,0,27,..,150,17,165,6,172,..,1082,86,1166,19,1183,..,49,4,46,530,580,16973,1128,91,1215,546,18734
POA3931,0,9,0,9,..,30,0,35,0,35,..,3,0,3,0,3,..,17,9,19,0,19,..,207,26,237,3,243,..,1287,138,1426,14,1441,..,78,4,89,1108,1193,23124,1368,144,1509,1122,25759
POA3933,0,0,0,0,..,5,0,5,0,5,..,0,0,0,0,0,..,0,0,0,0,0,..,0,0,0,0,0,..,30,4,30,0,30,..,0,0,0,36,34,930,33,4,36,36,1004
POA3934,0,0,0,0,..,13,0,13,0,14,..,16,0,14,0,14,..,13,0,14,0,14,..,176,21,197,4,199,..,896,67,969,3,972,..,49,0,45,626,678,18195,944,71,1018,634,19846
POA3936,0,4,0,4,..,23,4,23,0,23,..,5,3,14,0,14,..,7,0,7,0,7,..,80,17,94,0,101,..,972,132,1102,24,1121,..,33,3,38,775,810,11433,1006,132,1139,796,13366
POA3937,0,0,0,0,..,0,0,0,0,0,..,0,0,0,0,0,..,0,0,0,0,0,..,21,0,22,0,23,..,54,0,60,0,62,..,0,0,0,112,118,1537,58,0,61,117,1717
POA3938,0,0,0,0,..,0,0,0,0,0,..,6,5,3,0,3,..,0,0,0,0,0,..,20,0,20,0,20,..,147,9,160,4,159,..,8,0,8,185,194,2961,157,9,167,187,3311
POA3939,0,0,0,0,..,21,5,25,0,25,..,4,6,5,0,5,..,5,0,5,0,5,..,106,13,116,6,121,..,821,99,919,9,926,..,40,0,42,1110,1154,13822,856,101,958,1120,15900
POA3940,0,0,0,0,..,8,0,8,0,8,..,4,4,3,0,3,..,9,3,11,0,11,..,37,5,42,0,42,..,322,40,360,5,365,..,24,0,24,407,429,4454,339,40,379,413,5246
POA3941,0,4,0,4,..,15,5,18,0,18,..,7,0,7,0,7,..,5,0,8,0,8,..,97,3,96,4,109,..,876,110,989,23,1013,..,23,0,24,1020,1043,11538,900,112,1016,1039,13591
POA3942,0,0,0,0,..,0,0,0,0,0,..,0,0,0,0,0,..,3,0,3,0,3,..,10,4,13,0,13,..,127,8,127,3,132,..,3,0,3,222,231,2425,133,8,135,222,2786
POA3943,0,0,0,0,..,0,0,0,0,0,..,0,0,0,0,0,..,0,0,0,0,0,..,3,0,5,0,5,..,73,3,77,6,85,..,4,0,4,202,207,1728,77,3,84,209,2013
POA3944,0,0,0,0,..,0,0,0,0,0,..,0,0,0,0,0,..,0,0,0,0,0,..,0,0,0,0,0,..,19,0,23,0,23,..,0,0,0,64,62,700,23,0,23,64,787
POA3945,0,0,0,0,..,0,0,0,0,0,..,0,0,0,0,0,..,3,0,3,0,3,..,6,0,4,0,4,..,28,4,28,0,28,..,0,0,0,75,75,983,28,4,28,75,1092
POA3946,0,0,0,0,..,0,0,0,0,0,..,0,0,0,0,0,..,0,0,0,0,0,..,5,0,5,0,5,..,8,0,8,0,8,..,0,0,0,18,18,278,8,0,8,18,303
POA3950,0,0,0,0,..,0,0,0,0,0,..,0,0,0,0,0,..,7,4,9,0,9,..,31,4,35,3,40,..,201,27,227,3,231,..,10,0,10,262,268,4638,209,27,239,262,5133
POA3951,0,0,0,0,..,0,0,0,0,0,..,0,0,0,0,0,..,0,0,0,0,0,..,0,0,0,0,0,..,8,0,8,0,9,..,0,0,0,52,54,957,12,0,12,51,1020
POA3953,0,12,0,12,..,4,0,4,0,4,..,0,0,0,0,0,..,0,7,3,0,3,..,56,6,66,0,65,..,309,47,358,6,361,..,21,3,22,471,494,7342,328,49,381,471,8194
POA3954,0,0,0,0,..,0,0,0,0,0,..,0,0,0,0,0,..,0,0,0,0,0,..,5,0,5,0,5,..,11,5,13,0,13,..,0,0,0,9,9,344,11,5,13,9,366
POA3956,0,0,0,0,..,0,0,0,0,0,..,0,0,0,0,0,..,0,0,0,0,0,..,33,0,31,0,36,..,118,7,127,0,128,..,0,0,0,185,189,2721,117,13,127,193,3037
POA3957,0,0,0,0,..,0,0,0,0,0,..,0,0,0,0,0,..,0,0,0,0,0,..,0,0,0,0,0,..,0,0,0,0,0,..,0,0,0,9,9,297,0,0,0,9,310
POA3958,0,0,0,0,..,0,0,0,0,0,..,0,0,0,0,0,..,0,0,0,0,0,..,7,0,7,0,7,..,8,0,8,0,8,..,0,0,0,34,39,237,14,0,14,34,284
POA3959,0,0,0,0,..,0,0,0,0,0,..,0,0,0,0,0,..,0,0,0,0,0,..,4,0,9,0,9,..,36,0,39,0,39,..,0,0,0,95,96,1093,38,0,37,95,1223
POA3960,0,0,0,0,..,4,0,4,0,4,..,0,0,0,0,0,..,6,0,11,0,12,..,25,0,25,0,26,..,115,8,128,3,130,..,12,3,13,219,231,2355,126,15,136,218,2715
POA3962,0,0,0,0,..,0,0,0,0,0,..,0,0,0,0,0,..,0,0,0,0,0,..,6,0,6,0,6,..,28,0,28,0,28,..,0,0,0,92,92,839,28,0,28,92,954
POA3964,0,0,0,0,..,0,0,0,0,0,..,0,0,0,0,0,..,0,0,0,0,0,..,0,0,0,0,0,..,0,0,0,0,0,..,0,0,0,4,4,164,0,0,0,4,174
POA3965,0,0,0,0,..,0,0,0,0,0,..,0,0,0,0,0,..,0,0,0,0,0,..,0,0,0,0,0,..,8,0,8,0,8,..,0,0,0,27,27,181,8,0,8,27,220
POA3966,0,0,0,0,..,0,0,0,0,0,..,0,0,0,0,0,..,0,0,0,0,0,..,9,0,9,0,9,..,18,0,19,0,19,..,0,0,0,40,45,487,20,0,21,40,544
POA3967,0,0,0,0,..,0,0,0,0,0,..,0,0,0,0,0,..,0,0,0,0,0,..,0,0,0,0,0,..,0,0,0,0,0,..,0,0,0,5,5,104,0,0,0,5,108
POA3971,0,0,0,0,..,0,0,0,0,0,..,0,0,0,0,0,..,6,5,9,0,9,..,29,5,26,0,26,..,97,17,119,3,118,..,12,0,12,343,359,3715,111,17,133,347,4195
POA3975,27,445,9,455,..,30,3,37,0,37,..,195,26,220,0,218,..,169,60,229,0,233,..,1675,394,2075,32,2102,..,8924,1335,10262,113,10373,..,200,49,249,608,857,6814,9127,1387,10510,723,18048
POA3976,57,462,9,471,..,56,13,68,0,66,..,140,39,181,0,181,..,418,223,639,0,646,..,3308,1095,4407,54,4461,..,11114,2598,13714,132,13847,..,282,113,391,1534,1926,10310,11403,2711,14108,1666,26082
POA3977,125,1670,24,1694,..,214,61,276,5,274,..,293,60,352,0,353,..,401,146,552,0,555,..,8208,1989,10195,161,10360,..,36011,5359,41373,483,41861,..,772,200,975,4981,5954,69327,36785,5564,42348,5468,117143
POA3978,74,940,13,957,..,63,15,79,0,81,..,129,20,146,0,150,..,134,36,168,0,167,..,2986,511,3498,76,3575,..,19681,2093,21771,302,22072,..,314,62,370,1467,1842,19285,19994,2148,22144,1766,43202
POA3979,0,0,0,0,..,0,0,0,0,0,..,0,0,0,0,0,..,0,0,0,0,0,..,0,0,0,0,0,..,9,0,9,0,9,..,0,0,0,43,43,323,9,0,9,43,365
POA3980,0,0,0,0,..,0,4,4,0,4,..,0,0,0,0,0,..,5,0,5,0,5,..,21,0,21,0,21,..,90,5,94,0,94,..,6,0,9,218,222,3255,92,7,104,219,3571
POA3981,0,8,0,8,..,10,0,7,0,8,..,4,0,4,0,4,..,0,0,0,0,0,..,46,14,63,0,64,..,217,42,261,4,268,..,15,4,20,260,276,4890,229,52,277,265,5437
POA3984,0,0,0,0,..,6,0,11,0,11,..,3,0,4,0,4,..,4,0,4,0,4,..,52,8,62,0,62,..,239,40,276,10,282,..,20,0,21,492,511,6580,260,42,296,502,7374
POA3987,0,0,0,0,..,0,0,0,0,0,..,0,0,0,0,0,..,0,0,0,0,0,..,14,7,17,0,17,..,46,5,51,0,51,..,0,0,0,125,126,1465,50,5,51,125,1644
POA3988,0,0,0,0,..,0,0,0,0,0,..,3,0,3,0,3,..,0,0,0,0,0,..,15,4,17,0,17,..,37,4,41,0,41,..,0,0,0,68,72,983,36,4,42,68,1094
POA3990,0,0,0,0,..,0,0,0,0,0,..,0,0,0,0,0,..,0,0,0,0,0,..,0,0,3,0,3,..,7,0,4,0,4,..,0,0,0,8,8,101,7,0,4,8,118
POA3991,0,0,0,0,..,0,0,0,0,0,..,0,0,0,0,0,..,0,0,0,0,0,..,0,0,0,0,0,..,6,0,10,0,10,..,0,0,0,37,37,359,6,0,10,37,405
POA3992,0,0,0,0,..,3,0,3,0,3,..,0,0,0,0,0,..,0,0,0,0,0,..,6,0,6,0,6,..,37,0,37,0,33,..,0,0,0,90,91,1152,35,0,35,90,1281
POA3995,0,3,0,3,..,21,5,26,0,26,..,8,0,9,0,9,..,8,10,12,0,12,..,86,22,106,0,106,..,505,80,584,8,589,..,25,0,30,656,686,10316,531,87,614,665,11596
POA3996,0,6,0,6,..,8,0,8,0,8,..,0,0,0,0,0,..,6,0,6,0,6,..,47,10,54,0,57,..,234,23,252,5,262,..,22,0,19,257,277,6110,253,20,277,264,6649
