POA_CODE_2021,P_Y8b_15_19_yrs,P_Y8b_20_24_yrs,P_Y8b_25_34_yrs,P_Y8b_35_44_yrs,P_Y8b_45_54_yrs,P_Y8b_55_64_yrs,P_Y8b_65_74_yrs,P_Y8b_75_84_yrs,P_Y8b_85ov,P_Y8b_Tot,P_DNGTS_15_19,P_DNGTS_20_24,P_DNGTS_25_34,P_DNGTS_35_44,P_DNGTS_45_54,P_DNGTS_55_64,P_DNGTS_65_74,P_DNGTS_75_84,P_DNGTS_85_ov,P_DNGTS_Tot,P_Hghst_yr_schl_ns_15_19_yrs,P_Hghst_yr_schl_ns_20_24_yrs,P_Hghst_yr_schl_ns_25_34_yrs,P_Hghst_yr_schl_ns_35_44_yrs,P_Hghst_yr_schl_ns_45_54_yrs,P_Hghst_yr_schl_ns_55_64_yrs,P_Hghst_yr_schl_ns_65_74_yrs,P_Hghst_yr_schl_ns_75_84_yrs,P_Hghst_yr_schl_ns_85_yrs_ovr,P_Hghst_yr_schl_ns_Tot,P_Tot_15_19_yrs,P_Tot_20_24_yrs,P_Tot_25_34_yrs,P_Tot_35_44_yrs,P_Tot_45_54_yrs,P_Tot_55_64_yrs,P_Tot_65_74_yrs,P_Tot_75_84_yrs,P_Tot_85ov,P_Tot_Tot
POA3000,0,23,86,47,27,24,31,19,13,276,3,41,153,57,35,12,6,8,4,320,164,901,1696,646,314,221,102,45,8,4095,1518,10806,17637,5897,2461,1679,954,318,73,41357
POA3002,0,0,8,0,0,0,6,11,16,49,0,0,4,0,3,0,0,0,0,9,6,16,52,52,40,31,55,20,12,295,44,275,1144,784,552,663,651,324,119,4551
POA3003,0,0,4,3,6,12,14,10,8,66,0,0,22,3,0,0,3,5,0,38,9,67,185,84,41,30,31,4,0,454,114,1095,3247,1377,699,433,245,91,15,7315
POA3004,0,0,7,3,6,7,7,12,9,51,0,0,10,3,4,7,4,5,0,40,18,62,331,173,115,94,93,103,87,1073,97,714,3363,2155,1222,1070,1037,659,242,10552
POA3006,3,0,22,14,9,11,24,13,9,106,0,5,45,24,9,8,7,0,5,110,19,139,535,261,117,86,62,36,9,1263,322,2858,9432,4225,1748,1322,868,358,65,21194
POA3008,0,0,8,10,9,18,13,10,7,75,0,11,54,14,14,17,3,3,0,116,14,131,586,266,116,113,75,28,0,1327,143,1567,6027,2891,1397,1200,695,206,42,14175
POA3011,4,0,37,41,38,105,164,202,107,705,0,3,12,38,54,81,71,50,50,367,34,117,449,250,162,160,141,140,130,1587,314,1677,6190,4188,2537,1991,1235,703,390,19213
POA3012,7,3,28,37,77,155,233,268,164,971,0,7,17,36,49,98,75,74,52,406,55,97,422,266,181,142,118,113,122,1517,401,1560,6059,4959,3444,2464,1520,873,476,21750
POA3013,0,6,4,14,22,32,102,191,138,508,0,0,6,3,7,25,33,47,31,152,27,28,109,96,77,71,44,29,25,505,238,727,2654,2903,2385,1610,870,511,300,12191
POA3015,0,0,9,6,8,42,101,160,93,416,0,0,9,16,3,13,31,43,23,144,25,35,106,126,115,63,79,63,95,703,300,791,2472,3486,2858,2052,1174,589,320,14042
POA3016,0,0,4,7,18,29,94,115,85,354,0,0,0,8,4,6,25,18,12,81,43,26,65,64,83,65,94,54,27,516,341,850,1294,1921,2658,2516,1796,821,303,12503
POA3018,0,0,0,17,26,43,143,182,129,553,0,0,6,7,11,8,23,22,13,86,14,29,87,124,86,63,72,67,45,579,195,527,1566,2231,2007,1602,1370,887,397,10789
POA3019,12,8,35,42,74,112,136,79,45,529,0,6,32,36,59,82,91,49,26,369,29,69,164,107,63,77,79,26,16,638,216,721,2222,1410,1098,983,787,290,118,7842
POA3020,14,38,159,242,321,485,784,924,453,3420,7,21,192,192,234,318,284,240,159,1641,145,231,625,499,385,300,309,273,131,2910,918,3075,8074,6347,5340,4752,3760,2438,1059,35762
POA3021,16,41,164,377,539,705,1284,1044,337,4511,10,31,215,263,410,482,454,309,166,2340,249,337,912,684,509,504,454,432,330,4401,1241,3974,9218,7144,6361,6205,5669,2993,1091,43888
POA3022,0,0,10,3,21,23,38,49,34,176,0,0,8,10,19,16,16,18,40,132,8,28,75,50,39,34,30,16,8,284,54,156,601,549,397,276,257,150,107,2548
POA3023,22,30,151,281,334,517,845,592,192,2967,3,19,129,151,233,311,294,154,68,1352,217,304,830,650,492,348,297,209,104,3448,1748,4372,9557,11267,9544,6330,4476,1961,575,49830
POA3024,9,28,90,81,90,128,153,122,55,762,3,22,54,91,116,93,48,23,7,457,99,143,341,359,173,103,85,36,15,1342,797,2079,6229,6708,3399,2291,1424,515,146,23592
POA3025,0,6,16,42,49,93,214,398,237,1043,0,3,8,20,29,31,76,135,108,412,33,35,166,117,88,55,62,101,60,707,222,601,2044,2075,1508,1037,958,1000,556,9995
POA3026,0,0,10,33,45,66,47,32,7,242,6,0,20,25,31,39,33,16,4,172,21,33,99,90,50,51,20,11,5,369,174,487,1177,1811,1135,678,325,117,16,5928
POA3027,0,0,8,12,11,20,17,16,0,90,0,3,11,12,10,12,11,0,4,61,23,47,162,107,42,28,17,4,0,429,153,691,1963,2199,969,536,300,52,12,6869
POA3028,17,19,47,55,96,194,434,354,176,1387,0,12,35,37,70,68,86,87,43,439,68,116,308,247,202,172,173,111,84,1476,578,1653,4467,4231,3634,3674,2620,1196,490,22545
POA3029,40,72,232,310,339,506,640,536,164,2843,6,43,199,204,237,271,195,111,45,1315,438,653,1927,1572,717,487,394,212,66,6458,2651,8464,24724,25551,12291,9070,5883,2403,541,91572
POA3030,50,57,177,230,281,415,714,634,319,2875,11,32,177,222,241,192,166,122,67,1232,331,405,1150,1145,670,496,448,374,247,5266,2500,6797,18337,22749,14660,9983,6759,3075,1149,85999
POA3031,3,6,25,31,39,91,110,105,66,483,0,6,28,29,50,58,56,59,26,315,38,63,224,183,135,95,93,51,40,928,257,1255,4271,3271,2192,1619,1181,511,241,14802
POA3032,6,12,31,43,55,115,193,247,131,822,0,4,42,20,35,70,60,72,63,364,41,99,344,229,182,140,121,64,28,1255,471,2186,6048,4967,4028,3220,2207,971,354,24450
POA3033,3,0,7,12,21,41,206,456,232,979,0,0,12,0,12,12,45,72,55,205,16,30,77,65,87,54,85,117,36,574,281,734,1642,1950,2138,1647,1474,1451,514,11833
POA3034,0,3,3,12,28,78,267,473,269,1131,0,0,0,10,20,21,61,100,49,271,10,19,64,59,49,58,91,130,120,605,206,597,1372,1656,1506,1370,1425,1280,604,10020
POA3036,0,0,3,3,6,27,52,98,67,255,0,0,0,3,0,0,8,19,6,38,11,0,27,19,32,24,32,23,23,194,143,335,560,643,817,843,746,476,224,4776
POA3037,14,17,63,93,195,397,695,516,199,2190,0,3,39,69,111,201,156,122,69,775,121,119,326,345,263,230,186,119,49,1757,1495,3693,6615,7486,7919,5805,3507,1584,569,38666
POA3038,3,7,20,33,51,213,565,534,183,1606,0,0,9,17,22,62,109,116,59,407,55,67,156,124,158,118,163,102,30,963,651,1848,3117,2795,3739,4462,3181,1425,449,21675
POA3039,0,3,8,8,13,46,95,236,148,551,4,0,10,5,5,10,21,43,38,130,20,32,111,66,71,85,66,83,40,569,265,1105,3138,2416,2130,1934,1357,752,415,13508
POA3040,4,0,7,13,16,61,124,251,186,663,0,3,14,13,13,20,26,40,36,157,48,86,182,136,109,113,101,76,51,903,578,2014,3835,3598,3951,3393,2330,1189,655,21528
POA3041,0,0,8,13,8,21,78,103,87,325,0,0,8,0,4,8,17,13,14,61,17,19,55,63,64,44,51,39,31,370,326,824,1468,1784,2010,1598,1258,601,304,10173
POA3042,0,0,11,20,28,55,257,380,188,946,0,0,10,9,10,13,29,69,44,182,22,25,78,67,79,81,68,98,66,584,275,863,2291,2470,2304,1886,1605,1101,499,13292
POA3043,0,5,32,40,62,109,295,339,114,1000,0,5,4,17,14,43,64,92,27,265,31,50,148,103,81,78,121,116,38,766,355,952,2572,2457,2192,2028,2057,1356,381,14347
POA3044,0,11,15,36,40,76,251,462,392,1278,0,10,9,8,19,31,45,88,52,268,54,59,203,195,150,118,113,105,115,1100,539,1650,4830,4707,3901,2958,1849,1221,987,22637
POA3045,0,0,0,0,0,0,0,0,0,0,0,0,0,0,0,0,0,0,0,0,3,3,6,6,8,3,4,0,0,44,3,6,8,8,12,11,4,0,0,55
POA3046,4,7,42,93,126,223,396,577,434,1906,4,13,46,53,51,89,103,146,79,580,88,199,572,324,263,220,198,218,291,2367,653,2706,7621,5802,3949,3353,2229,1825,1211,29356
POA3047,16,22,108,227,260,348,323,323,121,1752,0,19,53,105,145,189,145,115,40,822,131,186,478,379,266,240,147,128,42,2001,596,1633,3922,2940,2292,2138,1322,887,324,16053
POA3048,16,33,117,207,267,348,388,272,82,1733,3,12,57,81,133,193,154,112,48,795,70,106,238,218,157,157,117,77,19,1155,529,1394,2712,2261,2178,2126,1385,753,213,13549
POA3049,0,4,9,18,36,61,132,130,46,436,0,4,10,12,10,14,26,33,23,130,33,32,63,72,64,52,52,47,39,441,238,607,1330,1265,1333,1368,1004,488,159,7785
POA3051,0,5,17,15,30,45,62,50,28,252,0,12,18,21,18,21,26,14,5,131,59,180,359,212,118,124,99,45,15,1225,381,2061,4280,2347,1467,1108,775,333,118,12880
POA3052,0,0,0,0,6,6,11,15,50,78,0,0,3,9,0,3,0,6,0,19,88,66,94,64,33,30,24,25,11,440,1107,1529,1696,760,446,400,342,245,155,6682
POA3053,3,5,15,16,31,34,31,43,32,210,0,6,31,17,21,40,25,15,8,175,41,229,342,129,92,56,47,56,47,1040,870,3883,5409,1732,960,809,676,447,217,15017
POA3054,0,0,4,9,3,7,12,27,51,117,0,0,0,4,0,4,0,3,10,19,8,22,63,52,43,30,32,32,16,299,101,842,2148,1112,858,809,732,391,141,7130
POA3055,6,0,5,11,17,40,92,200,112,491,0,4,13,8,13,20,37,53,30,173,9,43,143,95,44,47,57,49,33,527,220,1243,3734,2507,1743,1325,927,580,289,12556
POA3056,0,3,11,18,27,67,168,348,226,860,0,5,15,14,15,34,66,101,72,319,21,74,268,122,78,75,79,78,43,841,276,2324,7280,4432,2786,2086,1422,922,440,21964
POA3057,0,0,3,5,8,19,54,146,94,335,0,0,0,6,4,13,29,39,20,106,13,33,178,111,61,48,34,32,12,517,120,1074,4445,2654,1405,931,597,372,173,11766
POA3058,8,6,13,29,58,150,387,713,486,1845,3,5,18,14,55,65,139,186,134,632,41,93,288,203,171,143,148,135,124,1357,553,2279,6385,5856,4850,3473,2377,1623,963,28348
POA3059,5,7,33,65,110,139,275,221,60,907,0,0,14,31,45,56,62,59,19,295,38,31,115,117,87,89,83,30,4,594,547,1482,3131,3052,2849,2569,1551,568,120,15864
POA3060,0,6,29,37,41,97,215,387,275,1097,0,3,12,25,34,58,54,104,103,403,57,64,180,162,80,81,82,72,55,836,308,975,2365,2128,1501,1264,903,800,534,10781
POA3061,0,3,20,43,49,80,132,156,47,537,0,0,13,22,34,47,79,62,27,283,14,26,57,55,45,48,51,33,3,342,105,308,694,629,586,520,479,363,112,3806
POA3062,0,0,0,0,0,0,0,0,0,0,0,0,0,0,0,0,0,0,0,0,0,0,0,0,0,0,0,0,0,0,0,0,0,0,4,0,0,0,0,6
POA3063,0,0,0,0,0,0,0,11,0,16,0,0,0,0,0,0,0,3,3,8,3,6,7,3,8,13,3,0,0,40,18,40,40,53,102,92,55,32,7,439
POA3064,63,125,509,813,798,841,903,488,139,4677,13,80,283,404,451,666,469,293,121,2788,372,426,1250,1059,649,456,292,148,97,4742,2861,7942,20971,19875,12242,9187,4887,1844,538,80348
POA3065,0,5,18,28,28,43,55,45,17,240,0,3,6,16,13,33,23,20,17,137,21,69,215,153,101,105,66,37,19,797,139,714,3068,1839,1189,1108,693,324,132,9211
POA3066,0,3,17,21,36,30,35,49,14,211,0,5,17,14,25,24,15,15,8,116,28,62,182,109,83,56,33,20,6,567,103,634,3348,1752,1028,661,394,189,67,8165
POA3067,0,0,5,9,10,25,25,47,26,149,0,3,5,7,8,8,9,11,18,64,10,39,172,105,63,47,34,24,13,504,77,667,3281,1785,888,692,508,249,97,8241
POA3068,0,0,11,13,24,30,80,170,124,442,0,0,5,4,3,16,28,27,41,123,12,58,169,96,90,84,97,73,39,716,208,1148,4583,3101,2371,1946,1658,922,385,16314
POA3070,0,0,11,10,26,54,172,394,211,875,0,0,3,10,11,18,65,121,108,334,23,49,164,165,120,102,90,76,39,829,343,1319,5164,4021,3829,2627,1682,1111,528,20625
POA3071,3,3,13,8,31,59,192,334,199,836,0,4,10,18,15,30,46,92,58,256,25,43,125,93,85,60,71,114,148,767,287,1030,3850,3370,2685,1856,1234,845,495,15653
POA3072,10,10,24,38,82,161,413,633,334,1711,7,12,23,24,39,81,133,146,82,547,48,80,301,256,188,144,148,103,93,1359,549,2021,6678,5929,4736,3403,2292,1484,737,27830
POA3073,6,22,73,106,143,310,831,1271,779,3542,3,19,47,57,73,115,195,330,196,1043,104,180,579,419,347,330,343,350,323,2974,810,3124,9455,8011,6417,5158,3999,3074,1751,41799
POA3074,5,11,31,117,134,247,709,770,273,2298,0,10,45,60,71,148,179,211,120,842,52,74,196,161,126,117,139,104,42,999,414,1334,3213,2674,2209,2212,2259,1600,543,16459
POA3075,11,9,52,88,154,233,631,692,317,2185,0,10,29,62,78,115,156,220,144,811,75,92,252,192,193,123,118,121,49,1223,506,1549,3490,3350,2748,2302,2114,1529,630,18213
POA3076,7,19,66,97,133,276,455,332,131,1500,3,13,43,51,75,110,124,79,29,524,85,126,336,288,186,187,187,291,295,1985,725,2190,5230,5380,4059,3566,2460,1170,567,25339
POA3078,0,0,8,14,11,21,70,128,99,351,0,0,0,3,4,6,13,28,25,83,15,37,102,74,55,83,43,34,9,444,174,766,2149,1926,1743,1519,987,477,211,9955
POA3079,3,3,3,13,12,21,80,139,125,393,0,0,6,9,4,19,14,19,16,89,20,20,75,93,75,64,79,54,26,510,326,1097,2216,2317,2371,2290,1759,903,463,13748
POA3081,3,7,25,28,46,96,132,131,94,562,6,7,22,34,34,56,49,28,17,245,31,74,173,134,126,98,91,48,22,800,242,988,2885,2122,1596,1625,1068,487,245,11257
POA3082,7,6,23,46,79,170,473,401,179,1383,0,11,29,37,35,54,107,100,48,420,54,93,176,150,132,156,144,102,71,1078,631,2002,4159,3661,3742,4454,2947,1215,417,23222
POA3083,8,12,42,44,68,134,342,533,265,1443,0,16,34,31,81,80,79,99,52,473,97,236,308,167,142,142,134,131,140,1501,854,3058,5213,3901,4027,3452,2724,1954,812,25992
POA3084,4,4,10,16,17,40,111,303,277,779,4,0,15,8,10,15,18,34,51,156,33,35,101,105,83,117,124,103,67,766,467,1409,3020,3862,3729,3176,2579,1862,956,21058
POA3085,3,0,5,5,16,25,78,146,146,413,0,0,6,3,9,9,18,11,9,58,24,38,63,53,35,36,43,49,25,364,290,828,1767,2032,1999,1467,1290,768,453,10901
POA3087,0,0,8,12,14,30,80,147,73,361,0,0,7,10,11,13,22,11,6,85,11,9,42,31,22,30,40,39,17,247,169,445,1292,1399,1191,1012,887,580,201,7169
POA3088,8,4,10,16,24,54,177,299,201,786,0,0,6,19,20,31,23,25,15,141,26,30,79,91,83,78,120,117,82,704,507,1274,2905,4050,3717,3266,3031,1691,670,21113
POA3089,5,4,3,6,5,11,42,71,37,184,0,0,4,0,0,4,0,0,0,21,14,15,29,32,54,29,50,27,10,265,348,827,1401,1618,1905,1729,1067,445,125,9466
POA3090,0,0,0,0,0,6,14,18,21,55,0,0,0,0,3,0,0,0,4,7,0,0,9,10,8,11,13,16,17,87,74,202,180,264,464,380,209,117,107,1996
POA3091,0,0,0,0,0,7,17,20,7,45,0,0,0,0,0,0,0,4,0,5,5,0,9,12,3,14,13,10,6,65,46,136,114,141,281,265,174,99,21,1282
POA3093,0,0,0,0,0,4,20,38,47,113,0,0,0,3,6,4,0,5,7,26,5,7,11,17,13,21,8,19,12,117,80,200,378,483,584,513,466,303,150,3152
POA3094,0,0,4,0,6,13,27,52,30,144,4,4,3,3,4,11,0,0,4,40,7,5,22,33,32,32,35,30,7,210,149,392,921,1400,1297,1118,1078,570,148,7073
POA3095,6,4,13,9,12,31,88,122,74,351,0,0,3,6,7,3,8,0,9,41,44,24,48,86,107,100,120,93,59,681,637,1583,2281,3491,4432,4172,3297,1354,366,21621
POA3096,0,0,0,0,0,5,9,13,14,40,0,0,0,0,0,0,0,0,0,3,0,0,5,0,7,5,0,0,4,32,44,144,221,195,270,296,166,108,57,1499
POA3097,0,0,0,0,0,0,4,6,0,15,0,0,0,0,0,0,0,0,0,0,10,8,6,9,14,9,8,10,0,74,52,92,115,161,249,240,183,80,13,1189
POA3099,0,0,0,0,8,10,20,23,7,72,0,0,0,4,0,0,0,0,0,5,0,4,6,24,16,33,23,18,6,133,112,300,444,574,735,800,602,247,46,3853
POA3101,5,7,6,13,24,29,79,111,100,371,0,7,16,14,20,34,37,24,22,182,39,44,107,84,135,136,107,112,110,885,482,1752,3169,2827,3435,3155,2468,1488,786,19563
POA3102,0,0,0,3,5,8,19,62,41,144,0,0,3,0,3,3,7,15,13,43,6,12,24,22,18,16,28,32,4,165,150,438,664,817,978,891,618,383,163,5101
POA3103,5,0,0,10,19,24,58,111,85,297,0,0,6,10,16,14,14,27,16,101,22,35,47,59,72,44,63,59,56,447,338,1051,1532,1909,2173,1948,1642,1132,624,12354
POA3104,3,5,3,9,26,41,76,176,125,459,0,5,0,19,21,23,18,25,26,142,35,35,52,53,94,70,53,61,47,495,593,1458,1834,2292,3378,2913,1905,1209,622,16202
POA3105,0,3,8,9,7,38,148,369,230,812,0,0,10,0,18,12,32,55,35,162,10,15,36,37,45,49,60,59,42,350,223,656,1235,1325,1531,1448,1099,1077,512,9108
POA3106,0,3,0,8,14,49,149,243,188,647,0,4,7,5,3,26,28,31,23,131,17,22,60,76,52,75,101,130,115,655,329,935,1571,2010,2112,2449,2114,1447,696,13655
POA3107,4,0,11,7,5,40,128,261,191,649,0,3,5,6,7,11,39,57,32,167,17,20,51,48,56,51,57,87,72,462,257,685,1358,1797,2045,1622,1398,1424,613,11206
POA3108,0,4,12,30,37,61,211,416,245,1019,0,3,33,19,20,66,54,69,68,326,33,44,148,149,122,97,115,115,79,910,414,1622,3892,3491,2928,2853,2440,2078,993,20709
POA3109,0,3,14,18,54,103,285,384,271,1129,0,5,26,37,33,56,72,102,56,377,36,41,103,132,134,109,148,158,72,931,536,1700,3366,4588,3853,3702,3111,2375,989,24209
POA3111,4,0,5,4,9,37,75,125,130,405,0,0,0,4,6,18,10,24,34,92,15,24,44,49,48,45,54,101,110,485,272,727,1059,1522,1816,1650,1357,1044,584,10028
POA3113,0,0,0,0,4,11,30,42,19,106,0,0,3,0,3,7,0,0,0,11,17,5,12,22,53,31,39,20,3,213,240,532,572,922,1547,1276,899,407,79,6479
POA3114,0,0,0,4,0,7,10,25,9,52,0,0,0,0,0,6,0,0,0,12,8,9,0,3,18,10,5,16,0,82,111,295,212,332,708,586,381,210,62,2898
POA3115,0,0,3,5,0,0,9,15,3,41,0,0,0,0,4,0,0,0,0,9,6,8,0,9,15,26,10,9,6,92,99,297,278,363,634,671,438,176,43,2995
POA3116,3,0,17,7,23,27,76,107,47,309,0,0,9,11,12,8,16,19,7,79,18,20,52,47,58,40,45,65,15,355,263,688,1536,1629,1502,1361,1174,691,163,9004
POA3121,0,0,25,24,62,111,172,222,141,758,0,3,12,31,44,75,84,87,65,394,42,120,478,254,198,195,150,97,44,1586,353,2440,10056,5193,3577,2893,1998,1032,412,27957
POA3122,0,0,8,11,11,8,42,59,53,196,0,0,7,10,10,7,8,13,15,73,45,82,227,126,93,98,86,81,50,884,560,2171,4982,3181,2600,2111,1739,1050,407,18801
POA3123,3,0,4,3,4,13,32,54,46,163,0,4,5,6,11,12,9,7,12,60,18,36,106,70,66,49,66,77,52,541,236,1184,2913,2121,1888,1510,1179,745,319,12088
POA3124,3,0,10,8,8,9,55,123,140,350,0,0,10,3,15,9,12,14,24,80,37,36,77,92,90,77,90,86,102,676,474,1550,2349,2486,3045,2755,2266,1492,1008,17415
POA3125,6,5,7,14,17,21,73,152,79,380,0,3,17,17,8,8,16,31,13,111,32,167,220,94,66,68,74,54,99,864,496,1986,2756,1795,1713,1391,1052,838,542,12575
POA3126,0,3,0,0,3,5,21,21,36,96,0,0,0,0,6,4,0,3,4,18,12,12,26,26,27,19,41,35,47,244,174,527,603,792,1095,1083,921,570,323,6080
POA3127,0,3,0,3,8,14,35,66,69,202,0,0,4,6,4,13,9,5,9,54,23,37,78,64,63,69,81,68,29,502,417,1271,1944,2206,2814,2447,2073,991,494,14660
POA3128,5,13,33,45,71,51,140,105,90,544,0,21,67,44,42,34,38,24,29,299,53,199,385,174,125,99,130,128,215,1513,439,2523,4872,3061,2754,2196,1662,1020,675,19206
POA3129,0,12,15,22,54,49,105,138,116,510,0,3,23,23,19,30,34,29,24,188,19,49,119,90,70,68,60,50,30,557,337,1216,2470,2474,2516,2115,1576,913,435,14067
POA3130,3,5,17,32,51,71,128,266,206,793,0,4,24,27,36,30,56,49,54,282,44,69,153,99,143,97,108,155,171,1034,647,2090,3734,4585,4742,3895,2867,2078,1246,25881
POA3131,0,4,19,39,45,99,143,250,171,767,0,5,22,22,31,65,53,40,31,269,30,57,139,142,124,101,150,177,167,1077,427,1319,3032,3473,3112,2482,2079,1620,895,18446
POA3132,4,12,7,18,30,51,71,119,77,381,0,0,17,14,21,48,30,16,10,147,19,18,63,62,49,51,45,47,27,384,294,986,2374,2675,2306,1876,1487,908,328,13230
POA3133,5,4,4,6,27,55,131,233,126,597,0,0,11,14,31,43,36,36,24,203,20,39,69,72,64,63,94,151,193,764,474,1310,2036,3068,3169,2602,2616,1861,758,17891
POA3134,8,12,75,80,48,86,173,267,229,971,0,9,52,42,39,54,48,33,20,300,47,53,135,176,144,113,123,123,75,988,661,2030,4496,5007,4784,4084,3140,1964,862,27021
POA3135,0,14,43,38,48,46,75,118,77,460,0,3,38,24,19,29,29,13,10,174,18,26,87,108,82,84,96,101,65,677,368,1096,2541,3150,2904,2328,1860,1162,476,15873
POA3136,13,20,100,116,109,119,225,351,253,1300,5,12,54,54,55,48,39,23,19,314,64,67,232,187,171,167,188,229,191,1501,849,2549,6091,6632,5900,5474,4606,2888,1221,36222
POA3137,0,6,29,46,58,42,88,125,78,473,0,0,22,17,23,20,22,10,3,113,14,19,66,47,37,59,62,65,63,426,310,874,2067,1969,1786,1802,1343,920,346,11414
POA3138,6,15,44,77,49,57,115,167,90,632,0,15,47,55,59,22,31,14,8,245,47,47,105,94,87,72,80,90,54,683,473,1441,3353,3351,2896,2519,2074,1141,346,17599
POA3139,3,3,25,23,42,55,79,108,42,374,0,0,8,5,6,6,0,16,12,48,46,28,55,59,89,85,60,50,16,491,379,836,1888,1701,1976,1949,1416,650,158,10947
POA3140,3,7,10,24,41,50,95,174,128,534,0,3,3,16,13,11,7,11,9,68,24,28,90,71,88,85,78,71,29,566,392,1063,2298,2128,2405,2194,1708,1067,425,13680
POA3141,0,0,16,7,16,30,37,60,46,223,0,7,12,11,18,14,13,15,16,110,67,137,552,300,192,152,127,91,39,1652,356,2184,8542,4183,2442,2095,1694,1024,360,22874
POA3142,3,0,0,6,4,3,12,20,28,77,0,0,0,0,0,3,0,0,0,15,43,47,96,79,88,95,120,99,78,740,218,864,1870,1361,1530,1677,1746,1230,514,11004
POA3143,0,0,5,0,3,5,17,49,29,112,0,0,3,0,0,0,0,12,5,28,11,39,60,58,59,19,41,57,31,375,111,661,1938,1388,1186,901,905,647,218,7952
POA3144,0,0,9,5,0,4,22,72,43,155,0,0,0,6,0,5,9,15,11,42,22,8,50,46,56,48,46,59,44,372,226,652,1304,1232,1487,1311,1142,913,420,8686
POA3145,0,5,9,9,20,20,84,171,108,423,0,4,23,15,14,25,6,31,23,137,22,55,187,104,61,90,98,95,81,788,501,1996,3557,2974,3235,2660,2088,1210,676,18902
POA3146,5,5,8,13,11,12,62,137,86,326,0,0,3,4,7,10,15,23,16,87,32,52,118,100,95,77,81,79,46,681,540,1844,3207,3406,3887,3206,2323,1407,548,20376
POA3147,5,0,7,12,15,43,81,110,89,369,0,3,7,13,16,18,28,21,5,114,6,34,86,69,54,53,75,63,66,509,289,893,1754,2053,2201,1818,1299,835,489,11642
POA3148,0,3,6,7,10,25,82,124,68,342,0,4,18,11,14,26,19,29,15,137,13,41,148,76,51,29,34,19,10,414,162,724,2094,1557,1106,883,664,439,181,7802
POA3149,10,4,21,16,46,70,200,366,224,952,0,3,25,14,26,37,60,61,45,270,55,105,205,155,154,138,95,145,114,1158,788,2437,4285,4807,4847,4088,2987,2390,1185,27823
POA3150,0,13,40,63,114,184,463,620,444,1939,11,11,45,62,59,93,127,107,98,620,112,162,317,316,251,257,294,464,538,2707,1309,4180,6714,8247,8272,7272,6695,5203,2567,50456
POA3151,0,0,9,9,14,41,122,229,109,537,0,0,17,18,16,19,32,32,16,161,10,28,63,52,45,30,44,49,22,344,191,825,1592,1360,1361,1183,1012,996,372,8884
POA3152,3,9,20,23,52,107,210,276,206,905,3,3,13,32,17,64,64,43,48,287,52,57,122,126,118,113,150,198,236,1171,738,2042,3958,4845,4335,4434,4124,2134,1139,27751
POA3153,11,10,22,38,52,88,126,174,96,619,0,3,21,24,33,35,38,13,9,176,32,51,139,161,126,104,101,141,242,1099,369,1176,3346,3415,2614,2374,1901,1139,608,16953
POA3154,0,0,3,0,14,6,25,29,21,106,0,0,5,0,0,3,0,0,0,11,3,8,20,11,23,14,19,37,37,178,92,221,525,599,658,574,435,225,115,3444
POA3155,6,9,23,38,57,75,140,184,133,673,0,0,10,21,19,21,26,25,12,135,46,60,176,152,112,107,135,118,50,962,422,1287,3747,3606,2978,2647,2357,1371,518,18930
POA3156,10,6,26,49,66,118,228,324,170,993,5,0,15,22,19,39,39,29,15,177,66,74,177,165,160,166,168,156,86,1214,938,2293,4772,5303,5515,5121,3672,1980,670,30268
POA3158,0,0,3,5,4,7,26,23,6,80,0,0,4,0,0,0,0,0,0,7,4,10,28,27,25,33,24,13,4,169,162,358,744,962,1044,971,721,220,56,5238
POA3159,5,0,0,0,4,5,7,6,4,31,0,0,0,0,0,0,0,0,0,4,12,16,15,20,28,13,3,7,3,114,73,145,225,380,415,357,262,106,20,1975
POA3160,0,0,10,4,16,17,35,48,13,142,0,0,5,0,0,4,0,0,0,18,18,13,39,36,41,31,44,19,11,252,212,485,974,1359,1371,1238,926,343,73,6974
POA3161,0,4,11,3,4,9,33,55,80,209,0,0,10,4,0,9,0,12,8,52,16,63,160,99,65,41,107,86,95,740,244,1328,3056,2235,1882,1644,1797,879,581,13646
POA3162,3,0,4,3,8,13,75,89,108,305,0,3,0,13,6,7,12,22,22,84,24,37,130,81,80,66,100,104,133,755,298,1018,2240,2429,2438,2031,2076,1076,643,14247
POA3163,5,0,14,25,34,70,139,258,177,720,0,11,39,15,8,13,23,47,26,185,30,100,302,153,123,90,139,141,123,1206,447,2433,6919,5303,3951,3341,2585,1523,718,27206
POA3165,4,0,4,9,23,48,170,341,250,854,0,5,13,10,8,15,31,55,28,164,50,49,102,140,116,109,112,100,86,866,611,1549,3085,4686,4717,3365,2381,1422,830,22659
POA3166,0,5,6,10,29,79,253,485,318,1185,0,5,14,10,8,29,81,114,56,326,30,102,216,145,103,87,83,59,44,880,456,2045,4401,3569,3377,2643,1771,1232,699,20194
POA3167,3,4,4,7,19,51,145,232,88,559,0,0,5,5,11,22,51,52,22,170,7,23,73,49,38,46,37,38,24,348,160,562,1469,1432,1235,1197,984,613,267,7922
POA3168,0,5,31,17,30,49,116,218,163,631,0,21,40,19,25,31,43,56,28,261,71,361,616,191,96,79,83,101,150,1748,1013,4628,6608,2505,1452,1228,916,733,524,19613
POA3169,7,6,21,33,55,151,394,482,188,1349,0,9,33,38,57,127,150,145,81,642,43,117,202,126,92,92,119,140,125,1061,397,1561,3978,2882,2340,2159,2009,1339,575,17240
POA3170,4,3,10,18,31,81,252,358,157,919,0,0,16,18,20,37,68,87,44,289,18,46,109,94,103,74,70,93,44,655,378,1133,2708,2886,2594,2075,1963,1418,519,15683
POA3171,4,21,124,139,214,317,297,320,201,1630,7,42,160,174,226,281,249,172,103,1421,60,103,356,164,138,130,112,94,90,1252,450,1853,4521,2987,2507,2325,1819,1191,612,18264
POA3172,6,8,50,115,175,256,281,282,140,1313,0,27,74,87,120,260,175,93,56,903,32,63,131,132,89,114,107,105,66,838,499,1505,2790,3063,3093,2997,2423,1422,552,18348
POA3173,6,3,46,114,195,330,338,278,131,1449,0,16,59,103,168,250,181,104,57,940,46,58,148,157,98,103,113,99,56,879,722,1969,4261,4712,3835,3185,2503,1276,456,22919
POA3174,22,29,120,238,273,407,487,574,304,2453,13,43,175,194,231,320,228,152,81,1438,93,167,506,312,259,270,244,194,82,2125,786,2939,7389,5669,4511,4186,3395,2145,868,31881
POA3175,25,62,327,486,414,457,637,752,351,3514,11,59,472,562,491,346,244,207,124,2515,193,290,903,726,487,458,404,336,169,3961,1134,3586,9586,7881,6018,5312,4429,2827,1229,42009
POA3177,8,19,94,162,100,116,133,95,55,793,0,23,167,194,124,82,43,21,17,672,58,76,221,154,122,108,124,106,50,1006,273,768,2257,1783,1282,1150,890,518,200,9136
POA3178,6,0,22,20,38,117,219,273,126,826,0,5,11,21,21,45,58,55,26,241,36,56,120,109,80,104,125,99,46,776,778,2345,3782,4173,5004,5115,3067,1660,554,26480
POA3179,3,0,7,9,15,26,50,30,11,151,0,0,0,0,10,13,11,9,6,43,12,9,30,45,27,23,28,19,11,192,153,405,693,916,879,745,603,272,64,4731
POA3180,0,0,3,6,20,22,41,63,26,181,0,0,6,12,8,10,7,8,4,52,7,13,31,33,23,24,33,45,13,213,157,454,930,1127,989,898,806,561,129,6055
POA3181,0,3,7,9,22,35,66,189,122,452,0,0,7,10,4,11,7,47,34,124,30,78,279,164,124,120,127,170,220,1324,205,1566,6271,3401,2088,1630,1217,905,555,17844
POA3182,3,8,5,14,31,25,58,67,32,238,3,5,17,10,4,10,10,19,4,78,26,111,485,336,279,259,176,114,34,1820,224,1356,6460,4274,3063,2620,1623,677,184,20475
POA3183,8,0,13,21,12,16,32,65,37,208,0,3,7,15,3,3,11,16,11,84,25,76,264,186,107,84,84,46,25,903,237,1214,4506,3155,2141,1562,1153,534,225,14729
POA3184,3,0,0,6,7,8,25,37,37,130,0,0,5,5,4,9,6,8,3,37,14,38,204,214,141,104,61,39,25,836,162,721,3300,2841,2401,1779,1042,424,147,12815
POA3185,0,0,4,3,8,13,34,49,56,176,0,4,5,3,3,3,4,16,7,46,24,29,90,82,42,38,48,34,31,418,233,764,2321,1984,1825,1467,1156,606,288,10644
POA3186,0,3,6,8,3,22,32,93,79,235,0,0,0,3,6,7,7,10,13,51,42,29,71,89,121,106,133,140,149,885,477,1190,1842,2442,3506,3334,2875,1953,952,18573
POA3187,0,0,4,9,4,14,44,93,106,280,0,6,4,13,9,8,11,13,7,69,32,22,50,56,88,54,72,112,167,647,385,839,1139,1916,2653,2115,1617,1224,853,12740
POA3188,0,0,4,17,18,27,68,116,93,349,0,5,3,4,13,16,18,19,5,78,28,23,78,94,100,100,103,87,24,645,419,1050,1663,2338,3035,2684,1809,1066,394,14460
POA3189,0,0,7,6,6,8,47,54,42,173,0,0,6,3,11,12,10,11,5,66,5,6,42,44,33,31,26,40,18,249,116,299,828,1061,873,695,530,356,163,4918
POA3190,3,4,3,5,13,25,67,98,62,289,0,4,0,3,5,4,19,21,11,72,22,20,65,77,66,32,53,55,51,436,213,566,1602,1884,1855,1321,1040,603,291,9381
POA3191,4,0,5,0,7,11,19,31,48,129,0,0,0,0,0,0,3,5,10,13,18,10,38,63,58,53,66,81,100,484,240,513,831,1297,1748,1580,1262,764,488,8730
POA3192,3,0,4,15,30,54,155,289,217,764,0,3,12,17,19,17,37,41,38,173,30,44,134,132,119,87,112,109,117,876,441,1194,3026,3776,3396,2618,2055,1473,954,18942
POA3193,0,0,3,5,9,13,45,73,64,204,0,0,9,0,6,0,12,6,0,29,30,6,34,65,93,74,87,85,50,520,444,1033,1135,1937,3352,3048,2581,1512,631,15676
POA3194,0,0,7,9,11,26,48,124,83,311,0,0,8,8,6,8,10,19,11,75,5,3,74,57,48,50,64,63,58,426,211,639,1710,1907,2010,1601,1298,889,403,10668
POA3195,8,4,12,22,47,90,165,247,202,796,3,0,5,21,26,34,36,31,21,180,48,40,114,141,150,134,153,159,122,1054,801,2051,3590,5078,6124,4839,3341,1918,864,28605
POA3196,9,8,15,28,29,62,120,237,172,690,6,3,11,14,10,12,24,22,10,107,47,46,164,173,137,150,155,164,111,1137,450,1150,3517,4215,3778,3225,2590,1596,718,21231
POA3197,3,3,7,9,11,27,87,104,63,325,0,0,4,3,7,17,18,11,8,69,22,12,54,50,40,41,53,65,25,364,221,556,1299,1562,1840,1732,1430,722,252,9618
POA3198,12,12,15,31,39,62,111,137,74,494,3,3,9,0,0,9,10,4,4,60,40,44,134,172,176,118,93,109,65,963,309,802,2352,2680,2442,2036,1679,1016,378,13706
POA3199,20,22,64,92,117,176,309,439,279,1514,4,13,29,26,20,28,22,30,20,199,169,191,527,462,459,409,373,408,371,3377,1266,3103,7460,7544,7490,6780,5740,3516,1559,44461
POA3200,4,9,25,27,29,53,61,70,58,348,0,0,0,4,0,4,6,4,3,24,47,42,101,92,99,84,44,57,21,587,140,345,964,711,670,699,469,349,194,4536
POA3201,10,12,30,40,83,99,165,177,106,718,9,3,14,15,19,25,21,17,14,123,53,56,173,132,133,101,119,112,112,993,482,1307,3682,3195,2884,2552,1708,829,423,17056
POA3202,0,0,4,3,0,11,17,16,17,56,0,0,0,0,0,0,4,4,0,9,3,8,19,10,11,13,37,26,11,135,64,134,271,382,528,317,245,121,43,2102
POA3204,7,8,9,11,22,40,131,233,143,595,4,5,28,21,24,39,31,28,26,208,48,78,182,146,149,111,118,122,83,1033,721,2087,4199,4737,5219,3863,2599,1411,659,25502
POA3205,0,0,13,12,12,21,37,61,38,199,0,0,11,3,10,8,14,8,26,84,24,30,124,113,110,97,67,85,95,742,149,630,2507,2001,1653,1323,901,531,278,9973
POA3206,0,4,5,6,4,11,48,150,57,284,0,0,0,0,0,0,4,22,17,47,9,10,31,51,47,50,56,49,29,329,152,364,899,1355,1652,1426,1093,782,231,7966
POA3207,4,0,17,13,21,46,95,151,75,414,0,0,7,5,3,11,26,35,8,95,33,60,210,202,175,158,135,85,32,1087,249,697,2713,3126,2904,2242,1669,923,240,14760
POA3211,0,0,0,3,4,4,21,13,3,51,0,0,0,0,0,0,0,0,0,8,12,6,8,12,32,30,10,8,4,117,51,97,97,167,218,220,137,52,16,1046
POA3212,11,5,21,34,39,73,157,141,90,574,0,0,5,10,13,10,10,14,5,68,34,51,164,140,107,72,83,77,43,773,456,1056,3035,2892,2572,2030,1745,819,291,14897
POA3213,3,6,12,3,19,21,40,53,15,165,0,0,5,5,4,3,6,3,0,24,10,19,24,25,31,41,17,12,5,190,124,352,537,558,746,689,370,187,45,3615
POA3214,33,50,120,152,179,261,422,339,179,1740,7,14,74,131,125,96,67,60,29,603,152,150,402,319,305,262,243,193,85,2115,740,1740,3855,2822,2968,2949,2339,1242,453,19105
POA3215,5,6,35,55,64,104,334,473,308,1385,0,4,21,14,25,29,46,67,52,254,45,64,152,123,130,91,137,184,156,1080,436,1319,3335,2644,2677,2493,2447,1622,839,17803
POA3216,24,15,42,50,83,125,276,506,423,1554,0,9,28,29,31,34,23,17,26,201,122,263,383,235,234,215,299,365,322,2441,1611,4773,8409,7508,7151,6470,5858,3913,1953,47645
POA3217,6,0,21,18,14,25,66,49,48,247,0,0,7,8,3,0,4,5,5,42,40,70,152,116,75,74,43,24,13,611,410,1597,4741,3435,1809,1366,1025,410,168,14959
POA3218,6,12,10,21,31,42,84,122,64,392,4,3,13,3,7,9,6,8,9,54,22,59,102,82,70,60,80,59,34,560,242,944,2530,2338,1892,1695,1240,626,239,11754
POA3219,17,14,45,38,67,131,252,325,172,1057,0,3,17,21,24,20,25,18,5,134,51,92,198,190,160,174,176,164,102,1309,472,1401,3108,2345,2542,2698,2283,1384,561,16799
POA3220,3,7,13,18,22,32,65,118,80,354,0,7,0,8,4,5,8,14,13,57,24,68,132,97,91,110,97,61,50,741,358,1212,2427,2114,2258,2277,1876,956,362,13853
POA3221,0,0,0,0,0,0,9,0,3,15,0,0,0,0,0,0,0,0,0,0,0,0,4,7,0,4,4,0,0,27,21,35,57,96,131,113,97,27,12,593
POA3222,10,7,16,23,22,51,138,177,122,567,0,3,3,7,5,6,10,6,3,40,29,26,66,67,61,95,139,114,60,656,385,844,1866,2118,2205,2575,2734,1455,522,14715
POA3223,4,4,7,7,17,55,126,152,66,433,0,0,0,0,5,0,8,15,3,43,16,16,30,55,80,134,175,166,94,769,121,289,627,751,1108,1762,2250,1133,314,8346
POA3224,7,8,6,14,24,52,140,192,83,528,0,0,0,5,3,9,3,8,4,37,24,17,61,51,65,57,112,106,33,530,335,752,1768,1766,1854,1851,1893,1298,439,11962
POA3225,0,0,0,0,0,3,17,32,36,92,0,0,0,0,0,0,0,0,0,9,9,7,17,29,21,58,100,78,21,334,75,157,277,407,534,873,1267,771,298,4664
POA3226,4,0,10,11,3,18,63,84,58,251,5,0,3,4,3,0,0,4,0,25,35,34,54,91,75,102,152,119,127,797,339,667,1584,2416,2288,2335,2420,1097,419,13564
POA3227,0,0,0,0,0,0,15,19,18,54,0,0,0,0,0,0,0,0,0,0,13,15,13,37,53,52,63,28,20,307,89,184,298,644,843,796,860,356,112,4171
POA3228,6,0,12,7,12,23,44,85,78,266,0,4,6,0,9,0,0,0,0,28,54,39,101,156,135,115,155,120,109,992,411,1026,2397,3860,3438,2690,2537,1151,420,17929
POA3230,0,0,3,5,0,4,12,9,17,42,0,0,5,0,0,0,0,0,3,3,3,0,16,19,18,26,39,13,12,154,43,104,254,333,361,543,613,306,102,2672
POA3231,0,0,0,0,0,0,5,0,3,7,0,0,0,0,0,0,0,0,0,0,4,7,12,12,16,17,27,9,0,105,25,47,99,114,221,358,317,138,33,1352
POA3232,0,0,0,0,0,0,0,9,9,21,0,0,0,0,0,0,0,0,0,3,5,4,8,11,18,19,38,12,17,122,18,56,172,108,130,226,271,125,56,1162
POA3233,0,0,5,5,7,8,16,23,20,82,0,0,0,0,0,0,0,0,0,3,3,7,22,22,40,37,47,24,15,221,26,65,220,228,320,410,449,218,69,2000
POA3234,0,0,0,0,0,0,0,0,0,3,0,0,0,0,0,0,0,0,0,0,0,0,0,0,4,4,0,4,0,13,5,6,17,18,35,45,54,16,0,199
POA3235,0,0,0,0,0,0,3,5,0,9,0,0,0,0,0,0,0,0,0,0,4,3,7,5,13,11,0,4,0,56,9,9,39,67,77,99,69,22,6,402
POA3236,0,0,0,0,0,0,0,5,0,9,0,0,0,0,0,0,0,0,0,0,0,0,9,5,3,8,7,4,0,33,0,10,29,26,33,57,39,16,4,218
POA3237,0,0,0,0,0,5,3,0,0,7,0,0,0,0,0,0,0,0,0,0,6,6,8,9,6,17,0,0,0,48,8,5,23,32,56,67,36,10,0,238
POA3238,0,0,0,0,0,0,0,0,0,7,0,0,0,0,0,0,0,0,0,0,0,0,3,4,5,3,0,0,0,15,4,5,15,35,43,69,24,5,4,206
POA3239,0,0,0,0,0,0,10,4,0,22,0,0,0,0,0,0,0,0,0,0,3,4,10,4,12,12,11,3,0,59,9,17,47,45,81,90,89,17,0,401
POA3240,0,0,0,3,4,4,10,7,4,39,0,0,0,0,0,0,0,0,0,0,3,3,12,18,5,8,17,12,4,69,52,101,175,322,320,322,213,82,20,1603
POA3241,0,0,5,4,4,10,20,27,13,86,0,0,0,0,0,0,0,0,0,10,17,13,23,32,29,40,33,33,40,249,72,133,402,373,378,438,375,191,77,2450
POA3242,0,0,0,0,4,5,3,7,0,17,0,0,0,0,0,0,0,0,0,0,5,4,7,5,4,11,16,3,0,52,10,33,104,125,110,140,147,52,5,725
POA3243,0,0,0,0,3,0,0,4,0,7,0,0,0,0,0,0,0,0,0,0,4,4,5,3,12,0,11,6,0,40,10,14,36,48,62,52,85,23,6,323
POA3249,0,0,0,5,11,15,24,30,15,103,0,0,0,0,0,0,0,0,0,5,15,3,22,22,41,39,27,22,9,198,96,140,289,363,468,568,459,182,41,2613
POA3250,5,7,27,37,33,67,156,257,190,789,0,0,25,14,21,24,17,6,7,121,17,25,100,70,73,73,127,116,59,659,275,671,1650,1409,1489,1551,1535,1056,502,10140
POA3251,0,0,0,4,0,8,11,6,3,29,0,0,0,0,0,0,0,0,0,4,0,0,4,8,0,9,8,0,0,26,16,14,49,70,72,90,94,27,11,440
POA3254,0,0,0,0,0,0,4,6,0,8,0,0,0,0,0,0,0,0,0,0,3,0,4,6,0,8,3,0,0,32,12,17,53,44,36,55,22,14,0,261
POA3260,6,0,5,5,11,21,68,103,69,288,0,0,0,0,0,4,0,3,0,14,24,19,38,40,48,44,52,46,20,332,128,205,442,472,596,696,743,451,148,3881
POA3264,0,0,10,6,5,20,33,56,43,169,0,0,0,4,3,0,0,3,0,17,5,3,9,14,15,15,38,34,22,157,52,106,232,220,262,359,298,204,105,1845
POA3265,0,0,9,4,0,16,23,18,9,83,0,0,0,0,0,0,0,0,0,0,25,12,26,18,33,33,22,18,8,198,94,128,312,294,412,463,277,114,40,2131
POA3266,0,7,0,3,0,13,36,66,42,169,0,0,0,0,0,0,3,5,0,10,22,19,20,21,36,31,26,33,16,215,73,164,309,272,419,443,354,264,111,2410
POA3267,0,0,0,0,0,0,0,0,0,4,0,0,0,0,0,0,0,0,0,0,0,0,0,0,4,10,3,0,0,17,5,7,23,17,28,51,23,12,4,170
POA3268,0,3,4,0,3,4,20,33,22,88,0,0,0,0,0,0,0,4,0,4,4,14,28,18,21,28,21,12,17,168,60,132,259,294,328,405,296,168,66,2006
POA3269,0,0,0,0,0,4,0,7,0,12,0,0,0,0,0,0,0,0,0,0,5,0,14,5,3,5,8,5,5,46,12,30,85,79,92,96,91,27,14,527
POA3270,0,0,0,0,0,0,0,8,0,9,0,0,0,0,0,0,0,0,0,0,0,0,0,0,0,0,7,3,0,12,3,10,31,29,39,61,51,33,6,260
POA3271,0,0,0,0,0,0,3,0,0,3,0,0,0,0,0,0,0,0,0,0,5,0,4,0,6,5,7,0,0,29,12,12,18,16,29,33,28,8,3,159
POA3272,0,0,3,4,7,9,15,29,17,82,0,0,0,0,0,0,0,0,0,8,0,6,11,17,8,17,22,13,8,118,23,70,165,157,189,238,243,144,64,1288
POA3273,0,0,0,0,0,0,0,0,0,0,0,0,0,0,0,0,0,0,0,0,0,0,0,0,0,4,0,0,0,9,3,6,8,4,22,32,15,10,0,107
POA3274,0,0,0,0,0,0,0,3,6,12,0,0,0,0,0,0,0,0,0,0,0,3,0,0,0,0,4,6,0,14,6,13,18,28,25,35,42,15,3,191
POA3275,0,0,0,0,0,0,4,0,0,11,0,0,0,0,0,0,0,0,0,0,0,8,3,8,8,0,0,3,3,28,21,40,62,60,80,55,44,7,3,362
POA3276,0,0,0,0,0,4,4,8,0,17,0,0,0,0,0,0,0,0,0,0,8,6,0,0,5,8,5,0,0,28,16,31,39,45,54,80,54,12,4,350
POA3277,0,0,0,0,0,4,17,22,9,59,0,0,0,0,0,0,0,0,0,0,7,8,13,11,15,19,23,13,4,111,50,83,215,212,246,259,227,89,26,1403
POA3278,0,0,0,0,0,0,4,4,0,9,0,0,0,0,0,0,0,0,0,0,0,0,0,3,5,6,7,0,0,20,9,12,43,37,59,46,30,16,7,263
POA3279,0,0,0,0,0,0,5,0,0,10,0,0,0,0,0,0,0,0,0,0,5,0,0,6,3,0,5,0,0,21,11,20,31,26,57,30,23,12,0,217
POA3280,20,16,46,63,64,110,321,456,284,1384,0,6,31,26,12,25,13,5,3,132,122,95,257,276,225,212,253,271,204,1910,805,1756,4321,3956,4109,4292,3832,2269,1049,26385
POA3281,0,0,0,0,0,0,9,10,10,32,0,0,0,0,0,0,0,0,0,6,3,0,4,10,6,14,10,0,0,51,48,68,153,259,288,248,199,74,14,1351
POA3282,0,0,6,8,3,8,25,30,10,82,0,0,0,0,0,0,3,0,0,6,14,9,15,15,21,21,20,21,13,141,55,103,274,283,313,369,318,155,43,1901
POA3283,0,0,0,0,3,8,16,13,0,38,0,0,0,0,0,0,0,0,0,0,4,8,13,8,14,10,17,5,0,80,27,66,133,155,205,238,205,58,6,1099
POA3284,3,0,6,0,4,3,22,54,38,133,0,0,0,0,0,0,0,0,0,6,12,8,23,19,26,39,60,44,37,271,60,91,285,431,432,532,686,366,166,3051
POA3285,0,0,0,0,3,3,12,10,3,36,0,0,0,0,0,3,0,0,0,3,12,3,3,3,26,12,4,11,0,75,39,46,84,150,198,198,183,68,9,983
POA3286,0,0,0,0,0,3,11,8,8,31,0,0,0,0,0,0,0,0,0,0,0,0,8,5,0,4,7,5,0,23,15,16,40,55,63,91,95,36,13,420
POA3287,0,0,0,0,0,4,4,6,4,12,0,0,0,0,0,0,0,0,0,0,3,0,0,0,4,4,7,0,0,21,9,31,50,45,69,76,23,19,4,316
POA3289,0,4,3,0,0,5,12,8,10,38,0,0,0,0,0,3,0,0,0,4,0,0,0,5,4,15,14,7,4,52,18,31,57,83,105,149,125,47,30,639
POA3292,0,0,0,0,0,0,3,6,0,5,0,0,0,0,0,0,0,0,0,0,0,0,0,9,0,0,6,0,0,25,4,0,13,19,23,40,62,14,4,176
POA3293,0,0,0,0,0,3,0,4,0,9,0,0,0,0,0,0,0,0,0,0,0,5,0,0,5,3,4,0,0,23,11,16,24,38,51,57,51,21,3,268
POA3294,0,0,0,0,0,3,3,5,0,16,0,0,0,0,0,0,0,0,0,0,0,0,8,12,3,3,18,5,9,58,11,32,96,115,110,131,175,68,17,756
POA3300,10,12,20,19,27,53,88,186,134,549,0,0,6,0,5,5,0,3,0,23,33,34,60,54,71,81,101,116,94,647,258,540,1169,1066,1189,1384,1373,939,426,8338
POA3301,0,0,0,0,0,3,8,4,6,24,0,0,0,0,0,0,0,0,0,0,0,0,3,0,9,15,11,8,0,61,24,42,114,105,196,210,206,59,6,968
POA3302,0,0,0,0,0,0,3,5,0,7,0,0,0,0,0,0,0,0,0,0,0,0,5,8,0,4,3,0,0,19,4,10,39,43,54,60,49,27,4,291
POA3303,0,0,0,0,0,0,0,3,3,12,0,0,0,0,0,0,0,0,0,0,0,0,7,3,8,6,0,0,5,25,8,8,35,34,59,34,27,14,7,226
POA3304,0,0,4,7,7,18,42,48,38,164,0,0,0,0,0,0,0,0,0,4,18,14,19,29,38,41,55,34,25,269,67,100,264,287,332,471,458,194,79,2248
POA3305,14,4,23,31,49,91,173,165,109,649,0,0,6,8,8,7,4,7,0,45,37,43,84,101,99,128,160,122,53,831,334,611,1290,1415,1805,2123,1933,936,374,10817
POA3309,0,0,0,0,0,0,0,3,0,6,0,0,0,0,0,0,0,0,0,0,0,0,0,0,0,0,5,0,0,5,5,8,0,11,19,11,14,14,0,93
POA3310,0,0,0,0,3,3,3,4,0,15,0,0,0,0,0,0,0,0,0,0,0,0,0,3,0,4,3,3,0,20,3,7,16,26,31,71,54,30,3,237
POA3311,0,0,3,6,8,14,25,53,40,148,0,0,0,0,0,4,0,0,0,12,0,6,7,5,6,32,34,36,18,145,27,72,132,110,170,321,299,226,110,1471
POA3312,0,0,0,0,6,8,8,13,6,39,0,0,0,0,0,0,0,0,0,0,7,3,9,8,11,11,18,13,0,87,20,34,92,95,146,171,165,75,8,806
POA3314,0,0,0,0,0,0,6,3,0,13,0,0,0,0,0,0,0,0,0,0,4,0,4,6,5,6,15,8,0,37,7,19,47,72,71,82,94,30,10,442
POA3315,0,0,0,0,8,14,28,28,38,116,0,4,0,0,0,0,0,0,0,9,8,5,12,16,26,26,25,23,9,140,38,77,126,168,205,306,265,131,80,1385
POA3317,0,0,0,0,0,0,0,4,0,6,0,0,0,0,0,0,0,0,0,0,5,0,0,3,7,4,0,4,0,20,9,4,15,17,35,32,22,18,7,153
POA3318,0,0,0,3,3,7,21,22,17,67,0,0,0,0,0,0,0,0,0,3,7,3,0,6,14,14,29,14,9,91,28,28,114,119,150,209,214,110,65,1033
POA3319,0,0,0,0,0,3,6,6,0,12,0,0,0,0,0,0,0,0,0,0,3,8,5,6,17,18,9,8,0,68,9,15,33,32,56,92,67,30,3,343
POA3321,0,0,4,0,6,6,5,5,3,26,0,0,0,0,0,0,0,0,0,0,5,0,6,8,10,16,14,10,0,69,36,66,157,265,268,249,151,53,7,1263
POA3322,0,0,0,0,0,4,0,4,0,7,0,0,0,0,0,0,0,0,0,0,0,0,0,0,0,4,7,0,0,12,4,9,18,14,19,35,29,22,5,146
POA3323,0,0,0,0,0,0,0,0,0,0,0,0,0,0,0,0,0,0,0,0,0,0,0,0,0,0,0,0,0,14,0,6,12,5,12,15,12,5,6,79
POA3324,0,0,0,0,0,5,16,10,6,40,0,0,0,0,0,0,0,0,0,0,3,0,9,9,7,12,8,0,7,45,9,36,51,71,53,109,95,40,19,472
POA3325,0,0,0,0,0,0,5,7,4,22,0,0,0,0,0,0,0,0,0,0,0,0,4,8,4,4,4,6,3,37,9,7,40,41,47,97,78,43,11,374
POA3328,0,0,7,6,5,8,17,7,6,52,0,0,0,0,0,0,0,0,0,0,6,8,15,20,15,11,17,7,3,102,59,103,250,354,324,293,206,64,19,1659
POA3329,0,0,0,0,0,0,0,0,0,6,0,0,0,0,0,0,0,0,0,0,0,0,0,0,0,0,5,0,0,9,11,12,37,43,34,42,41,12,0,235
POA3330,0,0,0,0,0,0,6,0,0,8,0,0,0,0,0,0,0,0,0,0,0,0,7,0,3,4,6,0,0,18,13,8,32,28,32,22,22,8,3,168
POA3331,0,3,10,7,15,20,30,47,18,161,0,0,4,0,7,0,5,8,0,23,13,14,25,57,31,34,37,53,54,322,168,324,881,1062,973,665,632,315,127,5146
POA3332,0,0,0,0,0,10,5,4,0,31,0,0,0,0,0,0,0,0,0,0,0,4,7,12,12,12,6,0,6,62,32,55,128,167,166,181,96,29,7,865
POA3333,0,0,0,3,0,8,6,9,0,34,0,0,0,0,0,0,0,0,0,3,3,0,6,0,8,11,12,4,0,53,25,34,88,106,126,145,107,46,14,686
POA3334,0,0,0,0,3,0,8,3,4,21,0,0,0,0,0,0,3,0,0,3,4,0,6,15,12,11,13,4,0,69,25,20,45,57,90,95,80,30,4,446
POA3335,5,0,14,6,20,24,62,17,0,156,0,0,3,13,19,11,17,11,5,78,23,26,103,66,50,28,25,7,0,329,113,399,1695,1084,513,406,273,79,8,4569
POA3336,0,6,36,41,38,68,87,34,10,319,3,3,17,17,20,34,35,9,4,137,39,57,134,138,68,50,18,4,3,511,312,936,3647,3940,1555,836,497,115,19,11873
POA3337,29,36,99,137,177,228,440,331,89,1563,0,17,40,63,89,62,55,50,16,394,178,178,452,447,340,269,244,169,35,2309,1094,2499,5924,6069,4953,4073,3374,1403,316,29694
POA3338,19,39,142,140,122,157,267,192,67,1163,3,10,86,103,80,78,55,35,7,457,142,171,490,391,269,179,163,115,52,1972,842,2154,6644,6233,3690,2671,2250,872,293,25660
POA3340,4,14,35,33,53,99,222,237,141,835,4,0,6,7,19,15,27,13,10,95,60,53,161,147,143,137,167,115,42,1038,569,1421,3639,3579,3239,2782,2510,1224,448,19408
POA3341,0,0,0,3,0,4,12,17,3,36,0,0,0,0,0,0,0,0,0,6,4,8,15,6,16,12,19,10,0,92,43,85,142,202,285,262,160,77,12,1271
POA3342,3,0,5,6,9,21,30,47,25,149,0,0,0,0,0,0,0,0,0,3,11,0,23,29,26,31,43,28,17,205,94,152,431,523,529,580,439,254,93,3096
POA3345,0,0,0,3,0,0,19,8,5,43,0,0,0,0,0,0,0,0,3,5,0,5,8,12,16,12,10,3,0,67,38,43,127,199,211,220,150,59,11,1056
POA3350,24,46,69,89,112,179,409,514,379,1832,0,12,29,22,29,27,34,22,13,189,171,249,466,360,360,361,395,408,330,3101,1596,4272,8961,8544,8075,7715,6803,3809,1662,51440
POA3351,4,3,13,17,16,45,68,57,22,250,0,0,0,6,5,6,3,0,0,20,33,29,55,67,105,78,82,41,4,495,266,476,898,1106,1328,1374,1044,397,75,6954
POA3352,4,12,20,24,29,65,145,142,47,489,0,3,4,4,9,5,0,0,3,31,54,30,112,118,161,143,165,94,20,904,453,887,2048,2452,2753,2573,2026,786,165,14160
POA3355,26,17,38,38,49,86,172,209,144,787,0,5,11,7,9,8,11,3,0,56,52,57,136,102,131,117,120,139,97,952,344,794,1743,1242,1548,1586,1553,1137,527,10485
POA3356,14,25,37,36,56,88,221,252,179,904,0,5,10,7,20,14,15,7,6,71,67,79,149,120,128,104,142,139,82,1018,417,1083,2323,1751,1713,1778,1775,1090,517,12443
POA3357,0,0,0,4,4,6,24,25,9,80,0,0,0,0,0,0,6,0,0,10,11,9,16,19,19,13,23,15,7,124,78,119,228,461,581,532,536,209,58,2812
POA3358,0,3,11,6,5,4,6,16,0,58,0,0,4,0,0,0,0,0,0,7,5,9,20,12,9,8,10,8,0,89,58,269,806,485,336,242,159,74,13,2439
POA3360,0,0,5,0,5,4,13,11,4,39,0,0,0,0,0,0,0,0,0,0,3,3,7,3,12,14,8,6,3,51,14,29,87,72,129,117,131,62,12,645
POA3361,0,0,0,4,0,6,5,16,11,38,0,0,0,0,0,0,0,0,0,4,5,4,0,9,12,10,8,8,8,67,18,24,50,71,90,137,80,61,29,564
POA3363,6,0,5,10,12,23,29,51,40,180,0,0,0,0,0,3,5,0,0,8,12,16,14,38,40,45,53,45,21,286,74,123,314,377,477,537,548,314,145,2907
POA3364,0,0,0,0,3,9,11,28,12,65,0,0,0,0,0,0,0,0,0,4,3,3,17,27,34,30,39,22,8,180,43,69,189,265,328,361,379,127,35,1800
POA3370,0,0,9,7,11,17,19,28,13,97,0,0,0,0,0,0,3,3,0,6,4,6,8,11,24,26,19,16,9,121,31,69,149,197,274,342,316,158,54,1587
POA3371,0,0,0,0,3,10,21,15,5,57,0,0,0,0,0,0,0,0,0,5,10,7,3,14,26,42,32,15,5,152,39,44,55,72,159,262,226,62,27,949
POA3373,0,0,0,3,6,15,38,37,12,110,0,0,0,0,0,0,0,0,0,0,15,10,16,22,23,29,27,35,23,195,66,105,187,236,348,373,425,200,77,2013
POA3374,0,0,0,0,3,0,6,10,0,18,0,0,0,0,0,0,0,0,0,0,3,0,0,4,6,6,7,3,0,32,6,11,24,44,70,70,86,39,3,353
POA3375,0,0,0,0,0,0,0,6,0,8,0,0,0,0,0,0,0,0,0,0,0,0,0,0,0,0,0,5,0,11,0,10,11,30,37,40,24,17,3,182
POA3377,7,10,16,18,21,48,125,129,94,468,0,3,7,6,11,16,15,7,3,68,22,48,138,105,103,102,96,83,29,727,219,484,1262,1056,1207,1360,1291,744,315,7931
POA3378,0,0,0,0,0,0,0,0,0,0,0,0,0,0,0,0,0,0,0,0,0,0,0,6,0,0,4,0,0,11,5,6,12,19,16,17,14,0,0,100
POA3379,0,0,4,3,3,0,3,9,5,28,0,0,0,0,0,0,0,0,0,0,4,0,0,5,11,11,7,5,7,60,14,27,51,71,108,131,127,69,23,618
POA3380,4,8,15,11,22,41,78,100,44,322,0,0,9,3,10,11,6,0,0,38,24,13,60,45,57,67,91,103,84,546,132,344,780,591,715,916,882,521,221,5096
POA3381,0,0,3,0,0,4,12,5,3,23,0,0,0,0,0,0,0,0,0,0,3,7,38,12,23,33,31,18,0,162,19,50,189,136,178,250,221,79,16,1142
POA3384,0,0,0,0,0,0,3,12,6,24,0,0,0,0,0,0,0,0,0,5,8,5,3,3,10,15,3,0,0,57,19,21,44,49,92,114,82,50,12,490
POA3385,0,0,0,0,3,4,3,8,3,32,0,0,0,0,0,0,0,0,0,0,0,0,9,11,7,7,15,5,0,54,8,11,40,58,75,102,110,31,11,454
POA3387,0,0,0,0,5,0,0,3,0,14,0,0,0,0,0,0,0,0,0,0,0,0,0,0,0,5,4,3,0,12,4,8,30,37,40,52,39,19,3,237
POA3388,0,0,0,0,0,3,6,3,6,21,0,0,0,0,3,0,0,3,0,10,3,0,0,0,7,13,9,9,5,49,5,18,53,51,62,122,77,51,20,462
POA3390,3,0,0,0,6,3,8,16,9,50,0,0,0,0,0,0,0,0,0,4,10,3,9,5,4,9,14,8,9,64,29,34,76,89,118,142,138,82,27,732
POA3391,0,0,0,0,0,3,3,8,3,18,0,0,0,0,0,0,0,0,0,0,5,0,0,6,3,0,0,0,0,19,6,10,14,22,18,30,22,13,5,144
POA3392,0,0,0,0,0,3,6,5,9,30,0,0,0,4,0,0,0,0,0,9,5,0,0,4,7,11,18,11,16,65,15,15,38,48,74,116,88,61,42,499
POA3393,3,4,4,7,13,18,45,42,24,151,0,0,0,0,3,3,3,4,0,14,13,7,25,18,27,25,39,60,38,249,43,121,272,224,307,394,381,251,114,2105
POA3395,0,0,0,0,0,3,3,3,8,22,0,0,0,0,0,0,0,0,0,0,0,0,0,4,0,3,5,5,4,20,3,10,37,32,37,76,53,35,16,296
POA3396,0,0,0,4,3,5,7,19,28,68,0,0,0,0,0,5,4,0,0,3,0,0,0,4,4,5,3,6,3,33,15,19,63,66,60,117,130,73,49,583
POA3400,10,10,38,28,41,62,144,240,211,790,0,0,7,7,6,13,7,6,0,52,60,74,131,76,82,102,120,128,78,852,333,902,2097,1689,1593,1842,1676,1173,570,11869
POA3401,3,0,7,5,5,23,26,40,18,121,0,0,0,0,4,0,4,0,0,10,28,16,24,30,31,45,45,14,6,236,145,224,384,502,737,761,494,207,48,3501
POA3407,0,0,0,0,0,0,3,8,0,11,0,0,0,0,0,0,0,0,0,0,0,0,0,3,4,3,4,5,4,18,10,11,27,35,67,71,57,40,10,325
POA3409,0,0,0,0,0,7,4,15,7,35,0,0,0,0,0,0,0,0,0,0,0,0,6,12,9,19,15,13,23,102,6,31,102,104,130,206,122,60,43,811
POA3412,0,0,0,3,0,6,0,12,6,25,0,0,0,0,0,0,0,0,0,0,0,0,0,0,3,0,4,6,0,20,0,4,26,33,30,40,43,40,6,225
POA3413,0,0,0,0,0,0,0,4,3,10,0,0,0,0,0,0,0,0,0,0,0,0,0,3,0,0,4,5,3,16,3,7,18,15,37,37,16,25,8,161
POA3414,5,0,4,4,7,12,21,36,27,108,0,0,0,0,3,0,0,4,0,11,9,4,6,14,7,15,24,23,20,120,39,55,160,164,208,285,261,170,81,1422
POA3415,0,0,0,0,0,0,0,0,0,0,0,0,0,0,0,0,0,0,0,0,0,0,0,0,3,0,0,0,0,3,3,6,6,0,4,11,0,0,0,37
POA3418,0,0,12,14,9,14,30,61,67,209,0,0,12,14,21,9,3,0,5,59,12,5,18,20,21,31,36,39,29,209,72,132,368,265,339,415,314,265,138,2317
POA3419,0,0,0,0,0,6,9,13,16,50,0,0,0,0,0,0,0,0,0,0,3,0,0,9,10,14,8,4,3,45,23,43,75,91,107,136,148,71,38,735
POA3420,0,0,0,0,0,0,0,0,0,10,0,0,0,0,0,0,0,0,0,0,0,0,0,0,3,4,3,5,0,19,4,13,33,40,35,37,35,13,0,211
POA3423,0,0,0,0,4,3,12,9,6,46,4,0,0,0,0,0,0,0,0,7,0,0,0,4,4,8,11,10,11,46,14,14,33,33,55,108,88,33,24,405
POA3424,0,0,0,0,0,6,11,14,14,48,0,6,0,0,0,0,0,0,0,0,3,0,10,8,0,9,10,9,18,57,15,19,57,76,70,134,132,75,37,610
POA3427,3,0,10,8,12,18,49,28,8,138,0,0,7,0,4,5,8,11,0,36,20,17,65,54,36,41,33,16,4,280,100,321,1322,931,571,557,381,142,20,4356
POA3428,0,0,0,0,3,4,15,9,8,33,0,0,0,0,0,0,0,5,0,9,0,3,8,4,10,9,5,0,0,42,19,43,74,77,111,82,97,48,10,544
POA3429,19,6,52,40,56,95,270,287,195,1026,4,4,18,12,19,18,23,24,15,133,91,90,248,228,217,188,156,154,76,1451,968,2352,5516,5251,5329,4901,3575,1686,664,30243
POA3430,0,0,0,0,0,3,0,6,5,17,0,0,0,0,0,0,0,0,0,0,3,0,3,6,8,8,6,7,0,32,5,14,38,28,43,50,29,24,0,247
POA3431,0,0,3,0,4,8,30,20,11,76,0,0,0,0,0,0,0,0,0,0,15,11,7,20,35,21,22,13,0,143,103,225,393,539,687,649,483,219,33,3331
POA3432,0,0,0,0,0,0,0,0,0,5,0,0,0,0,0,0,0,0,0,0,0,0,3,0,0,6,0,0,0,12,9,4,5,19,42,37,33,8,0,148
POA3433,0,0,0,0,0,0,0,0,0,4,0,0,0,0,0,0,0,0,0,0,3,0,3,4,6,0,0,0,0,12,12,13,14,29,39,23,22,14,0,164
POA3434,0,0,3,3,11,17,52,40,14,144,0,0,0,0,0,0,9,0,0,6,19,7,39,34,40,46,44,38,9,270,153,284,823,773,884,773,604,294,58,4653
POA3435,0,0,3,0,9,8,25,32,6,78,3,0,0,0,0,0,0,5,3,9,10,14,15,22,18,33,26,20,4,166,67,152,356,401,439,469,398,173,28,2494
POA3437,3,0,4,11,16,19,72,65,23,214,0,0,4,0,0,0,0,4,0,11,33,27,29,70,64,61,55,62,73,471,279,503,942,1729,1716,1489,1099,580,184,8525
POA3438,0,0,0,0,0,0,10,36,41,89,0,3,0,0,0,0,0,0,0,4,11,12,7,15,10,12,4,7,11,83,60,132,183,332,411,275,219,166,67,1851
POA3440,0,0,0,0,3,0,4,8,8,22,0,0,0,0,0,0,0,0,0,0,12,3,4,7,18,17,26,6,5,90,44,86,107,275,332,280,269,110,19,1529
POA3441,0,0,0,0,0,0,5,3,0,14,0,0,0,0,0,0,0,0,0,0,4,4,5,7,18,12,20,5,3,82,18,30,91,175,220,244,233,95,11,1110
POA3442,0,0,4,6,4,13,37,64,32,170,0,0,0,3,6,4,7,3,0,25,31,18,31,49,68,70,63,50,18,401,166,270,557,1071,1404,1206,1130,564,167,6542
POA3444,0,5,11,7,19,45,72,112,75,351,0,3,3,9,3,3,3,8,6,31,26,38,75,56,93,91,103,80,44,606,209,401,867,1197,1524,1441,1369,768,316,8089
POA3446,4,0,3,0,0,0,0,0,0,15,0,0,0,0,0,0,3,0,0,5,3,0,11,5,14,17,10,3,7,72,15,39,104,129,174,185,159,44,15,865
POA3447,0,3,0,0,0,4,6,3,0,13,0,0,0,0,0,0,0,0,0,0,3,8,0,6,8,9,6,5,5,48,13,25,37,57,89,104,85,33,3,451
POA3448,0,0,0,0,5,4,8,8,7,27,0,0,0,0,0,0,0,0,0,0,8,0,12,9,10,10,19,15,3,74,12,26,78,107,146,160,174,70,17,794
POA3450,0,0,5,12,11,20,51,64,53,225,0,0,0,4,3,6,0,0,3,11,23,16,52,66,80,60,100,132,182,714,110,197,696,936,970,1072,1219,805,411,6426
POA3451,0,0,3,6,16,22,34,37,10,134,0,0,0,4,0,0,6,0,0,9,10,13,38,31,47,58,63,36,15,311,104,196,516,671,868,935,852,375,95,4616
POA3453,0,0,0,5,6,3,13,9,0,38,0,0,0,0,0,0,0,0,0,6,13,0,11,14,18,25,17,11,6,118,47,77,154,201,259,329,276,132,26,1492
POA3458,0,0,0,4,0,5,7,28,6,55,0,0,0,0,0,0,0,0,0,3,5,7,14,13,29,32,38,29,23,193,35,62,158,249,342,453,417,199,56,1962
POA3460,0,0,4,6,7,7,15,24,24,83,0,0,0,0,0,0,0,0,0,4,5,6,23,21,25,37,53,35,31,245,38,61,260,277,372,550,492,254,124,2422
POA3461,3,0,0,0,6,13,37,30,7,109,0,0,0,0,0,0,3,3,0,11,5,5,32,40,56,70,68,48,8,337,69,113,319,508,794,839,843,312,71,3858
POA3462,0,0,0,0,0,10,9,16,4,41,0,0,0,0,0,0,0,0,0,3,0,4,17,8,11,17,19,14,7,88,21,34,90,115,176,228,237,97,17,1015
POA3463,0,0,0,0,8,5,28,43,15,106,0,0,0,0,0,0,0,0,0,0,9,0,12,8,9,36,42,28,8,155,41,71,185,196,337,547,544,271,70,2257
POA3464,0,0,0,0,7,3,10,11,0,35,0,0,0,0,0,0,0,0,0,0,7,3,11,11,10,5,15,16,0,63,32,57,116,126,156,177,191,73,14,930
POA3465,11,5,26,36,50,77,166,229,147,738,0,0,3,3,10,10,13,5,3,42,33,28,64,66,112,108,153,154,52,760,215,419,947,844,1227,1450,1649,1118,431,8300
POA3467,0,0,0,7,9,10,25,41,21,111,0,0,0,0,0,0,0,0,0,0,8,5,4,17,11,12,35,17,3,110,30,43,122,118,172,169,265,127,49,1099
POA3468,0,0,0,0,0,0,0,3,5,17,0,0,0,0,0,0,0,0,0,6,0,0,0,0,0,5,9,4,0,22,6,9,14,30,32,52,55,28,7,234
POA3469,0,0,0,0,0,0,0,0,5,9,0,0,0,0,0,0,0,0,0,0,0,0,4,3,9,9,11,7,0,49,4,13,12,17,48,54,51,34,15,231
POA3472,0,0,0,5,10,18,36,40,12,122,0,0,0,0,0,3,0,4,0,7,9,0,14,18,13,24,25,28,9,127,30,50,98,109,191,284,278,183,41,1259
POA3475,0,0,0,0,0,3,8,10,3,26,0,0,0,0,0,0,0,0,0,0,0,0,0,3,5,10,11,3,3,35,4,9,23,27,41,75,92,34,9,323
POA3477,0,0,0,0,0,4,12,6,0,29,0,0,0,0,0,0,0,0,0,0,0,0,5,7,6,22,13,7,3,70,12,23,52,76,112,178,152,65,5,678
POA3478,0,0,0,7,13,29,38,56,31,183,0,6,0,0,5,3,0,0,0,20,6,7,17,17,27,30,42,43,38,229,46,113,251,193,334,384,423,303,127,2175
POA3480,0,0,0,4,4,10,21,43,19,101,0,0,0,0,0,0,0,0,0,0,8,12,12,20,19,25,21,21,22,163,37,76,155,157,214,299,263,169,92,1464
POA3482,0,0,0,0,0,3,3,0,0,10,0,0,0,0,0,0,0,0,0,0,3,0,4,3,8,11,5,10,4,45,7,5,13,17,25,45,24,18,3,166
POA3483,0,0,3,3,0,8,16,18,8,55,0,0,0,0,0,0,0,0,0,7,3,0,6,0,11,9,12,16,8,69,19,35,102,82,121,118,124,73,31,697
POA3485,0,0,0,0,0,0,12,5,0,23,0,0,0,0,0,0,0,0,0,0,0,4,0,5,0,3,3,3,9,30,3,12,7,18,36,61,62,25,17,248
POA3487,0,0,0,0,0,0,0,0,0,3,0,0,0,0,0,0,0,0,0,0,0,0,0,0,0,0,3,3,0,8,0,8,6,11,14,19,12,4,0,66
POA3488,0,0,0,0,0,0,0,0,0,0,0,0,0,0,0,0,0,0,0,0,0,0,0,0,5,0,0,3,0,10,0,8,11,9,14,15,15,5,0,74
POA3489,0,0,0,0,0,0,0,0,0,0,0,0,0,0,0,0,0,0,0,0,0,0,0,0,0,0,4,0,0,3,0,0,6,6,3,6,14,3,0,41
POA3490,0,0,6,5,3,6,13,21,29,83,0,0,0,0,0,0,0,0,0,5,0,0,11,12,15,31,21,22,22,140,17,50,135,119,132,206,217,129,81,1080
POA3491,0,0,0,0,0,0,6,3,0,8,0,0,0,0,0,0,0,0,0,0,0,3,0,0,0,6,8,0,0,10,3,10,10,12,17,25,18,11,4,109
POA3494,0,0,8,0,3,5,9,3,0,32,0,0,0,0,0,6,0,0,0,0,3,0,7,16,3,8,11,4,0,58,14,22,114,102,68,116,62,18,3,522
POA3496,8,7,28,21,29,52,88,86,46,361,0,0,0,3,6,4,6,12,3,39,34,31,72,64,76,118,93,67,23,578,179,361,769,765,845,959,681,344,149,5057
POA3498,5,0,7,8,18,23,78,95,33,259,0,3,9,0,4,5,10,10,5,39,28,24,61,79,73,55,93,52,37,510,154,330,726,698,839,742,636,346,102,4577
POA3500,28,32,104,118,152,249,453,536,345,2022,4,34,95,89,78,91,60,63,34,539,151,167,441,355,349,327,333,279,192,2598,883,2093,5070,4084,4082,4162,3625,2221,1002,27216
POA3501,0,0,0,6,3,13,14,21,17,80,0,0,0,0,0,0,0,0,0,5,9,9,7,29,23,13,9,6,6,100,54,93,173,303,323,310,203,80,30,1565
POA3505,3,4,6,11,12,47,72,67,45,269,0,3,0,0,0,4,4,3,0,21,31,16,59,62,71,77,65,50,18,448,129,204,552,546,682,726,571,302,132,3850
POA3506,0,0,0,0,0,0,0,0,0,0,0,0,0,0,0,0,0,0,0,0,0,0,0,0,0,0,0,0,0,0,0,7,6,3,10,5,0,3,5,30
POA3507,0,0,0,0,7,0,0,6,0,12,0,0,0,0,0,0,0,0,0,0,5,0,7,0,3,8,13,3,0,35,7,5,13,15,22,28,37,12,3,134
POA3509,0,0,0,0,0,0,5,7,0,19,0,0,0,0,0,0,0,0,0,0,0,0,0,4,4,3,4,10,5,28,0,3,19,23,30,49,32,18,4,185
POA3512,0,0,0,0,0,0,5,10,5,24,0,0,0,0,0,0,0,0,0,0,0,0,0,5,3,8,6,3,0,21,0,3,29,44,39,64,55,30,10,281
POA3515,0,0,7,0,3,0,15,29,3,56,0,0,0,0,0,0,7,0,0,9,0,0,12,26,8,7,14,14,5,87,51,105,419,381,234,270,223,82,14,1788
POA3516,0,0,0,0,0,0,4,16,7,32,0,0,0,0,0,0,0,0,0,0,4,5,7,8,6,7,9,11,0,61,24,37,77,69,86,122,104,58,16,584
POA3517,0,0,3,0,9,7,26,33,24,97,0,0,0,0,0,0,0,0,0,0,0,14,8,17,12,26,25,18,24,146,25,57,115,144,185,255,239,127,87,1226
POA3518,0,0,5,0,5,15,27,25,12,104,0,0,0,0,0,0,0,0,0,0,14,7,7,15,28,37,31,29,6,166,22,42,98,85,183,284,253,136,37,1132
POA3520,0,0,0,0,0,0,0,5,0,15,0,0,0,0,0,0,0,0,0,0,0,0,0,0,6,9,3,4,4,24,4,0,8,11,16,42,27,18,3,132
POA3521,0,0,0,0,6,3,0,6,5,23,0,0,0,0,0,0,0,0,0,0,9,0,12,6,11,3,13,13,4,58,19,40,85,84,131,101,81,39,15,594
POA3522,4,0,0,0,0,0,0,4,0,12,0,0,0,0,0,0,0,0,0,4,0,0,0,3,7,8,8,3,0,35,10,19,28,34,54,65,55,22,10,286
POA3523,4,0,4,0,10,30,79,91,45,279,0,0,0,0,0,4,0,3,3,16,23,10,43,46,81,93,73,69,26,473,78,114,276,337,555,740,732,462,138,3434
POA3525,3,0,4,5,4,10,24,24,12,82,0,0,6,0,0,0,6,0,0,10,8,3,8,11,16,30,20,25,26,151,23,48,100,91,182,233,257,134,68,1136
POA3527,0,0,0,0,0,3,10,12,9,34,0,0,0,0,0,0,0,0,0,0,0,0,5,7,13,16,11,12,21,69,9,16,67,43,96,145,121,85,42,624
POA3529,0,0,0,0,0,0,0,0,0,0,0,0,0,0,0,0,0,0,0,0,0,0,0,0,0,8,0,0,0,8,0,9,13,8,13,19,16,3,0,86
POA3530,0,0,0,0,0,0,0,0,0,3,0,0,0,0,0,0,0,0,0,0,0,0,0,0,0,0,3,0,0,11,0,7,3,9,24,35,23,7,0,108
POA3531,0,0,0,0,5,3,0,9,4,15,0,0,0,0,0,0,0,0,0,0,0,0,0,0,4,0,3,0,0,12,3,11,21,14,33,31,25,8,8,152
POA3533,0,0,0,0,6,6,7,14,16,54,0,0,0,0,0,0,0,0,0,0,3,0,14,0,3,8,9,5,8,58,13,30,73,65,87,130,111,55,34,596
POA3537,0,0,0,0,3,0,8,18,20,45,0,0,0,0,0,0,0,0,0,0,4,7,10,14,22,27,34,27,41,181,17,34,69,93,122,164,172,112,89,875
POA3540,0,0,0,0,0,0,3,4,3,17,0,0,0,0,0,0,0,0,0,0,4,0,3,0,4,8,4,4,0,35,10,16,14,12,37,62,49,29,9,234
POA3542,0,0,0,0,0,4,0,0,4,6,0,0,0,0,0,0,0,0,0,0,0,0,0,0,10,0,3,3,0,14,0,4,4,10,21,27,27,11,4,108
POA3544,0,0,0,0,0,0,9,0,4,14,0,0,0,0,0,0,0,0,0,0,0,5,3,0,0,8,0,9,0,28,4,23,24,26,17,47,40,16,8,203
POA3546,0,0,0,0,0,3,5,8,7,25,0,0,0,0,0,0,0,0,0,0,0,0,0,4,0,0,9,4,0,19,8,8,25,33,48,73,49,25,12,279
POA3549,0,13,33,33,28,52,60,37,23,285,0,5,36,29,22,20,10,15,13,150,25,29,114,96,50,58,61,31,26,496,88,200,706,652,409,481,380,144,77,3136
POA3550,27,29,97,98,102,165,349,405,335,1605,0,15,40,43,56,39,32,9,7,251,121,166,352,279,312,316,289,342,301,2480,1060,3145,5849,4686,4993,5220,4653,2743,1416,33756
POA3551,10,10,46,47,64,102,257,246,84,861,4,4,26,19,30,20,16,11,0,125,98,70,188,237,205,234,179,131,40,1377,846,1724,3967,4947,4711,4292,3521,1469,330,25814
POA3555,18,14,52,67,76,100,233,337,208,1107,4,9,26,34,26,21,18,14,4,155,53,71,198,133,149,143,194,227,236,1396,440,1127,2940,2494,2269,2490,2479,1790,840,16868
POA3556,16,9,34,59,49,118,194,187,100,763,0,3,16,24,33,36,19,12,6,152,51,41,122,105,111,117,123,89,55,823,390,904,1981,1561,1598,1837,1645,790,314,11013
POA3557,0,0,0,0,3,8,7,11,5,36,0,0,0,0,0,0,0,0,0,0,0,3,8,6,10,8,9,4,0,59,22,39,102,101,112,135,79,41,8,646
POA3558,0,0,0,0,0,4,9,19,14,48,0,0,0,0,0,0,0,0,0,6,4,8,16,17,17,17,9,23,6,110,18,33,99,82,127,159,137,114,31,805
POA3559,0,0,0,0,0,0,3,9,4,23,0,0,0,0,0,0,0,0,0,0,0,0,13,10,10,16,13,7,0,77,9,23,51,49,66,105,89,58,11,453
POA3561,0,6,4,7,7,32,64,94,44,257,0,0,0,4,0,8,0,6,5,16,20,17,22,37,37,44,55,58,48,343,101,206,371,438,553,712,641,422,175,3622
POA3562,0,0,0,0,0,3,0,0,0,7,0,0,0,0,0,0,0,0,0,0,0,4,3,3,4,0,9,5,0,27,4,10,30,29,30,48,34,15,0,204
POA3563,0,0,0,0,4,3,10,10,11,40,0,0,0,0,0,0,0,0,0,0,4,6,6,3,14,18,12,8,12,79,16,47,76,77,98,138,119,58,26,657
POA3564,11,8,30,29,46,96,196,247,127,793,0,4,3,15,6,20,9,6,4,71,60,51,122,103,156,134,151,159,136,1080,403,876,1843,1766,2217,2417,2158,1337,546,13561
POA3565,0,0,0,0,0,0,0,0,0,4,0,0,0,0,0,0,0,0,0,0,0,0,6,0,3,0,0,0,0,8,4,10,9,9,26,20,12,11,3,96
POA3566,0,0,0,0,0,8,8,7,3,28,0,0,0,0,0,0,0,0,0,0,5,7,0,8,4,9,8,11,0,50,3,32,47,60,76,95,87,45,8,459
POA3567,0,0,0,0,3,7,9,17,5,44,0,0,0,0,0,0,0,0,0,0,0,3,3,3,5,11,6,6,3,47,24,28,57,55,99,111,88,74,10,539
POA3568,5,0,4,0,10,18,48,65,46,205,0,0,0,0,0,0,0,0,0,3,5,7,12,27,26,39,54,41,20,229,50,108,238,281,365,415,513,333,135,2439
POA3570,0,0,0,0,3,5,14,0,5,33,0,0,0,0,0,0,0,0,0,0,6,4,10,17,22,36,31,12,5,132,27,36,53,89,128,163,126,50,11,681
POA3571,0,0,0,0,6,0,4,6,0,22,0,0,0,0,0,0,0,0,0,0,0,0,0,5,0,3,4,4,0,21,9,9,38,32,37,38,46,25,12,242
POA3572,0,0,0,0,0,0,0,0,0,5,0,0,0,0,0,0,0,0,0,0,0,3,0,0,3,0,0,0,0,7,5,9,13,18,24,24,19,6,0,103
POA3573,0,0,0,0,3,0,4,0,0,6,0,0,0,0,0,0,0,0,0,0,0,3,0,13,8,3,5,0,0,38,3,14,31,48,44,53,55,8,0,265
POA3575,5,0,0,3,5,8,7,10,10,41,0,0,0,0,0,0,0,0,0,0,4,0,8,12,12,12,17,4,4,74,19,26,74,101,106,143,116,47,24,655
POA3576,0,0,0,0,0,0,3,0,0,0,0,0,0,0,0,0,0,0,0,0,0,0,0,0,0,0,0,0,0,0,0,0,8,6,4,6,19,0,0,49
POA3579,8,3,10,20,19,28,76,110,64,339,0,0,3,0,3,3,3,3,0,19,20,16,32,57,62,73,97,53,45,453,101,225,489,546,619,832,846,490,243,4387
POA3580,0,0,0,0,6,8,23,34,3,70,0,0,0,0,0,0,0,0,0,0,0,4,4,15,11,14,20,20,7,100,14,46,76,110,134,192,203,124,14,917
POA3581,0,0,0,0,0,3,0,3,0,12,0,0,0,0,0,0,0,0,0,0,0,0,0,0,3,0,0,3,0,7,0,6,7,12,24,35,19,18,0,128
POA3583,0,0,0,0,0,0,0,0,0,3,0,0,0,0,0,0,0,0,0,4,0,5,0,5,7,6,0,0,0,12,4,14,12,11,33,25,11,11,3,129
POA3584,0,0,0,0,0,5,13,13,3,39,0,0,0,0,0,0,0,0,0,4,4,6,14,12,16,15,14,13,3,104,40,57,125,116,137,176,134,88,17,881
POA3585,5,6,30,31,30,56,107,160,153,572,0,8,20,18,36,19,27,8,10,151,37,53,119,84,82,97,101,104,71,747,234,705,1684,1365,1181,1371,1148,837,424,8933
POA3586,0,0,0,0,5,8,0,0,3,20,0,0,0,0,0,0,0,0,0,0,8,0,13,9,7,15,8,0,0,54,18,34,67,102,108,154,79,27,6,605
POA3588,0,0,0,0,0,8,0,7,4,16,0,0,0,0,0,0,0,0,0,0,0,0,9,3,0,5,0,5,0,30,16,22,44,44,39,58,55,27,11,319
POA3589,0,0,0,0,0,8,3,4,0,20,0,3,5,3,0,0,0,0,0,9,0,0,7,12,10,3,3,3,3,46,7,23,56,47,41,50,34,16,3,285
POA3590,0,0,0,0,0,0,3,5,0,11,0,0,0,0,0,0,0,3,0,3,4,0,9,0,8,9,4,0,0,33,8,10,38,42,36,67,35,12,0,253
POA3591,0,0,0,0,0,0,0,5,0,5,0,0,0,0,0,0,0,0,0,0,0,0,0,4,0,0,5,0,0,7,4,5,14,17,23,26,31,3,0,130
POA3594,0,0,0,0,3,5,7,15,5,34,0,0,0,0,0,0,0,0,0,0,4,0,4,7,7,12,11,6,0,55,8,18,88,46,75,91,64,31,10,451
POA3595,0,0,0,0,4,3,11,17,3,40,0,0,0,0,0,0,0,0,0,6,8,0,12,12,11,23,9,4,4,77,18,20,84,72,87,110,73,44,19,530
POA3596,0,0,0,0,0,0,0,0,0,0,0,0,0,0,0,0,0,0,0,0,0,0,0,0,0,0,3,0,0,15,8,4,3,7,19,18,17,3,6,85
POA3597,0,4,4,3,3,0,9,9,0,40,0,0,0,0,3,0,0,0,0,4,0,0,3,0,6,4,0,4,0,22,7,28,74,60,61,61,49,23,7,378
POA3599,0,0,0,0,0,0,3,5,0,10,0,0,0,0,0,0,0,0,0,9,0,0,0,4,0,11,11,0,0,28,0,5,19,14,16,35,31,5,6,133
POA3607,0,0,0,0,0,0,0,0,0,8,0,0,0,0,0,0,0,0,0,0,3,3,7,0,4,6,0,0,0,16,10,12,15,19,28,25,17,3,3,127
POA3608,3,0,0,4,5,22,48,42,26,149,0,0,0,0,4,0,0,0,3,19,7,5,10,23,25,48,45,40,39,249,56,97,259,293,297,480,498,253,99,2344
POA3610,0,0,6,3,7,15,25,13,3,79,0,0,0,0,0,0,0,3,0,6,0,3,32,15,16,19,17,19,8,130,21,67,205,162,260,255,243,99,28,1341
POA3612,5,0,9,0,12,15,34,35,14,121,0,0,0,0,0,0,4,0,0,9,8,6,22,14,26,54,35,18,9,199,28,51,141,129,266,371,323,178,61,1546
POA3614,0,0,0,4,0,0,3,4,0,19,0,0,0,0,0,0,0,0,0,0,4,0,4,8,16,10,12,0,0,53,22,44,97,127,145,129,95,30,0,686
POA3616,0,0,20,12,24,43,73,94,44,311,4,0,6,3,4,4,7,12,0,42,34,11,55,57,62,61,52,81,38,450,125,241,683,598,727,787,689,436,143,4435
POA3617,0,0,0,0,0,0,0,0,0,5,0,0,0,0,0,0,0,0,0,0,0,0,4,4,3,0,6,0,0,11,0,12,10,17,31,30,25,7,0,125
POA3618,0,0,6,3,0,0,11,6,5,29,0,0,0,0,0,0,0,0,0,3,0,8,5,12,11,11,15,8,3,71,21,35,72,70,97,119,98,41,17,567
POA3620,8,3,21,19,19,55,119,155,107,509,0,0,0,3,0,4,4,3,3,19,24,20,51,51,59,77,100,103,64,557,186,417,818,850,1024,1136,1088,746,334,6588
POA3621,0,3,4,0,9,9,40,22,23,109,0,0,0,0,0,0,0,3,0,3,10,6,14,11,23,23,24,26,20,156,66,117,270,242,303,308,298,160,80,1845
POA3622,0,0,0,0,0,5,7,0,0,18,0,0,0,0,0,0,0,0,0,0,0,3,5,0,6,4,12,3,0,38,6,15,58,68,64,92,76,18,3,394
POA3623,4,0,8,4,5,9,4,21,11,63,0,0,0,0,0,0,0,0,0,4,5,0,4,11,4,5,21,12,7,58,23,35,98,84,106,143,135,83,20,724
POA3624,0,0,0,0,4,7,7,12,5,40,0,0,0,0,0,0,0,0,0,0,4,0,7,9,6,8,0,8,0,43,22,29,68,59,59,87,68,43,11,444
POA3629,4,4,29,39,43,85,142,128,71,538,0,0,11,9,16,12,16,17,4,83,47,52,131,127,127,149,163,136,105,1041,255,570,1192,1026,1208,1265,1171,678,250,7612
POA3630,18,26,138,180,153,191,374,443,260,1768,0,16,89,132,149,90,62,58,28,630,134,181,427,339,299,296,283,270,195,2424,756,2002,4714,3781,3651,3621,3220,2127,928,24789
POA3631,3,3,21,34,29,58,126,142,64,489,0,3,9,20,19,21,19,16,17,134,45,34,75,80,70,105,78,96,73,657,350,699,1649,2008,1908,1799,1317,697,263,10696
POA3633,0,0,0,0,4,3,0,9,0,13,0,0,0,0,0,0,0,0,0,4,6,0,3,8,0,10,4,0,0,29,16,27,61,76,101,93,64,22,0,468
POA3634,0,0,0,7,5,7,16,15,3,50,0,0,0,0,0,0,0,0,0,3,12,7,8,13,22,30,24,17,0,136,49,90,161,232,281,288,221,80,19,1416
POA3635,0,0,0,0,3,4,8,6,0,18,0,0,0,0,0,0,0,0,0,0,8,3,10,9,3,7,7,11,6,52,14,29,70,47,79,94,72,38,5,457
POA3636,6,6,10,11,17,32,66,69,69,284,0,0,5,4,9,13,0,0,0,27,23,17,68,58,67,71,74,64,23,463,116,240,580,515,661,807,719,459,222,4325
POA3637,3,0,0,5,0,0,10,3,3,36,0,0,0,0,0,0,0,0,0,0,4,5,4,7,11,12,7,6,0,48,24,29,65,72,94,90,67,17,11,468
POA3638,3,0,3,0,8,11,26,40,18,109,0,0,0,0,0,0,0,0,0,3,7,9,22,15,12,27,22,18,7,133,53,116,212,213,250,343,304,174,85,1737
POA3639,0,0,0,0,0,13,8,9,0,33,0,0,0,0,0,0,0,0,0,4,0,0,0,3,3,6,6,8,0,29,13,16,39,36,60,115,97,41,6,423
POA3640,0,3,0,4,0,8,5,13,5,36,0,0,0,0,0,0,0,0,0,3,5,8,14,17,16,9,7,3,0,81,28,64,133,140,133,130,108,37,12,786
POA3641,0,0,3,0,3,10,26,16,13,75,0,0,0,0,0,0,0,3,0,8,11,0,11,12,22,17,16,12,4,101,34,51,133,142,178,175,163,58,20,958
POA3644,3,4,22,23,34,48,171,198,97,598,0,6,12,8,4,4,10,13,6,64,34,33,98,77,80,95,128,103,63,707,211,371,1015,1000,1103,1242,1420,868,308,7542
POA3646,0,0,0,0,0,0,3,8,3,20,0,0,0,0,0,0,0,0,0,0,6,0,8,3,7,6,6,11,0,47,21,12,41,62,95,105,88,38,13,477
POA3647,0,0,0,0,0,0,0,0,0,0,0,0,0,0,0,0,0,0,0,0,0,0,0,0,0,0,0,0,0,4,8,21,7,3,7,0,0,0,0,45
POA3649,0,0,0,0,7,0,8,0,5,16,0,0,0,0,0,0,0,0,0,0,4,0,8,4,6,8,12,4,0,51,13,22,57,42,61,86,55,31,15,381
POA3658,5,0,7,16,20,32,61,73,19,231,0,0,4,0,4,5,4,0,0,18,28,26,52,60,62,62,49,32,20,386,165,318,800,739,882,906,655,321,89,4886
POA3659,0,0,0,0,3,5,7,3,6,16,0,0,0,0,0,0,0,0,0,0,5,3,0,5,3,7,0,9,0,27,22,39,60,67,113,143,109,47,17,617
POA3660,8,7,18,19,22,64,118,115,63,439,7,0,3,6,3,3,4,3,0,36,38,35,88,80,99,115,96,82,55,682,188,501,879,789,994,1207,1090,568,233,6449
POA3662,0,0,0,0,0,0,0,0,0,0,0,0,0,0,0,0,0,0,0,0,18,18,16,10,0,0,0,0,0,58,103,169,267,187,75,16,0,0,0,818
POA3663,0,0,0,0,0,0,3,0,0,3,0,0,0,0,0,0,0,0,0,0,0,0,0,6,5,3,9,0,0,19,4,7,15,16,19,39,33,15,0,156
POA3664,5,0,4,4,0,4,11,13,6,40,4,0,4,0,0,0,0,0,0,14,3,0,0,3,3,7,9,5,0,34,22,53,87,134,155,181,179,89,26,924
POA3665,0,0,0,0,0,0,3,5,0,16,0,0,0,0,0,0,0,0,0,0,0,0,4,0,5,4,5,5,0,27,15,13,21,36,66,60,74,34,5,322
POA3666,0,0,6,9,6,32,70,74,57,256,0,0,0,0,0,0,3,0,3,12,20,22,38,43,65,97,115,72,28,501,96,180,418,494,557,843,976,506,228,4296
POA3669,4,0,0,0,5,3,14,16,7,49,0,0,0,0,0,3,0,0,0,3,7,9,8,16,28,34,32,21,21,181,21,37,90,122,183,287,299,147,66,1249
POA3670,0,0,0,0,0,7,7,3,0,16,0,0,0,0,0,0,0,0,0,0,0,0,3,3,4,3,12,3,6,44,6,23,52,55,79,135,110,25,6,494
POA3672,4,5,18,15,30,50,140,184,149,605,0,0,5,3,4,8,6,8,5,37,49,47,100,93,107,129,128,153,96,897,231,485,1114,986,1212,1602,1673,1148,519,8985
POA3673,0,0,0,0,4,9,19,20,5,48,0,0,0,0,0,0,0,0,0,0,4,4,16,13,26,35,26,16,0,143,43,56,134,174,250,389,316,135,16,1504
POA3675,0,0,4,5,4,8,11,4,3,33,0,0,0,0,0,0,0,0,0,0,10,3,10,20,17,25,22,16,6,128,45,61,138,240,271,328,310,103,24,1525
POA3677,12,9,27,37,58,83,192,305,193,919,0,0,5,12,13,13,13,17,9,86,52,54,136,111,128,136,193,221,147,1187,454,962,2230,2155,2280,2379,2307,1674,779,15222
POA3678,0,0,0,4,9,26,39,69,26,173,0,0,0,0,0,0,3,5,0,7,25,16,25,63,66,53,60,43,7,351,165,202,457,697,999,1094,944,447,94,5105
POA3682,0,0,0,0,3,5,0,0,0,11,0,0,0,0,0,0,0,0,0,0,3,4,3,4,10,3,0,5,0,34,23,16,56,71,115,96,79,29,4,482
POA3683,0,0,0,0,0,6,22,20,8,62,0,0,0,0,0,0,0,3,0,3,6,5,8,13,22,34,10,19,7,119,52,59,133,152,283,311,261,152,26,1434
POA3685,0,0,0,3,4,11,17,35,27,104,0,0,0,0,0,0,0,0,0,7,7,3,13,7,18,31,26,24,10,155,56,105,284,295,367,465,461,239,90,2360
POA3687,0,0,0,0,8,5,15,12,10,52,0,0,0,0,0,0,0,0,0,3,0,0,4,13,11,6,7,10,0,53,17,45,94,113,153,147,182,84,22,857
POA3688,0,0,6,0,0,6,6,13,5,38,0,0,0,0,0,0,0,0,0,0,6,4,19,14,5,13,15,6,0,83,42,47,156,165,188,217,137,55,10,1019
POA3690,18,26,56,64,91,156,291,321,198,1224,3,8,24,31,50,27,39,16,10,204,121,112,263,248,213,195,267,218,126,1763,918,2006,4618,4286,4312,4301,3869,2025,666,27005
POA3691,0,0,12,8,12,21,63,83,79,276,0,0,3,0,3,4,6,0,0,23,38,58,74,61,70,79,80,51,35,552,411,739,1655,1692,1508,1509,1197,544,229,9475
POA3695,0,0,0,0,0,0,7,6,0,16,0,0,0,0,0,0,0,0,0,0,0,0,0,4,3,4,0,0,0,19,11,14,38,57,80,78,83,24,3,390
POA3697,0,0,0,0,0,0,8,0,5,16,0,0,0,0,0,0,0,0,0,0,0,0,0,0,11,15,0,4,3,37,11,19,38,59,75,124,102,35,13,460
POA3698,0,0,0,0,0,0,4,11,3,20,0,0,0,0,0,0,0,0,0,0,0,3,3,9,5,13,10,4,7,59,6,17,81,124,138,153,178,93,29,818
POA3699,0,0,0,0,0,3,10,9,14,30,0,0,0,0,0,0,4,0,0,4,10,21,20,18,20,10,14,8,3,130,32,107,175,150,139,152,168,77,38,1035
POA3700,0,0,0,0,0,3,19,21,26,69,0,0,0,0,0,0,0,0,3,5,0,10,7,9,0,11,9,17,30,82,29,68,134,121,171,215,197,116,90,1146
POA3701,0,0,0,0,0,8,13,18,7,47,0,0,0,0,0,0,0,0,0,0,3,0,13,16,10,23,27,12,0,109,17,25,72,123,125,214,207,91,17,892
POA3704,0,0,0,0,0,0,0,0,0,0,0,0,0,0,0,0,0,0,0,0,0,0,0,0,0,0,3,0,0,3,0,0,4,0,3,11,9,0,0,21
POA3705,0,0,0,0,0,3,5,5,4,10,0,0,0,0,0,0,0,0,0,0,4,0,3,7,13,14,4,10,0,56,8,6,22,18,42,58,46,16,3,225
POA3707,0,0,3,4,0,16,14,35,16,84,0,0,0,0,0,0,0,4,0,3,5,6,12,16,28,21,27,25,20,161,35,62,156,173,217,309,280,206,87,1530
POA3708,0,0,0,0,0,0,0,0,0,0,0,0,0,0,0,0,0,0,0,0,0,0,0,0,0,0,0,0,0,0,0,5,9,4,5,18,8,3,0,49
POA3709,0,0,0,0,0,0,7,4,0,17,0,0,0,0,0,0,0,0,0,0,0,0,0,7,3,3,16,5,0,45,5,8,10,31,33,69,90,27,4,270
POA3711,0,0,0,0,5,0,5,0,0,13,0,0,0,0,0,0,0,0,0,0,3,0,0,4,12,11,12,4,3,48,10,10,51,58,80,115,114,43,14,495
POA3712,0,0,0,0,0,0,6,0,0,11,0,0,0,0,0,0,0,0,0,0,0,3,0,9,0,3,8,8,0,27,3,19,21,37,41,67,71,32,9,308
POA3713,0,0,0,0,4,16,14,14,12,54,0,0,0,0,0,0,0,0,0,3,0,0,10,6,6,14,19,18,16,89,13,33,85,85,130,209,179,110,57,896
POA3714,0,0,3,6,6,11,42,64,23,158,0,0,4,0,0,4,5,0,0,22,15,12,26,17,34,40,32,29,16,220,57,134,306,370,469,585,667,372,122,3084
POA3715,0,0,0,0,0,0,0,0,0,3,0,0,0,0,0,0,0,0,0,0,5,0,0,7,13,10,10,0,0,41,6,4,27,43,49,71,71,29,4,308
POA3717,4,0,7,5,6,11,22,47,22,124,0,0,0,0,0,0,0,0,0,6,18,16,24,41,56,74,60,44,10,344,69,145,249,350,454,642,608,344,88,2952
POA3718,0,0,0,0,0,0,0,0,0,0,0,0,0,0,0,0,0,0,0,0,0,0,0,0,0,0,9,5,0,16,0,0,6,9,14,20,22,13,7,80
POA3719,0,0,0,0,0,5,7,3,0,11,0,0,0,0,0,0,0,0,0,3,3,0,0,0,8,11,5,0,0,31,11,12,27,34,67,91,83,42,5,362
POA3720,0,0,0,0,3,7,11,12,3,32,0,0,0,0,0,0,0,0,0,0,0,5,7,0,13,9,11,3,0,39,13,17,75,45,110,136,143,45,5,581
POA3722,4,0,10,3,8,15,35,59,38,171,0,0,11,0,0,7,3,0,0,27,19,14,29,57,35,57,58,45,27,342,95,185,553,700,669,893,838,485,182,4598
POA3723,8,0,3,0,3,18,27,25,11,101,0,0,5,0,4,0,0,0,0,6,23,45,83,52,65,90,74,34,6,468,103,165,342,375,441,636,609,217,51,2944
POA3725,0,0,0,3,0,0,3,0,4,18,0,0,0,0,0,0,0,0,0,4,4,0,4,10,6,8,13,6,0,53,16,21,54,72,71,111,123,29,8,510
POA3726,0,0,0,0,0,5,10,4,0,18,0,0,0,0,0,0,0,0,0,0,0,5,4,4,6,10,8,9,0,51,6,13,24,35,71,73,75,33,7,337
POA3727,0,0,0,0,0,3,4,7,0,17,0,0,0,0,0,0,0,0,0,0,0,0,3,8,3,5,7,5,0,25,9,10,30,28,35,65,43,28,10,250
POA3728,0,0,4,0,0,9,10,16,0,36,0,0,0,0,0,0,0,0,0,0,3,0,0,0,12,12,8,9,0,47,14,30,65,64,83,129,101,46,5,544
POA3730,5,3,6,17,18,45,116,165,133,515,0,0,0,4,4,6,0,10,0,20,20,31,50,58,54,70,141,137,76,635,191,370,845,913,1112,1343,1672,1056,402,7893
POA3732,0,0,0,0,3,0,4,9,3,26,0,0,0,0,0,0,0,0,0,0,0,0,0,3,9,8,10,4,0,45,19,21,50,60,91,87,97,55,13,488
POA3733,0,0,0,0,0,0,5,0,4,4,0,0,0,0,0,0,0,0,0,0,0,0,0,0,3,4,7,0,0,14,9,13,14,20,21,43,39,21,5,180
POA3735,0,0,0,0,0,0,12,5,10,27,0,0,0,0,0,0,0,0,0,0,0,0,6,0,5,10,4,4,0,34,14,20,80,58,87,124,83,35,25,526
POA3737,0,0,3,6,9,30,50,84,64,245,0,0,0,0,0,3,3,5,4,21,7,18,21,25,28,34,56,59,32,274,66,204,385,440,555,721,650,395,195,3611
POA3738,0,0,0,0,0,0,0,0,0,5,0,0,0,0,0,0,0,0,0,0,0,0,0,0,0,10,0,0,0,15,9,8,25,20,29,44,29,8,0,167
POA3739,0,0,0,0,0,5,0,3,0,10,0,0,0,0,0,0,0,0,0,0,3,4,3,3,6,13,4,0,0,33,4,7,15,36,32,58,33,11,4,193
POA3740,0,0,0,0,0,0,6,15,5,28,0,0,0,0,0,0,0,0,0,0,3,5,5,7,5,13,9,6,0,48,16,37,120,137,179,178,153,88,21,930
POA3741,0,0,0,6,0,10,16,36,25,90,0,0,0,0,0,0,0,4,0,8,20,24,46,32,44,58,42,50,29,339,58,164,344,412,477,516,483,291,88,2835
POA3744,0,0,0,0,0,0,3,0,0,7,0,0,0,0,0,0,0,0,0,5,0,0,6,0,0,5,4,6,0,25,6,6,37,68,81,84,66,34,7,393
POA3746,0,0,0,0,0,0,3,0,0,7,0,0,0,0,0,0,0,0,0,0,0,0,0,3,0,6,3,0,0,26,8,14,29,45,60,69,58,37,9,318
POA3747,0,0,5,12,6,15,36,47,29,142,4,0,0,0,0,5,3,3,0,15,20,14,19,46,48,52,45,36,17,286,97,141,378,603,719,809,816,388,128,4072
POA3749,0,0,0,3,0,5,11,16,18,59,0,0,0,0,0,0,0,0,0,0,4,3,6,21,11,22,14,21,8,96,38,53,113,241,282,377,288,169,85,1653
POA3750,3,9,51,87,92,124,125,76,6,565,0,8,49,44,53,60,62,19,13,307,39,69,236,198,87,72,56,24,13,789,379,1294,5189,5229,2035,1249,848,252,48,16518
POA3751,0,0,0,0,0,0,5,0,0,14,0,0,0,0,0,0,0,0,0,5,0,6,0,0,4,6,9,4,0,15,0,8,10,9,20,22,33,10,3,127
POA3752,4,4,25,30,49,115,215,222,148,817,0,0,10,15,24,30,32,37,51,198,59,44,117,119,105,71,84,68,65,731,652,1677,3299,3972,3781,2514,1525,795,379,18590
POA3753,0,3,0,6,11,15,31,20,0,86,4,0,0,0,4,4,4,0,0,25,16,9,29,32,33,22,15,9,0,164,107,234,899,807,537,355,224,65,10,3234
POA3754,7,13,46,74,73,128,258,209,54,865,0,8,32,29,30,26,42,41,6,220,107,91,282,286,181,123,109,64,10,1254,1102,2564,7608,9797,6143,3639,2738,1125,169,34893
POA3755,0,0,0,0,0,0,0,5,0,11,0,0,0,0,0,0,0,0,0,3,0,4,5,0,0,8,4,6,0,21,6,11,29,16,39,37,31,26,7,196
POA3756,0,4,28,41,46,81,108,82,29,414,0,0,14,12,14,11,22,7,7,86,56,51,125,117,94,86,60,43,4,634,398,917,2588,2412,1952,1697,1036,402,88,11490
POA3757,6,0,14,16,21,27,81,125,99,388,0,3,3,3,3,0,11,9,3,33,41,24,58,65,101,114,75,66,44,598,276,558,1016,1147,1464,1223,1036,509,246,7484
POA3758,0,0,3,4,4,11,21,7,0,51,0,0,0,0,0,0,0,0,0,6,10,9,29,22,22,42,32,8,4,165,55,112,237,292,350,331,246,67,14,1711
POA3759,0,0,0,0,0,0,0,3,4,14,0,0,0,0,0,0,0,0,0,0,0,4,0,0,8,8,13,0,0,48,31,70,78,103,177,193,134,50,14,858
POA3760,0,0,0,0,0,0,3,0,0,3,0,0,0,0,0,0,0,0,0,0,0,0,0,4,5,6,0,0,0,11,11,20,19,38,67,81,48,5,0,283
POA3761,0,0,3,0,0,0,0,10,0,14,0,0,0,0,0,0,0,0,0,0,6,8,11,10,12,13,10,7,0,72,34,74,84,134,190,193,155,66,8,945
POA3762,0,0,0,0,0,0,0,0,0,0,0,0,0,0,0,0,0,0,0,0,0,0,0,4,0,0,0,0,4,10,0,4,15,7,18,25,16,3,6,86
POA3763,0,0,0,5,0,3,9,3,0,27,0,0,0,0,0,0,3,0,0,3,8,0,8,23,34,23,13,4,0,114,47,85,185,224,291,260,162,54,9,1319
POA3764,7,11,11,15,22,45,108,138,76,429,0,0,0,5,4,7,6,6,3,28,47,30,64,84,83,103,76,70,32,598,256,581,1237,1216,1440,1295,1135,721,264,8150
POA3765,0,3,12,4,13,17,28,43,28,138,0,0,5,0,0,0,0,4,0,17,15,8,32,28,37,23,32,50,86,313,162,361,774,912,946,797,702,430,213,5302
POA3766,0,0,0,0,3,4,3,0,0,13,0,0,0,0,3,0,0,0,0,3,0,0,5,13,11,0,6,0,0,33,28,49,121,189,234,170,140,62,8,988
POA3767,0,0,0,0,0,5,6,0,0,14,0,0,0,0,0,0,0,0,0,0,0,0,3,5,5,6,5,8,5,40,20,66,113,161,172,185,166,86,25,1000
POA3770,0,0,0,7,5,7,20,23,9,73,0,0,0,0,0,0,0,0,0,9,14,12,22,28,17,23,13,15,8,148,90,202,405,389,425,470,348,178,43,2553
POA3775,0,0,0,12,0,10,21,25,11,81,0,3,0,0,0,0,0,0,0,6,10,10,27,28,27,32,41,35,13,210,95,203,430,460,569,589,528,268,71,3213
POA3777,3,0,15,13,21,41,79,114,51,347,4,3,6,0,0,0,4,4,4,27,37,29,64,68,89,111,84,99,66,639,262,496,1158,1246,1477,1667,1343,794,311,8760
POA3778,0,0,0,0,0,0,4,0,0,5,0,0,0,0,0,0,0,0,0,0,0,0,0,0,3,0,3,0,0,6,9,4,24,9,37,48,39,9,0,166
POA3779,0,0,0,0,0,3,6,4,0,17,0,0,0,0,0,0,0,0,0,6,4,5,4,4,0,3,11,10,0,38,3,19,49,39,50,89,114,64,12,440
POA3781,4,0,8,6,6,16,15,22,8,83,0,0,3,4,0,0,3,0,0,11,25,18,59,49,48,52,34,11,4,301,112,227,624,666,670,605,361,115,31,3406
POA3782,4,0,5,11,13,18,29,53,23,159,0,0,0,0,0,0,0,3,0,16,18,12,29,31,44,43,36,30,16,261,191,436,712,995,1245,1159,920,404,121,6184
POA3783,0,0,4,3,5,6,8,27,11,65,0,0,0,4,0,0,0,0,0,3,22,10,25,37,42,41,23,15,0,220,71,149,265,294,385,381,251,125,29,1946
POA3785,0,0,0,0,0,0,0,0,0,3,0,0,0,0,0,0,0,0,0,0,0,0,0,0,0,0,0,0,0,0,0,0,12,13,4,8,7,3,0,48
POA3786,0,0,0,4,0,0,7,8,3,14,0,0,0,0,0,0,0,0,0,3,6,0,3,10,12,6,9,4,0,43,28,82,112,188,260,241,174,76,15,1178
POA3787,0,0,0,0,0,0,0,3,6,10,0,0,0,0,0,0,0,0,0,0,4,0,6,0,0,3,6,0,0,30,25,41,86,105,160,163,135,41,9,774
POA3788,0,0,0,0,0,0,3,7,3,14,0,0,0,0,0,0,0,0,0,0,0,3,8,17,19,13,9,4,0,69,25,73,154,224,300,265,244,80,14,1389
POA3789,0,0,0,0,0,0,0,0,0,6,0,0,0,0,0,0,0,0,0,0,4,0,0,3,0,0,0,0,0,7,7,10,27,18,47,45,37,20,3,238
POA3791,0,0,0,0,0,3,4,6,0,7,0,0,0,0,0,0,0,0,0,3,0,0,6,3,3,12,13,8,0,45,26,60,105,191,223,232,222,87,11,1158
POA3792,0,0,0,0,0,0,0,5,3,9,0,0,0,0,0,0,0,0,0,0,0,0,0,3,5,0,3,5,0,20,20,33,81,122,162,159,154,50,17,807
POA3793,0,0,5,0,10,6,18,29,17,78,0,0,0,0,3,0,0,0,8,11,9,5,17,15,26,16,13,11,3,124,83,179,364,465,579,442,416,182,63,2766
POA3795,0,0,0,0,5,0,12,21,3,51,0,0,0,0,0,0,0,0,0,5,0,7,7,5,6,14,3,5,0,48,30,74,152,165,185,188,131,82,21,1023
POA3796,8,6,15,10,11,24,48,56,21,199,0,0,8,5,0,5,0,0,0,27,12,10,23,19,28,32,27,33,8,191,234,568,1302,1324,1305,1231,935,452,76,7439
POA3797,0,3,7,5,11,16,29,58,35,168,0,0,0,3,0,0,4,4,0,14,19,16,24,31,49,49,41,31,9,278,97,199,392,405,520,495,492,269,102,2968
POA3799,0,0,3,7,18,32,44,61,36,212,0,0,0,5,0,0,0,0,0,9,43,32,59,73,117,79,83,48,21,564,142,270,610,654,938,982,742,328,118,4790
POA3802,8,6,43,64,75,154,309,266,125,1051,4,23,67,79,92,78,72,58,28,500,69,79,185,171,146,137,141,84,26,1035,506,1503,3323,3386,2922,3439,2711,1079,361,19230
POA3803,4,8,52,91,61,92,114,123,74,627,4,21,64,76,89,68,48,27,13,418,38,67,121,84,101,71,51,59,54,650,254,771,1716,1455,1286,1375,996,546,294,8689
POA3804,0,3,9,23,20,39,68,77,44,285,0,0,5,12,20,21,20,18,7,113,15,20,43,33,39,39,57,48,53,354,255,675,780,875,1307,1274,828,389,189,6570
POA3805,26,27,152,192,237,286,401,365,155,1842,10,37,171,293,306,207,130,100,57,1310,181,201,436,354,308,280,172,124,60,2115,1643,4505,8150,8083,8361,6712,3759,1791,572,43571
POA3806,19,11,38,53,68,138,254,340,217,1138,5,8,43,28,33,42,31,33,19,239,101,126,228,266,258,185,211,224,130,1720,1311,3168,5506,7766,7604,5614,3826,2447,998,38248
POA3807,5,0,0,6,7,13,36,62,19,150,0,0,5,3,3,5,0,3,0,25,12,17,37,26,33,31,24,33,12,225,208,561,729,980,1298,968,587,327,92,5748
POA3808,0,0,0,4,0,5,13,7,3,39,0,0,0,0,0,3,4,0,3,14,11,5,10,24,31,32,26,12,9,144,91,166,210,414,483,467,336,142,42,2349
POA3809,3,3,23,27,25,34,77,52,16,263,0,0,8,17,7,10,8,12,4,78,52,62,146,116,85,52,41,20,6,581,412,1211,4158,3512,2015,1325,1067,364,45,14111
POA3810,29,30,126,142,152,204,342,389,183,1587,3,13,93,64,64,62,40,32,9,388,155,163,552,420,309,213,221,264,173,2469,1282,3393,9636,8634,6165,4576,3582,2290,799,40365
POA3812,0,0,0,3,8,17,21,15,13,73,0,0,0,0,0,0,0,0,0,4,14,5,17,29,35,33,25,14,5,183,71,144,258,295,398,382,270,80,37,1927
POA3813,0,0,0,0,0,4,5,7,7,24,0,0,0,0,0,0,0,0,0,6,6,11,13,12,3,23,11,4,0,80,28,74,111,94,142,176,84,46,15,768
POA3814,0,0,0,3,0,8,27,29,11,81,0,0,0,0,0,0,0,3,0,0,17,10,19,20,22,38,30,24,3,183,84,136,302,302,327,353,284,173,36,1985
POA3815,4,0,7,5,9,20,31,40,17,139,0,0,0,0,0,0,0,0,0,3,15,10,35,27,35,32,15,25,15,211,103,189,389,446,479,481,339,233,87,2742
POA3816,5,0,13,4,9,22,23,34,15,124,0,0,3,0,0,0,0,0,0,9,19,13,33,42,46,50,35,25,3,252,68,162,466,430,359,445,312,156,32,2436
POA3818,19,9,29,25,29,63,164,228,152,718,0,3,11,6,6,16,12,9,3,65,32,36,118,109,104,123,130,118,36,793,376,862,2282,1928,1976,2143,2083,1219,410,13276
POA3820,11,4,22,23,45,76,129,238,175,729,0,0,19,7,13,15,9,9,3,76,49,52,152,118,130,111,124,139,68,951,414,1090,2708,2318,2397,2415,2282,1461,576,15653
POA3821,0,0,3,4,3,13,18,24,3,74,0,3,4,0,0,0,0,0,4,9,12,5,28,32,31,36,40,24,5,196,73,136,301,332,427,530,412,166,31,2404
POA3822,5,0,6,6,8,0,10,16,3,43,0,0,0,0,0,0,0,0,0,5,3,0,7,9,18,9,6,5,0,63,21,55,99,131,159,147,95,53,11,763
POA3823,0,0,0,3,4,11,14,23,8,68,0,0,0,0,0,0,0,0,0,5,10,4,10,9,10,26,27,11,0,108,33,108,258,211,223,340,325,142,38,1684
POA3824,0,4,6,8,13,26,46,65,28,198,0,0,3,5,0,0,0,0,5,8,15,10,28,38,36,36,49,55,56,310,130,251,564,664,670,672,733,378,150,4213
POA3825,18,16,60,64,92,150,299,330,217,1244,0,4,12,10,16,20,27,23,13,119,73,94,191,191,222,255,274,198,108,1614,547,1112,2538,2229,2603,3014,2817,1541,619,17009
POA3831,5,0,4,7,3,0,14,16,20,61,0,0,0,0,0,0,0,0,0,0,12,6,11,28,18,31,28,23,13,167,48,87,182,211,230,324,312,149,52,1590
POA3832,0,0,0,0,0,0,9,5,0,12,0,0,0,0,0,0,0,0,0,0,0,0,0,0,6,3,0,0,0,8,3,10,19,26,25,46,48,26,0,200
POA3833,0,0,0,0,3,0,6,3,0,17,0,0,0,0,0,0,0,0,0,0,5,0,0,9,8,13,8,6,0,50,12,9,22,34,44,78,60,31,6,300
POA3835,0,0,0,5,0,0,4,5,6,20,0,0,0,0,0,0,0,0,0,0,0,0,5,5,8,4,5,0,0,29,16,25,50,48,60,82,69,23,10,378
POA3840,9,13,60,57,78,144,261,256,142,1023,0,0,20,23,19,24,21,28,20,152,96,114,240,249,237,238,224,184,173,1745,465,977,2023,1846,2156,2477,2126,1194,497,13755
POA3842,4,4,10,14,19,29,52,58,20,213,0,0,5,4,3,3,5,4,0,22,40,63,57,60,39,41,35,24,12,363,135,364,637,561,547,650,610,303,47,3851
POA3844,28,14,47,55,75,142,279,381,233,1252,0,7,15,13,15,13,19,16,10,104,91,93,254,235,197,248,253,262,203,1840,770,1689,4208,3907,3686,3990,3435,1904,764,24342
POA3847,0,0,3,0,10,18,23,25,9,102,0,0,0,0,0,3,3,0,0,9,6,11,39,31,29,35,42,26,5,229,56,98,289,263,283,343,312,151,24,1816
POA3850,12,11,21,32,41,71,143,201,109,635,0,0,7,11,14,17,8,9,6,65,50,55,128,121,134,107,132,114,117,962,366,816,1885,1792,1930,1927,1822,1107,466,12108
POA3851,5,0,0,10,15,43,75,56,22,233,0,0,0,0,0,0,7,0,0,9,20,23,102,103,76,94,91,44,11,549,137,195,718,814,858,1096,996,339,59,5216
POA3852,0,0,0,0,0,0,0,0,0,0,0,0,0,0,0,0,0,0,0,0,0,0,0,0,0,0,0,0,0,5,13,100,64,13,4,3,0,0,0,208
POA3854,4,0,0,0,0,7,11,13,3,35,0,0,0,0,0,0,0,0,0,0,6,5,15,14,12,7,10,7,0,73,43,65,169,168,209,231,163,67,9,1131
POA3856,3,0,0,0,0,4,9,5,0,27,0,0,0,0,0,0,0,0,0,0,6,5,8,16,8,15,19,0,0,69,29,61,128,155,115,173,134,24,3,831
POA3857,0,0,0,0,0,0,4,4,0,11,0,0,0,0,0,0,0,0,0,0,0,3,4,8,5,5,9,0,3,37,4,24,43,41,51,68,68,16,3,315
POA3858,4,0,8,7,7,19,50,44,18,158,0,0,0,3,0,4,0,4,0,7,26,7,45,44,46,44,61,46,27,354,115,112,322,322,369,455,476,233,82,2493
POA3859,0,0,4,0,0,4,4,7,4,26,0,0,0,0,0,0,0,0,0,3,7,0,4,17,13,14,11,14,0,80,23,59,109,101,116,141,111,67,17,738
POA3860,10,0,11,13,20,47,53,98,44,303,0,3,0,0,0,3,0,0,0,9,21,29,64,66,67,65,86,58,20,474,164,362,810,858,813,1079,1054,508,166,5807
POA3862,0,0,6,7,12,14,31,40,14,120,0,0,0,0,0,0,0,0,0,6,15,22,20,25,28,33,46,20,8,214,79,184,441,391,398,495,522,203,54,2762
POA3864,0,0,0,0,0,0,3,0,0,7,0,0,0,0,0,0,0,0,0,0,4,0,5,4,3,0,9,0,0,22,3,9,25,28,31,46,39,14,0,196
POA3865,0,0,0,0,0,4,3,6,3,23,0,0,0,0,0,0,0,0,0,3,0,0,7,8,9,11,10,0,0,50,8,27,77,70,55,76,79,35,10,433
POA3869,0,0,0,3,6,9,18,19,3,55,0,0,0,0,0,0,0,0,0,4,9,4,17,5,14,21,20,9,4,90,32,92,213,188,218,299,220,89,22,1374
POA3870,0,0,0,0,4,10,14,11,4,44,0,0,3,0,0,0,0,0,0,4,4,3,13,11,14,32,18,9,5,107,28,52,127,133,167,279,193,81,21,1073
POA3871,0,0,7,3,5,10,27,37,22,116,0,0,0,0,0,0,0,3,0,9,5,8,18,20,32,40,38,19,12,204,57,92,246,314,421,479,456,231,85,2385
POA3873,0,0,0,0,0,0,3,8,0,13,0,0,0,0,0,0,0,0,0,0,0,0,0,8,0,5,4,0,0,23,3,10,26,54,31,55,42,14,0,252
POA3874,0,0,0,0,3,10,13,9,0,41,0,0,0,0,0,0,0,0,0,0,0,3,0,9,8,11,10,7,4,49,11,13,33,51,83,137,148,41,10,529
POA3875,9,14,42,28,48,101,198,298,129,873,0,4,4,4,9,11,8,9,4,59,68,67,149,166,171,223,210,208,155,1417,492,933,2170,2026,2359,2759,2812,1788,630,15962
POA3878,3,0,0,0,7,0,19,21,8,57,0,0,0,0,0,0,3,0,0,5,5,0,5,3,6,10,12,13,7,56,19,42,89,85,150,253,319,131,46,1140
POA3880,0,4,3,8,6,14,38,59,36,164,0,0,0,0,0,0,6,6,0,12,4,4,8,9,19,46,58,62,20,224,60,105,239,240,398,722,1100,698,218,3787
POA3882,4,0,0,0,4,3,14,15,3,49,0,0,6,0,0,0,0,0,0,5,3,0,3,0,0,13,7,8,8,48,29,56,137,120,156,212,209,102,24,1041
POA3885,0,0,4,3,7,6,25,21,16,87,0,0,0,0,0,0,0,0,0,0,7,4,11,24,22,24,19,21,7,139,42,56,202,196,257,340,261,113,36,1503
POA3886,0,0,0,0,0,0,7,5,0,12,0,0,0,0,0,0,0,0,0,3,0,7,0,0,9,7,3,5,0,30,7,21,28,38,60,59,77,29,7,322
POA3887,0,0,0,0,0,3,5,5,0,18,0,0,0,0,0,0,0,0,0,0,0,0,0,5,5,14,6,5,0,36,5,10,20,34,39,57,55,21,0,240
POA3888,0,0,4,9,15,31,48,67,34,199,0,0,0,4,0,3,0,3,0,11,7,13,45,31,50,70,78,54,28,380,67,103,311,298,397,664,604,349,119,2908
POA3889,0,0,0,0,0,4,0,0,5,11,0,0,0,0,0,0,0,0,0,3,0,0,4,5,0,3,13,4,3,30,0,8,3,7,20,38,46,23,5,162
POA3890,0,0,0,0,0,5,9,4,0,20,0,0,0,0,0,0,0,0,0,0,0,3,0,4,10,7,6,3,4,43,4,13,15,37,51,81,51,26,3,281
POA3891,0,0,0,0,0,0,0,8,0,8,0,0,0,0,0,0,0,0,0,0,0,0,0,7,3,5,3,3,0,21,0,0,4,14,12,30,23,12,0,101
POA3892,0,0,0,3,0,0,12,19,7,37,0,0,0,0,0,0,0,0,0,4,0,0,0,0,10,23,25,14,5,91,10,28,71,105,125,240,264,130,47,1022
POA3893,0,0,0,0,0,0,0,0,0,0,0,0,0,0,0,0,0,0,0,0,0,0,0,0,0,0,0,0,0,0,0,0,0,5,0,6,6,0,0,21
POA3895,0,0,0,0,0,0,5,4,0,14,0,0,0,0,0,0,0,0,0,0,0,0,0,0,0,0,3,0,0,8,0,6,19,13,36,39,31,18,4,165
POA3896,0,0,0,0,4,0,0,5,0,15,0,0,0,0,0,0,0,0,0,0,0,6,0,5,3,4,5,5,0,32,5,10,30,27,60,63,58,33,0,283
POA3898,0,0,0,0,0,3,3,8,4,25,0,0,0,0,0,0,0,0,0,0,5,3,11,10,15,23,24,11,4,104,23,29,65,76,117,133,115,51,19,625
POA3900,0,0,0,0,0,0,0,3,0,4,0,0,0,0,0,0,0,0,0,0,0,0,5,5,7,5,12,7,0,46,0,3,14,16,21,37,42,18,7,155
POA3902,0,0,0,0,0,0,4,11,0,15,0,0,0,0,0,0,0,0,0,0,5,3,4,11,4,7,6,9,0,45,10,14,30,34,53,62,89,54,3,361
POA3903,0,0,3,4,0,0,18,7,9,35,0,0,0,0,0,0,0,5,0,5,0,0,8,11,7,6,13,4,3,55,13,18,80,98,92,123,181,72,19,692
POA3904,0,0,0,0,0,8,18,19,4,49,0,0,0,0,0,0,0,0,0,0,5,4,6,13,17,23,33,8,3,115,26,31,98,155,201,392,489,205,31,1635
POA3909,3,10,10,18,17,48,106,126,82,420,0,0,0,5,0,7,6,11,0,24,44,36,87,94,110,139,167,122,54,857,206,307,674,791,973,1341,1709,947,285,7233
POA3910,3,7,22,32,52,65,130,173,101,589,0,0,3,5,11,14,7,14,14,85,60,45,84,124,118,80,101,93,51,752,560,1297,3074,3313,3201,2973,2136,1079,357,17999
POA3911,0,0,7,6,8,16,42,27,17,128,0,0,3,0,0,0,7,3,0,16,8,14,10,17,20,27,18,13,5,128,83,231,447,420,501,509,370,186,53,2800
POA3912,11,9,24,27,34,55,111,121,65,454,0,8,4,4,13,10,9,10,4,55,23,32,88,73,64,97,84,101,86,629,370,877,2025,1901,2002,2146,1632,859,359,12177
POA3913,0,0,6,3,9,17,24,26,17,93,4,4,0,0,0,0,0,0,0,3,16,10,5,15,23,16,9,9,3,109,104,212,423,356,496,517,374,187,64,2732
POA3915,8,9,19,28,41,71,126,151,73,518,0,0,3,3,3,4,8,7,4,36,36,30,97,110,98,86,118,93,41,716,246,507,1372,1244,1226,1279,1327,913,309,8424
POA3916,0,0,0,0,0,0,0,0,3,5,0,0,0,0,0,0,0,0,0,0,0,4,8,0,4,9,16,0,0,42,18,26,65,63,124,202,218,120,52,888
POA3918,0,0,5,12,9,11,39,39,5,115,0,0,0,0,0,5,0,0,0,9,4,6,15,18,23,22,25,13,9,137,85,199,425,456,596,632,604,334,59,3381
POA3919,5,5,4,3,8,20,30,25,8,102,0,0,0,0,0,0,0,0,0,5,17,11,18,26,34,21,12,18,7,154,95,164,465,418,454,446,347,162,30,2580
POA3920,0,0,0,0,0,0,0,0,0,0,0,0,0,0,0,0,0,0,0,0,7,5,8,14,4,0,0,0,0,28,250,385,217,98,41,16,0,0,0,1003
POA3921,0,0,0,0,0,0,4,0,0,8,0,0,0,0,0,0,0,0,0,0,0,0,0,6,0,0,4,6,0,13,4,0,5,24,22,21,30,13,4,119
POA3922,0,0,5,6,18,45,88,106,67,345,0,0,0,0,3,6,7,9,3,26,24,16,53,73,84,135,151,118,78,720,144,296,837,1025,1162,1728,1858,947,339,8338
POA3923,0,0,0,0,0,0,4,0,3,8,0,0,0,0,0,0,0,0,0,0,0,3,4,11,4,15,28,11,0,83,14,18,38,66,88,191,232,79,16,732
POA3925,0,3,0,6,3,12,29,30,21,112,0,0,0,0,3,0,4,3,0,9,19,20,59,56,68,74,66,45,25,434,93,163,418,557,595,774,681,288,95,3662
POA3926,0,0,0,0,0,3,5,14,17,43,0,0,0,0,0,0,0,0,0,0,3,7,23,23,31,27,39,17,12,172,72,122,209,388,461,527,525,314,100,2714
POA3927,0,0,0,4,0,4,0,6,3,19,0,0,0,0,0,0,0,0,0,0,3,10,3,17,15,22,24,18,3,118,35,70,102,183,217,327,355,175,36,1499
POA3928,0,0,0,0,0,0,3,0,0,0,0,0,0,0,0,0,0,0,0,0,3,0,3,0,3,8,12,0,4,37,9,15,22,33,72,90,97,39,10,389
POA3929,0,0,4,0,0,0,0,0,3,10,0,0,0,0,0,0,0,0,0,0,5,7,7,9,18,29,22,16,8,121,10,43,34,72,107,240,283,182,32,1002
POA3930,3,0,0,6,14,19,29,73,47,194,0,0,0,9,5,0,7,6,3,28,36,18,26,75,95,62,84,111,104,612,426,811,914,2140,2989,2471,2194,1442,532,13913
POA3931,14,3,21,28,38,53,148,280,208,794,0,0,7,7,14,7,8,10,8,55,49,37,93,104,131,138,231,296,277,1359,513,1124,2101,2700,3409,3144,3704,3002,1337,21045
POA3933,0,0,0,0,0,0,4,4,7,22,0,0,0,0,0,0,0,4,0,3,7,0,6,6,6,0,0,3,3,37,36,52,77,93,158,161,135,63,25,802
POA3934,5,0,10,6,10,14,62,160,91,345,0,3,0,7,13,4,5,8,10,50,44,20,37,74,115,75,112,103,70,654,478,860,1144,2247,3132,2514,2445,1657,618,15094
POA3936,7,0,11,12,31,31,140,182,103,518,0,0,0,4,0,7,12,20,15,66,34,37,67,105,139,139,161,159,71,906,260,575,1134,1324,1811,1953,2215,1442,451,11164
POA3937,0,0,9,0,5,9,3,0,8,21,0,0,5,6,3,13,3,0,0,24,3,4,7,12,10,25,28,13,8,117,35,64,100,139,254,332,305,118,33,1382
POA3938,3,0,6,6,8,4,29,26,14,79,0,0,0,0,0,0,0,0,0,6,9,9,9,15,18,24,40,30,16,170,65,146,244,296,396,541,676,378,90,2837
POA3939,12,12,21,16,26,62,150,250,146,692,0,0,5,9,8,17,14,9,3,66,65,57,122,123,171,152,166,189,118,1172,340,632,1557,1631,1954,2269,2424,1626,636,13068
POA3940,3,6,7,13,19,26,71,99,109,345,0,0,0,0,0,6,9,8,3,30,13,12,22,40,51,31,58,106,106,452,80,175,469,436,501,545,797,813,662,4482
POA3941,4,5,14,13,28,33,114,193,85,477,0,0,0,7,7,11,8,13,6,52,38,41,117,137,136,178,206,165,102,1124,243,504,1252,1448,1897,2091,2120,1140,397,11097
POA3942,0,0,0,0,0,0,12,24,19,62,0,0,0,0,0,0,0,3,0,7,10,12,7,22,27,45,63,34,23,243,44,96,159,221,321,478,642,356,83,2402
POA3943,0,0,0,5,0,0,5,8,4,23,0,0,0,0,0,0,0,0,0,0,7,8,16,12,19,41,54,36,9,205,22,52,89,119,194,335,590,329,68,1807
POA3944,0,0,0,0,0,0,3,0,0,3,0,0,0,0,0,0,0,0,0,0,0,0,0,0,8,17,15,23,0,60,6,12,24,24,63,157,235,191,38,753
POA3945,0,0,4,0,3,3,14,10,0,29,0,0,0,0,0,0,0,0,0,0,0,0,8,7,23,19,10,5,0,68,9,18,109,110,158,208,172,72,8,875
POA3946,0,0,0,0,0,0,0,3,0,6,0,0,0,0,0,0,0,0,0,0,3,0,0,0,0,8,0,0,0,17,3,6,37,26,37,71,45,13,9,251
POA3950,3,4,5,14,15,24,55,85,78,278,0,0,0,0,5,4,3,4,0,18,13,8,33,28,36,59,45,55,19,289,124,212,534,501,655,735,708,407,197,4085
POA3951,0,0,0,0,0,4,10,3,0,16,0,0,0,0,0,0,0,0,0,0,5,0,4,9,9,3,13,9,0,60,29,46,70,81,172,171,179,48,9,808
POA3953,4,0,10,7,7,35,84,108,76,328,0,3,0,0,0,10,3,7,3,35,26,15,44,61,52,67,79,73,35,450,178,316,720,910,979,1120,1185,709,249,6350
POA3954,0,0,0,0,0,0,0,9,6,15,0,0,0,0,0,0,0,0,0,0,0,0,5,0,0,3,3,0,6,17,7,21,17,29,60,85,50,24,7,306
POA3956,0,0,4,0,0,13,27,28,11,89,0,6,0,0,0,0,0,8,0,6,7,8,13,33,26,45,42,28,14,208,54,92,243,322,381,552,547,227,60,2478
POA3957,0,0,0,0,0,0,0,0,0,4,0,0,0,0,0,0,0,0,0,0,0,0,0,0,3,0,0,0,0,6,6,11,32,31,33,42,39,22,4,226
POA3958,0,0,0,0,0,0,4,0,0,10,0,0,0,0,0,0,0,0,0,0,3,0,5,4,6,5,0,5,0,29,10,14,16,30,42,43,39,19,4,224
POA3959,0,0,0,0,3,0,8,17,5,33,0,0,0,0,0,0,0,0,0,0,10,4,0,4,20,12,13,11,3,82,28,47,64,111,163,215,241,110,16,997
POA3960,0,0,0,0,3,7,37,45,30,123,0,0,0,0,0,0,0,0,0,4,10,14,23,24,31,40,56,31,12,236,55,83,167,212,320,463,557,315,136,2312
POA3962,0,0,0,0,0,3,16,18,4,46,0,0,0,0,0,0,0,0,0,3,0,3,9,20,6,12,14,11,3,76,15,40,73,90,110,161,196,89,23,800
POA3964,0,0,0,0,0,6,0,5,0,7,0,0,0,0,0,0,0,0,0,0,0,0,0,0,0,0,0,5,0,14,0,10,15,17,15,47,23,8,3,143
POA3965,0,0,0,0,0,4,5,6,0,17,0,0,0,0,0,0,0,0,0,0,0,0,0,3,5,6,7,4,0,32,0,4,12,15,20,45,60,29,8,208
POA3966,0,0,0,0,0,0,12,6,3,26,0,0,0,0,0,0,0,0,0,0,0,0,3,9,7,3,8,3,0,35,11,21,42,57,81,74,104,37,9,438
POA3967,0,0,0,0,0,3,0,0,0,9,0,0,0,0,0,0,0,0,0,0,0,0,0,0,0,7,5,0,0,4,5,3,11,4,15,20,25,6,5,97
POA3971,0,0,5,4,16,23,59,70,55,234,0,0,0,0,6,5,3,5,0,23,17,19,31,45,44,55,77,46,25,350,75,159,353,367,518,725,764,393,143,3499
POA3975,5,9,36,77,82,101,82,73,53,506,0,10,49,67,75,58,66,23,15,361,43,54,124,147,85,56,45,19,22,595,386,1179,2540,3450,2413,1453,827,303,163,12712
POA3976,12,13,130,192,189,203,244,180,50,1218,7,27,166,222,198,169,98,41,13,941,97,131,326,267,210,175,124,72,18,1427,649,2030,4222,3638,3122,3041,1739,738,189,19370
POA3977,52,73,310,399,391,478,715,668,314,3407,10,49,319,366,364,288,184,114,45,1735,289,370,1038,886,634,523,407,329,176,4653,2753,7418,18229,19863,13892,10395,6847,3371,1144,83909
POA3978,16,11,74,94,79,115,107,106,33,626,0,10,51,78,89,51,48,10,6,350,66,126,412,286,128,96,77,34,8,1239,726,2509,9384,8712,3892,2214,1427,600,100,29562
POA3979,0,0,0,0,3,0,0,0,0,10,0,0,0,0,0,0,0,0,0,0,0,0,5,7,7,3,12,4,0,33,11,7,30,50,52,55,58,16,0,279
POA3980,0,3,5,4,8,15,29,19,13,98,0,0,0,0,0,0,0,0,0,0,8,13,24,32,29,35,41,19,4,206,94,191,421,454,492,493,400,141,43,2739
POA3981,0,5,17,9,13,30,49,68,46,235,0,0,6,3,6,0,0,5,0,32,14,6,38,40,39,26,37,38,28,267,166,293,792,653,680,615,465,279,126,4081
POA3984,3,5,19,17,26,50,97,76,27,319,0,0,4,5,3,6,8,9,0,28,30,17,53,73,66,88,103,74,23,522,149,313,935,800,924,1126,1067,491,122,5929
POA3987,0,0,3,12,10,4,11,7,5,55,0,0,0,0,0,0,0,0,0,6,10,7,12,30,20,26,12,11,0,131,43,84,170,218,268,248,146,71,10,1253
POA3988,4,0,0,0,0,0,4,9,4,27,0,0,0,0,0,0,0,0,0,4,4,5,8,10,5,16,9,6,0,58,24,39,136,131,126,176,136,65,10,850
POA3990,0,0,0,0,0,0,8,0,0,3,0,0,0,0,0,0,0,0,0,0,0,0,0,0,0,0,5,6,0,10,0,3,9,8,19,32,19,12,0,106
POA3991,0,0,0,4,0,5,6,3,0,19,0,0,0,0,0,0,0,0,0,4,0,3,4,7,8,7,10,3,0,50,12,23,34,45,58,67,75,23,0,334
POA3992,3,0,0,0,0,7,9,10,0,35,0,0,0,3,0,0,0,0,0,10,10,0,7,19,16,7,20,0,0,75,24,51,144,169,167,198,188,48,16,1012
POA3995,0,4,19,20,25,60,141,187,132,593,0,3,3,5,16,12,5,15,6,66,33,21,81,83,62,112,168,132,67,753,270,492,1131,1152,1354,1750,1923,1096,423,9587
POA3996,8,3,5,6,8,25,40,70,45,200,0,0,0,0,0,0,3,10,18,40,12,11,11,23,38,39,77,63,52,320,94,198,457,663,696,1019,1300,737,245,5407
