POA_CODE_2021,P_FoodHospPersServ_Occ_Mng,P_FoodHospPersServ_Occ_Pro,P_FoodHospPersServ_Occ_TTW,P_FoodHospPersServ_Occ_CPS,P_FoodHospPersServ_Occ_CA,P_FoodHospPersServ_Occ_Sal,P_FoodHospPersServ_Occ_MOD,P_FoodHospPersServ_Occ_Lab,P_FoodHospPersServ_Occ_IDNS,P_FoodHospPersServ_Total,P_MixFieldProg_Occ_Mng,P_MixFieldProg_Occ_Pro,P_MixFieldProg_Occ_TTW,P_MixFieldProg_Occ_CPS,P_MixFieldProg_Occ_CA,P_MixFieldProg_Occ_Sal,P_MixFieldProg_Occ_MOD,P_MixFieldProg_Occ_Lab,P_MixFieldProg_Occ_IDNS,P_MixFieldProg_Total,P_FS_ID_Occ_Mng,P_FS_ID_Occ_Pro,P_FS_ID_Occ_TTW,P_FS_ID_Occ_CPS,P_FS_ID_Occ_CA,P_FS_ID_Occ_Sal,P_FS_ID_Occ_MOD,P_FS_ID_Occ_Lab,P_FS_ID_Occ_IDNS,P_FS_ID_Total,P_FS_NS_Occ_Mng,P_FS_NS_Occ_Pro,P_FS_NS_Occ_TTW,P_FS_NS_Occ_CPS,P_FS_NS_Occ_CA,P_FS_NS_Occ_Sal,P_FS_NS_Occ_MOD,P_FS_NS_Occ_Lab,P_FS_NS_Occ_IDNS,P_FS_NS_Total,P_Tot_Occ_Mng,P_Tot_Occ_Pro,P_Tot_Occ_TTW,P_Tot_Occ_CPS,P_Tot_Occ_CA,P_Tot_Occ_Sal,P_Tot_Occ_MOD,P_Tot_Occ_Lab,P_Tot_Occ_IDNS,P_Total_Total
POA3000,109,21,651,270,68,50,20,124,20,1326,7,6,10,8,4,4,0,3,0,38,42,103,36,51,43,32,16,33,7,361,31,51,55,63,24,23,18,37,101,410,2256,8173,2058,2638,2183,1470,464,1530,435,21224
POA3002,9,9,15,15,3,0,0,4,0,60,0,0,0,0,0,0,0,0,0,0,16,27,0,3,8,4,0,0,0,56,5,9,0,0,0,3,0,3,6,28,538,1452,101,131,248,98,15,42,41,2668
POA3003,24,6,100,26,13,8,7,8,3,194,0,0,0,0,0,0,0,0,0,3,22,22,3,16,12,11,5,0,0,88,8,14,9,12,12,8,5,10,23,88,625,1985,359,392,475,205,100,241,73,4449
POA3004,32,13,76,22,16,25,4,15,0,205,0,0,0,0,0,0,0,0,0,0,30,30,5,12,15,4,0,3,5,110,10,21,11,8,14,4,4,4,24,96,1076,2746,384,378,660,326,82,201,106,5969
POA3006,77,20,244,121,49,33,11,39,3,597,3,0,3,5,0,4,0,3,0,14,41,67,11,26,34,23,4,10,12,225,25,33,15,27,12,8,7,25,63,219,2045,5709,965,1178,1529,708,251,770,248,13398
POA3008,30,12,119,45,35,19,12,23,11,310,0,0,0,5,0,0,0,0,0,9,25,41,8,17,19,10,3,5,5,139,13,26,9,5,6,8,0,7,23,107,1302,3809,543,565,857,462,150,323,140,8151
POA3011,51,16,157,53,36,38,15,37,0,397,0,0,0,0,0,0,0,0,0,9,57,79,28,28,41,17,12,9,7,275,17,35,8,22,20,3,11,24,48,189,1542,4318,904,953,1232,519,304,507,166,10439
POA3012,67,23,154,74,57,30,24,56,4,506,0,6,4,0,0,0,0,0,0,11,45,73,19,26,40,15,10,8,4,239,18,33,29,27,22,18,16,23,41,223,1786,4385,1147,1078,1325,561,431,544,168,11430
POA3013,47,10,74,34,39,21,9,20,4,258,0,0,0,6,0,0,0,0,0,7,45,60,16,9,26,15,7,5,6,185,25,14,6,7,13,4,3,8,15,103,1527,3044,624,501,760,329,121,199,104,7213
POA3015,43,13,83,34,46,28,4,11,5,268,0,0,4,0,0,0,0,0,0,3,53,46,17,15,24,8,3,6,6,190,15,16,17,6,13,8,5,11,23,111,1781,3230,744,614,906,321,160,230,104,8091
POA3016,25,18,42,22,28,18,4,7,4,175,0,4,0,0,0,0,0,0,0,8,38,34,4,9,26,7,3,4,6,125,11,19,8,7,7,10,6,4,16,80,1518,2591,518,440,688,274,88,156,100,6377
POA3018,19,15,42,28,23,15,16,10,0,169,0,0,0,0,0,0,0,0,0,3,14,28,8,12,21,5,0,3,3,88,13,16,10,3,13,3,0,15,28,111,912,1795,622,463,656,215,140,187,104,5095
POA3019,19,7,51,37,16,18,5,18,0,169,0,0,0,0,0,0,0,9,0,11,7,3,0,8,9,0,9,8,3,51,10,5,14,10,10,12,11,10,32,114,294,831,305,365,391,213,243,239,86,2973
POA3020,54,28,203,139,74,47,48,114,9,722,0,0,0,5,0,0,4,3,0,20,22,48,23,28,44,16,32,21,6,242,32,25,51,48,42,21,67,51,93,427,1175,3268,1597,1536,1534,727,976,1025,275,12122
POA3021,66,17,292,185,82,76,90,143,21,974,0,0,0,3,0,4,9,6,0,19,13,23,30,29,28,10,38,25,12,211,21,27,71,58,32,32,72,88,115,517,824,2346,1873,1793,1439,725,1176,1237,329,11742
POA3022,5,4,12,9,9,6,4,9,0,47,0,0,0,0,0,0,0,0,0,0,3,3,0,0,3,0,0,0,0,18,0,0,4,4,8,0,6,8,11,32,90,276,124,117,115,51,71,68,12,931
POA3023,101,29,279,186,141,110,111,110,22,1092,0,3,0,0,0,4,3,7,0,20,42,58,39,42,45,13,49,34,5,327,55,32,83,68,72,34,66,56,153,623,2274,5253,2644,2464,2816,1088,1329,1150,452,19474
POA3024,70,21,188,90,84,73,80,76,6,686,0,0,6,0,0,3,0,0,0,10,14,34,29,40,28,15,44,16,15,235,15,21,31,32,37,5,50,37,62,296,1104,3355,1436,1665,1533,590,868,694,239,11485
POA3025,31,7,50,22,30,13,9,17,5,193,0,0,0,0,0,0,0,0,0,0,12,15,6,7,13,9,4,6,7,75,12,9,14,11,11,11,11,13,21,118,642,1261,549,324,535,215,159,167,89,3926
POA3026,16,4,33,23,21,13,27,16,5,151,0,0,0,0,0,0,0,0,0,3,4,4,4,3,11,0,10,11,4,49,5,11,8,5,14,8,6,15,23,85,291,732,329,301,428,122,238,176,65,2679
POA3027,23,10,51,19,17,17,22,17,3,171,0,0,0,0,0,0,0,0,0,0,9,12,0,6,13,4,13,7,0,74,0,8,8,4,15,10,14,5,32,95,562,1458,333,346,523,259,288,192,104,4058
POA3028,46,10,179,79,61,33,44,52,13,510,0,0,0,0,4,0,0,3,0,8,23,24,16,19,29,7,12,17,7,166,20,13,43,12,23,19,21,22,71,245,994,2471,1513,1149,1177,445,596,584,216,9129
POA3029,233,61,770,359,268,205,678,321,38,2938,0,0,7,0,0,0,12,8,0,41,77,102,127,170,127,67,234,108,35,1044,62,77,138,146,102,67,212,114,313,1244,4240,10843,5490,5849,5547,2515,5119,2963,1078,43655
POA3030,222,72,563,318,277,189,204,189,31,2048,3,3,0,3,3,6,5,7,4,39,92,127,87,96,98,55,94,60,17,720,105,95,113,76,110,60,109,88,244,1009,5746,12755,5216,4666,5439,2367,2382,2082,860,41507
POA3031,40,11,72,42,29,13,4,17,4,240,0,0,0,0,0,0,0,0,0,0,49,83,9,15,34,12,0,9,4,214,9,21,12,19,7,9,11,15,20,114,1447,4071,531,637,896,330,140,270,110,8426
POA3032,67,18,127,84,61,35,11,36,9,452,3,0,0,0,0,0,0,0,0,5,43,77,17,27,30,16,13,12,7,241,23,33,14,17,25,16,26,17,54,228,2318,5422,1037,1168,1571,686,346,463,220,13225
POA3033,26,8,54,19,26,28,11,18,0,192,0,0,0,0,0,0,0,0,0,3,19,15,13,14,16,8,8,4,4,97,17,4,16,8,22,9,8,9,29,126,768,1646,664,463,695,259,184,177,86,4941
POA3034,23,4,45,29,21,18,8,16,3,163,0,4,0,0,0,0,0,3,0,7,11,6,6,17,11,3,4,3,0,67,16,5,11,12,16,6,8,0,15,83,558,1253,477,338,555,194,118,155,72,3731
POA3036,14,3,14,5,10,7,4,3,0,69,0,0,0,0,0,0,0,0,0,0,3,3,3,4,5,4,0,4,3,31,11,0,5,0,10,4,0,5,6,45,380,656,281,149,302,105,41,65,32,2024
POA3037,107,28,232,134,133,122,95,123,12,993,0,0,0,0,0,3,0,5,0,12,35,36,36,47,45,18,38,24,15,288,37,44,71,44,38,31,32,54,87,437,1978,4043,2573,1854,2482,1082,1019,988,357,16385
POA3038,38,13,99,51,72,52,22,24,7,390,0,0,0,0,3,0,3,0,0,6,26,17,16,18,21,8,8,9,4,127,21,20,34,19,32,14,9,15,55,213,1135,2344,1325,864,1227,469,377,381,167,8287
POA3039,51,5,77,37,34,25,3,18,0,251,0,0,0,0,0,0,0,0,0,4,35,46,10,9,27,8,4,0,10,149,19,13,10,9,12,4,3,14,23,113,1381,3259,628,567,886,351,107,202,104,7488
POA3040,42,16,98,54,72,34,10,31,0,362,0,0,3,0,0,0,0,0,0,10,51,68,12,27,37,12,0,9,8,231,41,39,22,25,25,18,7,11,49,240,2166,4544,1030,869,1425,580,180,389,197,11370
POA3041,27,15,48,27,24,20,7,16,0,192,0,0,0,0,0,0,0,0,0,0,19,28,6,7,18,0,3,4,3,91,7,8,7,4,13,12,6,9,29,95,994,1857,527,413,739,228,111,173,92,5119
POA3042,37,14,72,51,50,32,12,23,3,300,0,0,0,0,0,0,0,0,0,3,12,26,10,16,25,6,9,3,4,119,20,11,26,19,22,5,10,16,40,163,998,1923,890,582,809,316,205,250,111,6081
POA3043,32,5,91,49,39,28,22,28,0,285,0,0,0,0,0,0,0,4,0,6,12,13,8,5,22,3,8,8,7,78,14,6,18,19,26,13,23,17,37,164,673,1337,878,625,771,299,302,294,107,5288
POA3044,58,15,118,73,62,29,21,33,11,423,0,4,3,0,0,0,0,0,0,10,39,62,19,26,44,11,9,7,6,213,22,26,33,16,21,20,11,7,70,219,1926,4497,1374,1029,1514,543,311,412,213,11825
POA3045,0,0,0,0,0,0,0,0,0,0,0,0,0,0,0,0,0,0,0,0,0,0,0,0,0,0,0,0,0,0,0,0,0,0,0,0,0,0,0,0,0,0,0,0,0,0,0,0,0,4
POA3046,51,24,240,100,63,64,52,83,8,685,0,0,0,0,0,0,4,0,0,10,36,54,21,31,38,7,13,20,8,226,17,24,42,37,39,17,29,43,67,314,1530,4176,1800,1583,1546,637,613,912,235,13033
POA3047,26,0,96,41,12,13,29,45,5,273,0,0,0,0,0,0,0,3,0,8,10,11,11,12,8,3,5,5,3,73,0,14,28,17,12,8,25,23,38,165,273,839,716,705,389,235,462,456,120,4204
POA3048,9,4,40,41,17,17,15,19,4,155,0,0,0,0,0,0,0,0,0,3,9,10,9,6,7,4,10,4,5,57,0,6,12,18,9,5,19,17,38,137,202,696,463,543,368,174,268,258,93,3056
POA3049,20,5,47,21,26,16,3,14,0,153,0,0,0,0,0,0,0,0,0,0,6,10,5,4,8,8,5,9,0,59,5,8,11,3,5,8,8,4,19,74,390,729,542,350,442,175,163,164,55,3005
POA3051,15,11,83,29,28,11,9,20,3,200,0,0,0,0,0,0,0,0,0,0,29,62,7,21,29,18,3,4,0,172,16,19,6,17,3,7,4,8,17,111,903,3534,446,569,688,279,144,262,103,6932
POA3052,11,0,31,15,4,4,3,0,0,74,0,0,0,0,0,0,0,0,0,6,8,28,0,12,5,8,0,8,0,69,0,7,0,0,4,0,0,0,8,33,339,1404,196,248,290,119,44,106,40,2793
POA3053,27,9,103,49,16,18,12,14,5,242,0,0,0,0,0,5,0,0,0,3,25,59,7,22,23,19,9,0,5,159,10,25,6,21,5,11,9,12,28,122,711,3281,482,726,659,375,162,299,110,6803
POA3054,10,7,48,19,6,4,0,3,0,102,0,0,0,0,0,0,0,0,0,3,29,55,4,11,17,13,0,0,8,137,3,17,7,6,7,5,0,0,16,61,672,2384,254,310,377,174,35,64,73,4360
POA3055,33,15,83,42,24,17,3,25,0,237,0,0,0,0,0,0,0,0,0,5,36,66,10,22,21,5,13,4,9,179,12,20,14,5,16,5,3,9,24,121,1040,3256,636,686,813,298,158,254,94,7235
POA3056,44,29,144,53,42,24,9,35,0,377,5,0,0,0,5,0,0,0,0,7,66,134,29,41,65,21,7,9,7,382,12,34,18,13,24,7,9,9,41,155,2020,6707,1002,1111,1366,529,158,339,173,13401
POA3057,20,26,87,30,24,12,5,13,0,216,0,0,0,5,0,0,0,0,0,5,44,97,9,15,25,12,0,7,9,216,20,21,9,8,15,6,4,0,24,98,1251,3896,533,552,799,308,85,174,104,7698
POA3058,61,24,203,76,59,40,18,47,12,540,0,0,0,0,0,0,0,0,0,13,76,109,24,63,39,20,11,12,7,356,32,43,26,20,42,21,15,17,37,253,2199,6383,1554,1370,1591,705,285,502,207,14800
POA3059,37,12,93,47,49,38,19,31,4,332,4,0,0,0,0,0,0,0,0,6,21,15,11,10,16,9,11,5,3,103,18,18,30,12,20,22,9,20,41,198,1063,1997,1024,678,954,424,331,313,156,6930
POA3060,21,8,69,28,20,22,18,28,0,210,0,0,0,0,0,0,0,0,0,6,10,16,11,11,11,7,7,9,3,80,11,9,26,13,18,3,17,19,36,147,393,1235,564,532,408,231,277,287,115,4037
POA3061,4,0,15,3,10,9,6,8,0,46,0,0,0,0,0,0,0,0,0,4,0,4,3,4,0,0,0,0,0,12,5,4,9,0,8,3,6,5,10,45,71,134,151,127,122,67,66,70,23,827
POA3062,0,0,0,0,0,0,0,0,0,0,0,0,0,0,0,0,0,0,0,0,0,0,0,0,0,0,0,0,0,0,0,0,0,0,0,0,0,0,0,0,0,0,0,0,0,0,0,0,0,3
POA3063,3,0,3,0,5,0,3,0,0,10,0,0,0,0,0,0,0,0,0,0,0,0,0,0,0,0,0,0,0,5,0,0,0,0,0,0,0,0,0,7,39,38,23,18,15,14,9,11,3,183
POA3064,193,48,603,309,216,227,400,244,23,2256,0,4,8,6,8,0,3,9,0,42,60,70,92,119,74,38,141,102,18,720,65,72,143,126,78,73,145,102,218,1024,3096,7490,4880,5220,4106,1889,3129,2416,660,32888
POA3065,26,8,54,23,8,9,6,11,0,144,0,0,0,0,0,0,0,0,0,6,46,54,0,7,18,7,0,3,3,141,0,12,11,14,7,8,3,12,20,80,941,2808,286,354,438,199,56,97,68,5251
POA3066,28,11,61,20,12,11,6,0,6,162,0,0,0,0,0,6,0,0,0,4,25,44,4,14,20,10,0,5,0,115,8,19,7,7,4,3,0,3,22,77,869,2676,296,356,420,203,52,92,70,5035
POA3067,25,7,73,24,16,14,3,12,0,171,0,0,0,0,0,0,0,0,0,0,24,42,9,13,10,9,0,0,4,118,0,11,7,5,5,7,0,6,21,62,971,2615,374,358,514,259,61,127,85,5358
POA3068,33,16,64,32,15,17,4,13,0,194,0,0,0,0,0,0,0,0,0,3,67,132,20,33,44,13,6,3,3,315,14,29,11,13,7,4,3,5,23,94,1886,5459,546,602,883,344,78,133,129,10062
POA3070,41,12,100,47,22,23,3,17,0,259,0,0,0,0,0,0,0,0,0,0,79,143,16,27,48,20,0,11,3,344,15,20,10,14,19,5,3,7,33,122,2277,6417,909,870,1160,471,147,237,145,12639
POA3071,29,13,79,41,34,15,12,20,0,238,0,0,0,0,0,0,0,0,0,4,61,97,21,13,42,12,8,4,9,266,8,21,15,14,9,0,6,11,29,117,1507,4141,782,768,929,350,156,253,107,8990
POA3072,79,20,204,83,64,48,22,69,5,596,0,0,0,4,0,0,0,0,0,5,64,101,25,32,58,28,8,16,12,353,31,40,40,26,40,12,13,29,58,291,2121,5879,1503,1420,1560,728,333,597,235,14369
POA3073,103,24,324,120,97,77,48,108,13,916,0,0,0,0,0,0,0,6,0,20,61,103,38,50,60,19,19,33,11,386,40,35,69,53,53,35,29,56,102,469,2200,6014,2374,2099,2194,952,775,1122,346,18078
POA3074,23,3,108,68,30,36,31,46,3,341,0,0,3,0,0,0,0,0,0,9,8,13,12,15,21,4,20,12,3,107,15,4,32,24,13,15,25,31,31,196,420,1040,831,746,587,320,405,485,102,4940
POA3075,33,10,135,69,47,35,40,58,5,434,0,0,0,3,0,4,9,0,0,17,21,13,19,13,12,6,21,21,4,127,12,10,29,20,20,11,29,33,52,217,505,1360,897,815,736,358,413,536,122,5738
POA3076,53,10,216,110,84,53,68,87,4,682,0,0,5,0,0,0,0,0,0,6,24,20,23,30,22,15,40,31,8,199,17,25,45,45,35,27,44,53,62,353,929,2314,1617,1483,1298,572,747,760,214,9948
POA3078,15,5,25,22,13,4,0,5,0,107,0,0,0,0,0,0,0,0,0,3,35,63,7,12,24,3,0,0,3,155,10,18,11,5,6,4,0,0,16,74,1076,2857,413,390,559,239,77,111,68,5798
POA3079,25,12,40,19,20,17,8,4,6,156,0,0,0,3,0,0,0,0,0,5,36,50,10,16,21,0,0,9,3,151,10,26,9,12,8,6,3,12,17,96,1480,3544,527,457,808,349,102,161,108,7538
POA3081,31,6,63,35,24,15,9,30,6,217,0,0,0,0,0,0,0,0,0,0,15,22,11,16,13,4,11,8,0,100,14,11,16,18,12,13,14,14,34,141,670,2014,609,601,522,240,196,236,84,5178
POA3082,47,14,132,83,79,53,23,46,9,487,0,3,0,0,0,0,0,0,0,12,17,25,19,17,29,10,15,14,7,149,19,20,48,26,34,23,31,23,56,280,1044,2643,1478,1211,1339,599,475,541,177,9506
POA3083,59,28,150,97,68,41,30,49,0,517,0,0,4,0,0,0,0,0,0,12,27,25,18,18,34,14,15,7,9,171,31,36,43,31,38,21,13,34,60,306,1401,3413,1416,1272,1347,664,520,627,205,10866
POA3084,44,21,99,43,32,30,9,25,0,300,0,0,0,0,5,0,0,0,0,7,37,66,8,29,34,7,0,10,3,202,21,34,15,12,32,10,3,7,26,164,1927,4973,945,824,1270,447,173,320,125,10998
POA3085,19,4,57,31,32,17,7,15,4,182,0,0,0,0,0,0,0,3,0,3,17,24,8,13,19,5,5,5,0,98,15,17,18,8,13,3,9,6,14,104,961,2179,676,550,690,227,97,168,76,5613
POA3087,13,6,38,25,14,15,7,16,3,127,0,0,0,0,0,0,0,0,0,3,11,9,5,11,8,0,5,3,0,56,12,10,15,5,0,3,4,3,7,61,476,1257,537,375,430,152,108,125,42,3500
POA3088,39,13,107,60,65,34,10,29,3,362,0,0,0,0,0,0,0,0,0,3,31,54,21,36,31,3,4,3,0,181,19,18,34,10,15,19,10,7,29,162,1696,3757,1471,1037,1270,456,202,326,139,10359
POA3089,26,9,61,49,42,28,9,16,0,236,0,0,0,0,0,0,0,0,0,0,11,19,9,8,10,3,3,3,4,67,17,11,18,9,10,7,4,16,16,103,861,1593,873,613,593,211,119,191,71,5113
POA3090,9,0,6,0,12,6,4,0,0,37,0,0,0,0,0,0,0,0,0,0,4,0,0,0,0,0,0,0,0,17,4,0,0,0,0,0,0,5,0,18,205,271,154,63,118,51,25,21,12,920
POA3091,4,0,5,5,6,7,0,0,0,25,0,0,0,0,0,0,0,0,0,0,0,8,0,0,0,0,0,0,0,10,0,0,6,0,0,0,0,0,3,14,121,153,123,52,73,28,14,18,10,594
POA3093,11,6,12,3,8,5,0,3,0,52,0,0,0,0,0,0,0,0,0,0,5,7,0,0,4,5,0,0,7,29,7,0,4,0,0,3,0,6,0,19,315,525,194,130,158,76,18,33,24,1475
POA3094,13,7,42,18,30,12,0,3,0,129,0,0,0,0,0,0,0,4,0,5,13,19,8,5,16,10,0,6,4,67,3,14,17,6,4,0,4,0,19,59,613,1389,482,349,412,153,51,96,46,3605
POA3095,50,15,102,53,78,31,10,17,0,367,0,0,0,0,0,0,0,0,0,4,40,74,20,34,34,13,3,0,3,224,14,34,20,11,22,15,4,16,40,172,2255,4291,1409,998,1348,464,186,279,129,11356
POA3096,8,0,16,7,4,5,0,0,0,36,0,0,0,0,0,0,0,0,0,0,0,0,0,0,0,0,0,0,0,11,7,4,0,0,0,0,0,0,3,14,131,214,144,93,72,30,17,30,9,741
POA3097,3,0,0,3,4,3,0,0,0,13,0,0,0,0,0,0,0,0,0,0,5,0,0,0,0,0,0,0,0,14,3,0,7,0,0,0,0,3,4,21,145,190,77,53,62,15,17,22,14,590
POA3099,10,0,25,4,17,0,3,3,0,60,0,0,0,0,0,0,0,0,0,0,3,9,5,0,0,0,0,0,0,30,6,0,3,3,3,0,8,3,5,37,325,605,396,204,218,73,63,81,30,1996
POA3101,57,9,64,28,26,19,3,6,5,227,0,4,0,0,5,3,0,0,0,13,56,51,15,10,22,18,10,6,11,198,18,27,4,8,17,17,0,5,42,143,2137,4991,532,619,1078,505,93,193,191,10341
POA3102,5,0,26,6,9,0,0,6,5,62,0,0,0,0,0,0,0,0,0,0,9,25,5,8,7,7,0,0,0,62,11,7,0,0,6,0,0,3,5,36,570,1244,166,182,306,125,23,47,48,2708
POA3103,31,9,23,22,19,21,4,8,0,133,5,0,0,0,0,0,0,0,0,7,18,32,5,6,13,14,6,0,0,93,19,19,9,0,6,6,0,4,17,79,1202,2586,310,349,630,362,73,139,109,5774
POA3104,29,7,47,24,20,18,0,9,3,162,0,0,0,0,0,0,0,0,0,8,29,42,11,9,30,13,0,5,4,140,16,28,5,11,12,17,3,0,22,114,1661,3395,496,481,996,510,91,180,146,7957
POA3105,12,0,52,21,12,15,9,9,4,140,0,0,0,0,0,0,0,0,0,0,12,11,3,15,15,6,4,3,7,68,14,8,15,8,14,12,6,0,26,106,697,1475,423,341,472,288,88,131,66,3981
POA3106,40,5,53,32,29,22,6,19,4,211,0,0,0,0,0,0,0,0,0,4,27,24,11,15,19,12,0,0,0,114,14,15,13,3,14,12,0,3,32,118,1181,2175,552,406,776,416,76,146,132,5861
POA3107,29,8,53,27,17,30,8,13,0,177,0,0,0,0,0,0,0,0,0,0,17,31,9,7,13,5,3,3,6,96,8,13,10,7,9,5,0,8,25,92,898,1928,515,415,626,307,84,152,83,5001
POA3108,45,6,112,40,34,52,12,28,5,335,0,0,5,0,0,0,0,0,0,11,32,39,14,11,20,11,0,4,5,132,14,20,29,20,19,8,3,16,43,182,1461,3460,860,807,1125,628,214,355,198,9101
POA3109,60,19,134,69,57,41,12,37,6,432,0,4,0,3,6,0,0,4,0,9,24,36,10,13,26,21,9,6,6,148,20,30,19,19,22,18,10,12,52,197,1800,4067,1024,995,1468,712,235,378,222,10916
POA3111,32,7,44,22,19,23,5,10,0,154,0,0,0,0,0,0,0,0,0,0,16,21,8,10,12,0,0,3,0,72,7,8,8,6,7,7,7,3,20,73,897,1703,448,332,571,262,78,117,70,4478
POA3113,16,4,26,18,23,6,3,8,0,109,0,0,0,0,0,0,0,0,0,3,17,17,6,5,3,0,0,4,0,52,9,8,4,0,3,5,0,6,6,48,765,1285,394,288,341,153,41,101,38,3412
POA3114,10,0,9,4,14,4,0,0,0,43,0,0,0,0,0,0,0,0,0,0,8,8,3,3,4,4,0,0,4,31,8,0,4,4,0,0,0,0,3,22,356,515,156,97,168,65,16,32,20,1421
POA3115,15,0,10,8,15,0,4,3,4,57,0,0,0,0,0,0,0,0,0,0,12,5,0,3,5,0,0,0,0,27,4,5,0,0,4,0,0,0,0,23,315,432,242,120,193,74,27,51,16,1482
POA3116,25,7,64,36,33,27,11,9,0,213,0,0,0,0,0,0,0,0,0,0,12,7,3,10,17,4,4,3,5,66,11,6,15,0,8,11,7,9,21,91,664,1116,762,521,543,248,139,198,73,4262
POA3121,97,20,160,92,57,30,10,24,6,509,0,4,0,0,0,4,0,4,0,8,78,111,19,28,49,28,3,7,16,341,45,55,26,24,24,18,8,9,54,262,3445,8531,1164,1091,1689,779,153,384,235,17466
POA3122,51,25,103,31,32,14,3,12,0,279,0,5,0,0,0,0,0,4,0,7,51,81,9,17,28,11,0,4,6,218,19,22,9,10,15,7,0,16,36,134,2021,5332,629,686,1156,541,114,287,168,10938
POA3123,29,14,55,26,24,16,0,5,3,178,0,0,0,0,0,3,0,0,0,6,27,53,7,17,27,11,0,3,7,146,12,19,11,6,8,11,0,3,18,83,1400,3483,402,407,773,379,91,122,92,7141
POA3124,28,11,53,22,26,23,5,15,0,190,0,0,0,4,0,0,0,0,0,6,24,52,3,14,21,16,4,4,4,145,20,27,6,5,17,11,0,5,20,120,2018,4186,438,508,967,478,84,160,138,8967
POA3125,23,9,48,49,17,20,4,23,0,187,0,0,0,0,0,0,0,3,0,0,15,21,5,6,7,7,3,0,3,79,10,17,15,4,15,9,11,3,27,112,861,2226,471,537,687,451,180,278,108,5799
POA3126,8,0,24,7,9,8,0,5,0,55,0,0,0,0,0,0,0,0,0,0,13,19,4,4,12,0,3,0,0,53,11,14,0,0,4,3,0,3,8,48,763,1426,125,139,318,127,17,43,46,3003
POA3127,28,8,38,28,20,17,5,20,0,160,0,0,0,4,0,0,0,3,0,10,34,48,3,17,23,0,9,4,4,137,17,28,7,3,11,7,0,7,29,103,1651,3820,418,465,839,360,75,161,114,7893
POA3128,39,14,119,56,26,38,15,57,7,366,0,0,6,6,0,0,0,3,0,16,18,35,12,9,21,13,4,15,3,126,16,25,22,18,17,10,17,13,47,184,1212,3351,817,902,1000,582,249,462,146,8721
POA3129,27,14,67,38,25,24,13,29,3,239,5,0,0,3,0,0,0,0,0,8,12,33,11,10,19,12,5,3,5,110,15,19,19,16,8,11,4,12,22,123,1122,2964,632,609,800,394,149,243,117,7037
POA3130,50,18,115,44,39,32,13,36,0,350,0,0,0,0,0,0,0,3,0,5,47,69,13,21,30,16,7,9,9,231,19,28,23,17,34,24,11,12,58,228,2249,5359,1145,977,1615,650,275,383,215,12867
POA3131,35,9,99,59,35,35,17,37,5,320,0,0,0,0,0,0,0,0,0,3,25,36,22,12,26,9,5,3,4,145,11,22,16,25,8,9,5,19,22,135,1278,3404,873,833,1118,499,200,355,122,8677
POA3132,29,11,68,36,20,28,18,17,0,224,0,0,0,0,0,0,0,0,0,5,20,24,12,12,19,8,7,4,0,103,14,12,9,8,9,4,3,8,25,105,1081,2921,707,624,883,333,135,212,103,6996
POA3133,37,7,87,37,32,32,10,25,3,270,0,0,0,0,0,0,0,7,0,11,17,23,8,14,20,9,8,6,0,107,13,24,18,14,11,7,10,24,32,154,1332,3171,874,760,1047,444,187,296,145,8258
POA3134,64,18,152,77,78,48,27,46,9,530,0,0,0,0,0,0,3,0,0,5,31,45,18,27,45,19,15,13,7,220,33,32,47,32,23,22,11,11,48,255,2260,4696,1744,1415,1689,660,306,517,213,13499
POA3135,40,8,88,46,44,31,9,21,3,306,0,0,0,0,0,0,0,0,0,3,19,42,13,23,18,7,3,3,5,131,10,18,24,14,19,10,9,8,35,150,1246,3085,998,818,930,389,167,280,95,8006
POA3136,114,28,235,117,105,101,34,66,13,812,0,0,0,4,0,0,0,5,3,17,33,61,37,28,39,15,14,10,11,260,34,23,63,39,40,19,16,33,53,315,2409,5507,2561,1966,2083,858,470,732,251,16832
POA3137,44,13,87,37,52,31,11,29,0,303,0,0,0,0,0,0,0,0,0,6,3,17,11,12,3,0,3,4,5,60,4,6,26,9,10,6,10,12,23,107,668,1332,1030,685,609,258,183,266,88,5114
POA3138,57,9,134,70,64,42,21,43,6,443,0,0,3,0,0,0,0,0,0,5,10,29,22,20,19,12,5,3,4,135,19,17,38,19,17,18,16,25,35,201,1043,2232,1654,1078,1008,403,302,435,130,8290
POA3139,41,7,105,53,46,27,8,28,4,318,0,0,0,0,0,0,0,0,0,6,14,9,7,14,8,0,3,4,0,58,18,12,38,11,16,6,10,10,26,142,700,882,1365,695,557,212,228,327,69,5047
POA3140,46,14,113,56,58,40,9,34,5,367,0,0,0,0,0,0,0,0,0,0,11,16,16,9,17,3,7,12,7,100,12,13,26,18,10,8,8,9,37,138,852,1518,1180,826,802,310,224,325,93,6132
POA3141,71,29,157,57,45,45,9,17,5,417,0,3,0,0,0,0,0,0,0,5,58,129,8,16,36,14,3,10,5,280,35,40,19,18,19,15,0,15,35,195,2678,7027,709,795,1383,748,111,259,207,13919
POA3142,25,3,33,18,15,12,0,5,0,122,0,0,0,0,0,0,0,0,0,4,36,33,3,0,18,18,0,4,3,115,23,18,4,3,12,9,3,0,14,96,1313,2499,201,243,569,330,30,84,142,5417
POA3143,17,14,40,20,17,12,0,10,5,133,0,0,0,0,0,0,0,0,0,0,25,31,3,4,14,6,5,3,3,97,4,17,3,0,3,7,0,0,13,52,943,2170,230,255,433,300,45,84,79,4540
POA3144,24,4,34,15,5,12,0,7,0,101,0,0,0,0,0,0,0,0,0,0,38,43,0,12,12,11,0,0,3,115,3,18,9,0,5,0,0,4,14,54,1057,2166,213,220,452,263,38,77,86,4562
POA3145,44,20,87,39,23,32,3,22,4,268,0,9,0,0,0,0,0,4,0,8,34,70,16,18,30,15,3,9,4,202,30,35,11,14,9,11,3,6,40,161,2051,4477,671,696,1129,543,138,290,144,10146
POA3146,46,12,77,30,40,21,8,16,3,257,0,0,0,0,0,0,0,3,0,7,55,57,6,16,35,21,8,3,14,211,22,22,10,11,11,17,0,7,33,127,2628,5442,639,646,1245,575,110,205,162,11647
POA3147,28,8,34,24,14,17,0,16,0,145,0,0,0,0,0,0,0,0,0,3,32,29,5,9,13,3,0,5,8,106,17,15,4,7,7,5,0,6,30,95,1294,2621,425,395,612,285,83,163,101,5991
POA3148,18,4,60,20,18,16,9,24,0,172,0,0,0,0,0,0,0,0,0,3,12,17,8,11,14,5,0,3,0,68,10,11,17,7,7,0,5,9,19,86,585,1556,416,395,492,265,101,187,75,4076
POA3149,76,14,147,58,56,40,12,47,4,453,0,0,0,0,0,0,0,0,0,9,39,65,20,17,40,22,7,13,9,229,29,29,32,21,27,21,6,26,68,259,2353,5535,1193,982,1743,795,307,519,262,13683
POA3150,82,35,242,100,66,56,35,64,9,679,0,0,0,0,0,6,4,3,0,15,52,77,22,40,49,31,22,24,9,330,47,60,56,18,41,23,11,29,101,397,3697,8836,2017,1723,2811,1300,576,853,398,22208
POA3151,16,4,61,14,9,8,9,19,3,147,0,0,0,0,0,0,0,0,0,0,11,17,0,9,10,3,0,0,0,56,7,17,17,0,0,5,3,11,19,86,561,1453,407,317,503,259,115,236,63,3918
POA3152,70,19,145,74,52,53,12,64,5,499,0,3,0,0,0,0,0,5,0,11,29,61,29,28,28,19,13,14,13,231,26,23,42,19,29,19,11,27,58,256,1928,4456,1479,1190,1729,782,368,507,227,12660
POA3153,48,15,132,62,45,35,19,54,5,408,0,0,0,0,0,0,4,0,0,5,16,16,12,10,9,5,4,10,0,86,11,14,27,24,25,8,20,22,41,196,855,2217,1270,1001,985,412,314,473,137,7663
POA3154,6,0,23,7,15,8,3,5,0,77,0,0,0,0,0,0,0,0,0,0,0,3,8,3,3,0,0,3,0,20,0,0,15,3,7,0,0,3,8,41,251,414,315,193,211,82,54,81,29,1632
POA3155,45,12,125,72,67,47,29,46,5,440,0,0,0,0,0,0,0,0,0,6,21,25,22,13,17,12,6,10,4,130,18,18,43,15,27,15,20,18,26,192,967,2477,1512,1102,1105,483,338,456,122,8565
POA3156,82,23,214,88,108,80,38,59,6,698,0,0,0,5,0,0,3,0,0,7,35,62,32,30,28,15,16,7,15,240,38,32,64,22,40,19,23,27,52,302,2068,4008,2469,1580,1783,780,519,623,221,14056
POA3158,14,5,22,12,14,12,8,14,7,98,0,0,0,0,0,0,0,0,0,6,8,16,0,10,12,0,3,0,3,63,5,4,8,0,6,5,7,5,20,55,402,952,428,305,307,126,85,123,55,2783
POA3159,5,0,7,6,4,6,0,0,0,39,0,0,0,0,0,0,0,0,0,0,5,8,7,4,0,3,0,0,0,34,0,0,0,0,0,0,0,0,6,13,179,332,173,122,104,42,26,38,14,1034
POA3160,10,3,54,16,26,9,9,6,3,145,0,0,0,0,0,0,0,0,0,0,11,20,8,11,9,5,0,4,0,69,13,7,11,6,12,9,0,5,10,69,595,1229,597,456,379,149,89,136,53,3688
POA3161,30,5,72,42,23,18,5,12,3,209,0,0,0,0,0,0,0,0,0,8,25,48,8,19,25,7,0,5,3,144,17,27,7,9,6,7,3,4,33,108,1432,3500,421,547,744,398,86,168,161,7455
POA3162,35,3,60,30,27,17,4,14,4,188,0,0,0,0,0,0,0,0,0,3,35,48,9,11,20,9,6,5,9,158,25,29,10,12,18,5,5,3,35,138,1528,3350,486,556,796,407,98,177,137,7535
POA3163,61,17,204,72,37,48,20,41,8,497,4,5,0,3,4,0,0,0,0,15,57,81,26,28,57,17,15,19,8,316,34,34,39,14,18,15,11,12,68,249,2425,6636,1363,1268,1784,841,339,585,288,15539
POA3165,69,18,138,60,58,61,16,21,3,448,3,0,0,0,0,0,0,0,0,8,43,64,18,19,37,19,3,4,8,215,29,39,29,17,31,12,14,16,32,209,2315,4453,1252,971,1520,679,194,316,188,11887
POA3166,42,17,140,65,52,46,23,27,5,421,0,3,0,0,0,4,0,0,0,7,28,64,19,18,47,16,4,10,12,208,16,30,31,13,26,13,10,9,41,189,1568,4071,1078,911,1255,582,275,419,157,10330
POA3167,15,3,60,20,16,14,8,23,3,170,0,0,0,0,0,0,0,0,0,0,10,14,5,3,24,4,13,0,4,74,4,16,7,6,10,7,0,7,23,79,527,1296,441,340,489,230,133,181,79,3711
POA3168,32,13,143,42,28,33,22,52,9,363,0,0,3,5,0,0,0,8,0,20,8,21,9,20,23,12,10,22,5,136,7,22,30,17,14,10,17,19,56,195,624,2977,865,916,859,577,558,863,202,8445
POA3169,30,15,129,55,33,21,34,49,7,374,0,0,0,0,0,0,0,5,0,7,15,15,11,10,13,11,10,21,8,107,14,17,22,12,21,8,16,34,51,198,648,2178,980,788,931,420,454,607,161,7164
POA3170,28,16,105,57,40,23,18,34,3,326,0,0,0,0,0,0,0,0,0,3,13,22,9,11,15,0,0,7,5,82,12,15,21,15,13,17,13,26,45,179,1025,2393,828,674,997,367,251,361,159,7056
POA3171,24,5,154,72,22,37,42,82,11,444,0,0,0,0,0,0,4,5,10,16,4,10,16,7,9,8,12,17,5,88,15,16,31,26,13,19,32,50,70,251,419,1382,809,727,619,375,486,719,176,5714
POA3172,34,10,121,50,52,21,24,50,3,371,0,0,0,0,0,0,0,4,0,4,16,22,7,12,23,10,14,9,8,115,19,13,29,21,17,7,32,42,48,227,799,1660,990,712,857,401,394,463,129,6399
POA3173,49,12,149,79,45,52,45,65,3,499,0,0,0,0,0,0,0,0,0,9,22,23,12,13,20,12,23,11,3,136,20,20,43,25,23,15,33,31,62,266,1178,2702,1247,885,1279,588,533,606,194,9213
POA3174,46,9,275,144,64,47,95,132,12,820,0,0,3,0,3,0,9,10,0,27,16,21,39,38,20,10,35,40,0,225,24,24,52,46,31,17,43,79,85,396,768,2464,1632,1693,1256,600,1011,1303,260,10981
POA3175,50,12,276,107,61,57,77,143,14,791,0,3,4,0,0,5,6,11,0,38,19,18,33,32,27,15,44,36,8,235,22,34,80,54,30,19,65,91,100,506,1070,2856,2287,1836,1540,730,1236,1482,306,13349
POA3177,5,3,52,20,11,18,19,36,0,166,0,0,0,0,0,0,4,6,0,4,0,0,12,10,3,5,9,11,0,43,5,5,24,12,0,5,22,24,32,143,166,436,501,420,268,144,291,303,73,2598
POA3178,68,13,162,67,63,56,22,45,7,508,0,0,3,0,0,3,5,3,0,12,39,32,28,17,30,12,9,8,4,188,27,22,31,28,38,23,14,32,46,253,2009,3896,1882,1195,1737,790,410,530,204,12653
POA3179,10,3,27,21,5,13,8,6,0,99,0,0,0,0,0,0,0,0,0,3,4,3,0,4,3,4,0,3,0,24,4,9,12,0,7,4,9,8,11,57,320,678,330,250,281,143,87,110,31,2230
POA3180,20,0,51,21,19,17,12,11,0,145,0,0,0,0,0,0,0,0,0,0,8,6,9,8,9,4,5,4,0,43,10,7,16,8,6,3,0,4,7,58,379,880,410,310,366,153,111,143,30,2785
POA3181,71,25,145,67,36,43,8,19,4,420,0,0,0,0,0,0,0,0,0,4,54,84,11,16,38,22,7,5,8,234,23,43,16,3,13,13,3,10,48,170,2098,4901,716,779,1123,668,104,236,158,10788
POA3182,93,34,238,95,53,34,11,31,11,599,0,0,0,0,0,0,0,0,0,7,53,92,20,32,41,25,10,10,7,294,25,39,18,20,12,18,3,7,43,199,2160,4880,1089,1068,1230,601,207,392,220,11838
POA3183,45,15,173,45,47,26,8,16,6,387,0,5,5,0,0,0,0,3,0,8,60,55,14,20,32,11,0,11,8,213,21,37,6,7,14,7,10,4,36,140,1640,3844,734,695,880,461,147,266,142,8802
POA3184,50,12,75,41,28,22,4,16,5,249,0,0,0,0,0,0,0,0,0,8,33,64,12,19,30,20,3,5,5,184,19,29,18,7,7,5,0,8,25,118,1658,3510,582,592,735,452,92,168,120,7914
POA3185,26,9,73,27,31,8,4,7,0,191,0,0,0,0,0,0,0,0,0,0,39,50,8,6,18,9,0,9,0,138,3,19,10,9,8,13,6,3,20,93,1240,2811,433,455,644,307,78,119,98,6173
POA3186,51,22,58,27,36,18,3,3,3,213,0,0,0,0,0,0,0,0,0,3,47,60,6,11,25,10,0,6,0,179,37,30,7,3,16,13,0,3,39,152,2476,3835,413,444,881,519,57,109,185,8912
POA3187,41,12,36,21,20,24,0,11,0,168,0,4,0,0,0,0,0,0,0,4,34,42,10,10,15,7,0,0,4,130,22,14,12,3,4,10,0,5,21,94,1649,2522,374,349,663,358,59,99,110,6180
POA3188,47,16,50,21,34,22,8,7,6,213,0,0,0,0,0,0,0,0,0,0,34,56,3,9,16,14,0,4,8,145,13,31,7,5,12,11,0,3,23,103,1963,3002,516,463,801,394,67,147,111,7456
POA3189,14,3,42,17,12,15,7,13,0,126,0,0,0,0,0,0,0,0,0,0,13,13,5,0,8,3,0,13,6,52,10,3,10,7,5,0,4,5,9,51,447,911,319,231,298,129,49,110,33,2527
POA3190,25,13,59,33,22,24,9,18,4,198,0,4,0,0,0,0,0,0,0,3,23,27,17,13,18,6,3,0,3,99,18,9,15,11,9,12,0,0,14,87,1079,1849,526,435,616,264,80,126,74,5054
POA3191,14,6,30,7,14,7,4,5,6,93,0,0,0,0,0,0,0,0,0,0,26,30,5,7,12,6,0,5,0,91,20,6,8,3,4,12,0,8,17,78,1127,1705,301,272,428,228,36,87,57,4244
POA3192,47,16,97,40,45,43,11,22,5,325,0,0,0,0,0,0,0,6,0,5,35,50,21,21,29,10,9,9,0,183,23,11,24,18,21,13,5,14,28,161,1690,3363,1124,897,1181,560,189,296,138,9440
POA3193,41,10,46,28,28,21,0,5,3,186,0,0,3,3,0,0,0,0,0,3,42,35,11,13,26,9,0,3,10,151,23,13,10,8,7,8,0,5,36,112,2071,2946,551,438,879,437,74,131,147,7665
POA3194,32,13,74,36,25,23,3,14,7,232,0,0,0,0,0,0,0,0,0,6,37,28,4,3,15,0,0,4,3,99,13,19,14,4,5,7,4,5,21,94,1002,1990,581,525,707,266,120,143,82,5412
POA3195,74,21,166,83,81,66,14,32,4,544,0,0,0,0,0,0,0,0,0,7,45,62,18,25,40,19,17,8,0,238,37,23,47,21,21,24,6,12,57,246,2840,5190,1771,1352,1797,827,277,411,195,14654
POA3196,46,22,120,75,71,37,18,37,11,434,0,0,0,0,0,0,0,0,0,4,30,48,14,20,25,8,10,8,16,190,21,24,42,19,16,13,18,15,33,201,1624,3478,1571,1131,1284,491,250,376,148,10355
POA3197,29,4,58,27,18,20,12,10,6,189,0,0,0,0,0,0,0,0,0,0,17,16,12,5,5,0,5,5,3,70,21,9,20,9,12,9,3,3,26,105,794,1280,727,474,549,253,121,155,84,4444
POA3198,34,12,89,50,50,38,17,40,0,344,0,0,0,0,0,0,0,0,0,10,17,12,13,18,14,8,3,6,9,96,15,10,33,13,12,0,11,27,31,156,771,1571,1113,728,678,350,208,314,113,5854
POA3199,104,43,285,169,116,112,35,109,11,990,0,0,0,0,3,3,5,3,0,15,69,70,27,44,47,17,12,20,18,331,38,57,75,33,43,49,23,55,72,439,2563,5458,3121,2506,2062,1085,631,1033,289,18740
POA3200,7,3,33,15,14,9,12,20,0,123,0,0,0,0,0,0,0,0,0,0,0,0,5,4,7,0,0,5,0,25,4,4,15,10,3,9,12,9,3,64,115,165,280,232,122,70,106,152,23,1264
POA3201,47,11,148,61,62,56,34,71,7,499,0,0,4,0,0,3,0,3,0,6,18,13,18,15,16,5,7,13,3,115,14,17,50,16,24,15,26,33,43,239,736,1410,1535,1122,939,442,443,569,147,7344
POA3202,13,4,15,3,3,3,0,3,0,39,0,0,0,0,0,0,0,0,0,0,4,0,0,4,0,0,0,0,0,16,4,3,3,5,0,0,0,0,5,20,219,356,127,99,129,50,25,38,19,1055
POA3204,68,24,175,61,58,40,13,23,3,466,0,0,3,0,0,3,3,0,0,11,58,97,21,27,32,22,9,7,10,274,36,32,28,20,25,21,10,8,46,220,2778,5789,1179,1133,1644,747,252,363,220,14109
POA3205,38,10,55,28,22,12,4,12,0,174,4,0,0,0,0,0,0,0,0,3,29,33,8,9,21,3,0,0,5,111,19,13,10,9,12,6,0,4,28,90,1208,2536,331,345,614,255,48,131,100,5571
POA3206,11,3,20,4,10,4,0,8,3,65,0,0,0,0,0,0,0,0,0,4,27,37,3,9,9,4,0,4,4,97,15,16,0,3,5,4,3,0,8,61,1201,1896,210,175,358,189,33,46,81,4188
POA3207,48,17,75,35,32,21,5,14,4,249,0,0,0,0,0,0,0,0,0,3,40,54,12,21,17,15,10,10,3,159,17,21,16,10,13,8,10,11,26,130,2023,3249,544,489,840,376,97,152,144,7909
POA3211,0,0,0,5,6,5,0,3,0,19,0,0,0,0,0,0,0,0,0,0,0,0,0,3,0,0,0,0,0,5,0,0,4,0,0,4,0,0,7,24,64,81,79,44,46,18,26,26,14,386
POA3212,26,8,88,70,49,34,35,28,5,334,0,3,0,0,0,0,0,0,0,0,9,14,19,9,11,4,14,14,4,97,14,16,24,12,20,6,23,9,29,152,684,1530,1145,957,743,307,389,346,93,6191
POA3213,14,3,32,4,13,0,6,9,0,82,0,0,0,0,0,0,0,0,0,3,0,4,5,8,0,0,0,0,0,24,6,4,9,7,3,0,5,8,6,58,244,364,327,178,183,66,90,113,28,1600
POA3214,39,8,122,56,22,34,53,67,8,406,0,0,0,0,0,0,0,3,0,7,4,8,9,9,12,4,15,10,3,70,4,10,47,36,9,11,27,56,42,239,293,667,871,1063,438,325,532,604,124,4913
POA3215,35,6,132,61,43,42,19,51,8,390,0,0,0,0,0,0,0,0,0,7,12,24,10,15,16,7,11,19,5,119,19,21,41,27,15,21,10,30,35,217,799,2045,1239,1003,821,406,354,464,131,7267
POA3216,119,20,343,189,126,113,33,107,15,1060,0,5,5,0,4,0,0,0,0,16,38,74,39,68,50,9,27,23,13,345,36,46,58,56,36,24,29,41,82,406,2744,7441,3189,3007,2364,1133,793,1173,299,22152
POA3217,59,19,201,102,74,57,22,50,8,585,0,0,0,0,0,0,0,4,0,4,12,18,15,28,11,9,7,14,9,120,15,20,33,26,8,12,4,10,38,171,1019,2663,1389,1414,937,469,319,447,119,8773
POA3218,44,13,101,36,35,22,7,26,3,280,0,0,0,0,0,0,0,0,0,4,18,31,8,20,10,6,6,9,0,114,16,14,23,9,13,0,6,9,31,118,964,2236,851,697,660,270,199,299,85,6260
POA3219,34,9,157,73,31,42,36,67,4,457,0,0,0,0,0,0,0,0,0,3,9,24,16,20,11,4,8,13,0,102,15,9,35,20,7,10,13,38,22,171,581,1543,1178,1154,681,368,304,508,91,6402
POA3220,50,11,100,51,27,19,12,25,0,302,0,0,0,0,0,3,0,0,0,8,27,27,7,12,18,10,5,10,3,119,11,19,13,6,19,8,5,10,14,101,1160,2845,724,680,683,321,136,283,97,6935
POA3221,5,0,3,0,5,0,0,0,0,11,0,0,0,0,0,0,0,0,0,0,0,0,0,3,0,0,0,0,0,8,4,5,0,0,0,0,5,0,0,6,80,109,28,22,33,11,9,17,4,312
POA3222,48,3,150,60,31,46,21,40,6,399,0,0,0,0,0,0,0,0,0,7,15,16,7,14,13,7,4,8,4,85,4,10,26,11,13,12,6,20,25,129,765,1480,1116,879,609,283,225,401,100,5856
POA3223,15,4,42,22,13,8,7,15,6,135,0,0,0,5,0,0,0,0,0,3,3,8,0,3,7,0,3,0,0,31,10,0,15,18,9,7,5,10,8,84,382,621,410,326,293,124,106,158,53,2471
POA3224,19,9,120,63,45,29,15,32,3,333,0,0,0,0,0,0,0,0,0,3,4,16,6,10,7,3,6,10,3,66,12,12,22,7,15,8,12,15,23,134,554,1190,948,753,553,261,223,311,80,4873
POA3225,5,0,20,0,3,9,0,3,0,44,0,0,0,0,0,0,0,0,0,0,13,11,4,0,7,3,0,0,0,44,10,0,10,4,4,0,0,9,7,44,309,607,202,161,170,78,18,62,40,1645
POA3226,44,14,110,48,32,28,12,28,0,304,0,0,0,0,0,0,0,0,0,0,23,20,14,19,20,7,7,5,6,116,24,21,25,24,18,15,9,18,10,160,988,2257,984,782,659,276,122,241,91,6393
POA3227,16,4,21,3,3,5,0,0,0,61,0,0,0,0,0,0,0,0,0,0,11,14,0,3,3,0,0,4,0,48,8,7,7,8,4,6,0,5,5,52,416,749,237,161,200,95,22,48,27,1956
POA3228,49,19,106,45,50,41,5,29,0,354,0,0,0,0,0,0,0,0,0,4,38,43,15,29,20,5,5,9,9,169,33,24,28,14,17,13,4,23,31,182,1742,3476,1270,998,901,472,132,315,118,9429
POA3230,8,0,19,11,0,8,0,4,0,52,0,0,0,0,0,0,0,0,0,0,3,11,4,10,0,0,3,0,0,28,5,3,5,4,0,3,0,0,0,22,218,426,155,125,97,46,18,45,21,1154
POA3231,5,0,6,3,6,3,0,0,0,23,0,0,0,0,0,0,0,0,0,0,5,9,0,0,0,0,0,0,0,18,0,0,0,0,0,0,0,0,0,13,130,230,63,52,53,38,3,29,5,602
POA3232,8,0,18,5,0,3,0,5,0,41,0,0,0,0,0,0,0,0,0,0,3,0,0,0,0,0,0,0,0,7,3,0,8,0,0,6,0,0,0,15,105,98,74,50,43,35,8,36,4,456
POA3233,11,0,30,0,12,10,0,9,0,79,0,0,0,0,0,0,0,0,0,0,5,0,3,0,0,0,0,0,0,7,3,7,3,3,3,10,0,4,5,30,156,151,116,66,76,59,15,73,15,723
POA3234,0,0,0,0,0,0,0,0,0,0,0,0,0,0,0,0,0,0,0,0,3,0,0,0,0,0,0,0,0,8,0,0,0,0,0,0,0,0,0,3,28,21,14,3,3,4,0,15,0,84
POA3235,0,0,6,0,0,0,0,0,0,7,0,0,0,0,0,0,0,0,0,0,0,4,0,0,0,0,0,0,0,9,0,0,5,0,0,0,0,0,0,9,40,57,35,21,13,10,6,11,3,191
POA3236,0,0,0,0,0,0,0,0,0,3,0,0,0,0,0,0,0,0,0,0,0,0,0,0,0,0,0,0,0,3,0,0,0,0,0,0,0,0,0,0,18,29,8,12,10,0,0,7,0,86
POA3237,5,0,0,0,0,0,0,0,0,3,0,0,0,0,0,0,0,0,0,0,4,0,0,0,0,0,0,0,0,3,0,0,0,0,0,0,0,0,0,3,33,11,10,14,3,4,8,3,0,83
POA3238,0,0,0,0,0,0,0,0,0,3,0,0,0,0,0,0,0,0,0,0,3,5,0,0,0,0,0,0,0,6,0,0,0,0,0,0,0,0,0,0,32,32,10,4,3,10,6,4,0,101
POA3239,0,0,0,0,0,0,0,5,0,8,0,0,0,0,0,0,0,0,0,0,0,0,0,0,0,0,0,0,0,0,0,0,0,0,0,0,0,0,0,3,32,32,20,15,10,0,5,11,0,129
POA3240,10,0,9,0,0,0,0,0,0,24,0,0,0,0,0,0,0,0,0,0,3,4,0,0,0,0,0,3,0,8,0,0,4,3,3,5,0,0,0,21,178,235,164,89,73,31,27,40,7,846
POA3241,7,0,12,8,4,3,0,0,0,39,0,0,0,0,0,0,0,0,0,0,5,0,3,4,4,0,7,3,0,20,6,4,8,4,0,0,3,13,0,38,176,237,206,133,83,43,52,72,13,1021
POA3242,4,0,17,4,0,0,0,0,0,22,0,0,0,0,0,0,0,0,0,0,0,0,3,0,0,0,0,0,0,6,3,6,0,0,3,0,0,0,0,14,68,94,61,36,33,12,17,13,6,339
POA3243,0,0,0,0,0,0,0,4,0,9,0,0,0,0,0,0,0,0,0,0,0,0,0,0,0,0,0,0,0,0,4,0,0,0,0,0,0,0,0,6,52,32,14,8,10,8,6,17,0,149
POA3249,11,0,5,14,5,0,5,8,0,55,0,0,0,0,0,0,0,0,0,0,8,5,0,6,4,0,0,0,0,22,13,0,4,3,3,4,5,6,9,38,262,204,124,140,93,47,76,99,15,1071
POA3250,23,3,106,39,20,25,23,63,3,308,0,0,0,0,0,0,0,3,0,3,12,6,3,7,13,4,4,9,0,54,14,8,19,7,10,10,12,33,27,136,379,615,606,598,293,171,195,478,60,3389
POA3251,0,0,0,0,0,0,0,0,0,3,0,0,0,0,0,0,0,0,0,0,4,3,0,0,0,0,0,0,0,6,6,5,0,0,0,0,0,4,0,8,41,39,18,14,17,7,13,18,5,174
POA3254,6,0,7,0,0,0,0,0,0,10,0,0,0,0,0,0,0,0,0,0,0,0,0,0,0,0,0,0,0,5,0,0,0,0,0,0,0,0,0,0,18,16,26,14,14,6,9,9,0,115
POA3260,11,4,26,9,5,3,0,12,4,89,0,0,0,0,0,0,0,0,0,0,0,4,3,0,3,0,0,5,0,19,20,6,3,7,5,3,0,4,7,57,271,329,200,169,99,59,58,112,27,1324
POA3264,0,0,15,8,3,3,0,8,0,36,0,0,0,0,0,0,0,0,0,0,6,4,4,0,0,3,4,0,0,16,0,6,3,5,0,4,7,5,4,32,81,114,98,119,56,34,43,56,14,622
POA3265,10,0,14,9,5,5,0,12,0,56,0,0,0,0,0,0,0,0,0,0,4,0,0,0,0,0,0,0,3,15,24,0,6,5,3,4,0,5,0,48,301,166,122,100,68,22,26,96,12,921
POA3266,11,4,21,6,0,0,5,10,0,60,0,0,0,0,0,0,0,0,0,0,4,0,0,0,0,0,3,0,0,13,9,0,4,3,0,0,4,15,4,43,196,127,123,88,54,27,60,108,8,795
POA3267,0,0,0,0,0,0,0,4,0,5,0,0,0,0,0,0,0,0,0,0,0,0,0,0,0,0,0,0,0,0,6,0,0,0,0,0,0,0,0,3,15,18,5,6,3,0,3,7,0,62
POA3268,7,0,15,0,0,0,0,7,0,34,0,0,0,0,0,0,0,0,0,0,4,0,0,0,0,0,0,4,0,17,20,0,4,0,0,5,6,9,5,52,240,121,110,71,50,21,46,100,13,784
POA3269,8,0,9,0,4,0,0,5,4,26,0,0,0,0,0,0,0,0,0,0,0,0,0,0,0,0,0,0,0,3,9,0,0,0,0,0,0,4,0,9,90,46,34,15,16,9,11,33,5,259
POA3270,3,0,3,0,0,0,0,3,0,8,0,0,0,0,0,0,0,0,0,0,0,0,0,0,0,0,0,0,0,0,4,0,0,0,0,0,0,0,0,4,26,23,27,9,5,6,0,8,4,114
POA3271,0,0,0,0,0,0,0,0,0,0,0,0,0,0,0,0,0,0,0,0,0,0,0,0,0,0,0,0,0,0,0,0,0,0,0,0,0,0,0,3,26,8,3,3,0,0,0,7,0,48
POA3272,5,0,8,5,0,0,0,8,0,28,0,0,0,0,0,0,0,0,0,0,0,0,0,0,0,0,5,0,0,6,0,0,0,5,0,0,5,0,0,11,93,79,64,53,39,17,23,42,6,413
POA3273,0,0,0,0,0,0,0,0,0,3,0,0,0,0,0,0,0,0,0,0,0,0,0,0,0,0,0,0,0,0,0,0,0,0,0,0,0,0,0,0,28,8,0,4,0,0,0,8,0,50
POA3274,0,0,0,0,0,0,0,0,0,4,0,0,0,0,0,0,0,0,0,0,0,0,0,0,0,0,0,0,0,5,3,0,0,0,0,0,0,0,0,3,35,14,4,0,3,0,0,5,0,70
POA3275,6,0,6,4,4,0,4,6,0,27,0,0,0,0,0,0,0,0,0,0,0,0,0,0,0,0,0,0,0,0,4,0,0,0,0,0,0,0,0,9,23,28,41,21,23,3,18,12,0,168
POA3276,6,0,5,0,0,0,0,0,0,10,0,0,0,0,0,0,0,0,0,0,0,0,0,0,0,0,0,0,0,0,0,0,0,0,0,0,0,0,0,3,54,18,15,16,13,0,5,11,0,133
POA3277,3,0,20,8,0,8,0,10,0,43,0,0,0,0,0,0,0,0,0,0,0,0,0,0,3,0,0,0,0,7,5,4,6,5,0,0,7,3,4,29,121,124,100,69,58,33,38,49,14,606
POA3278,0,0,3,0,0,0,0,0,0,7,0,0,0,0,0,0,0,0,0,0,0,0,0,0,0,0,0,0,0,0,0,0,0,0,0,0,0,0,0,3,23,16,20,14,7,13,14,8,0,121
POA3279,7,0,0,4,0,0,0,0,0,13,0,0,0,0,0,0,0,0,0,0,0,0,0,0,0,0,0,0,0,0,3,0,0,0,0,0,0,0,0,6,31,16,15,14,5,3,3,8,3,96
POA3280,85,23,271,135,61,89,21,116,10,814,0,0,0,5,0,0,0,11,0,13,21,29,23,22,14,11,10,11,7,147,28,22,33,24,19,28,17,71,45,284,1246,3103,1687,1608,1061,572,337,839,147,10601
POA3281,5,0,14,9,5,0,4,0,0,35,0,0,0,0,0,0,0,0,0,0,0,5,0,0,3,0,0,0,0,10,3,5,0,0,0,4,0,4,0,18,121,182,137,78,69,28,24,50,9,699
POA3282,13,5,23,13,7,11,5,8,0,73,0,0,0,0,0,0,0,0,0,0,3,0,6,0,0,0,0,0,0,14,5,3,0,6,0,0,6,0,9,28,104,203,154,136,76,40,45,59,11,837
POA3283,3,0,13,0,0,3,0,3,0,27,0,0,0,0,0,0,0,0,0,0,5,0,6,0,0,0,0,0,0,7,6,0,3,3,0,0,0,3,3,19,115,114,75,59,42,22,11,36,15,490
POA3284,17,0,36,20,3,3,0,11,0,87,0,0,0,0,0,0,0,0,0,0,3,10,0,0,0,0,0,0,0,20,18,4,0,0,3,3,0,0,8,43,254,388,170,137,101,47,25,65,21,1206
POA3285,4,0,3,3,0,3,0,6,0,23,0,0,0,0,0,0,0,0,0,0,3,0,0,0,0,0,0,0,0,5,3,0,0,0,0,0,0,0,4,19,110,108,56,39,27,15,23,37,8,420
POA3286,0,0,3,0,0,0,0,0,0,3,0,0,0,0,0,0,0,0,0,0,0,0,0,0,0,0,0,0,0,3,0,0,0,3,0,0,0,0,0,8,38,30,19,8,17,3,5,14,6,155
POA3287,0,0,4,0,0,0,0,3,0,8,0,0,0,0,0,0,0,0,0,0,0,0,0,0,0,0,0,0,0,0,0,0,0,0,0,0,0,0,0,6,33,27,18,13,6,4,3,26,0,129
POA3289,4,0,0,6,5,0,0,4,0,11,0,0,0,0,0,0,0,0,0,0,0,0,0,0,0,0,0,0,0,5,3,0,0,0,0,0,0,0,0,13,79,38,26,22,23,12,6,21,6,221
POA3292,5,0,0,0,0,0,0,0,0,8,0,0,0,0,0,0,0,0,0,0,0,0,0,0,0,0,0,0,0,0,0,0,0,0,0,0,0,0,0,0,14,8,4,4,7,0,0,4,4,40
POA3293,0,0,0,0,0,0,0,0,0,4,0,0,0,0,0,0,0,0,0,0,0,0,0,0,0,0,0,0,0,3,8,0,0,0,0,0,0,0,0,9,56,14,5,11,13,3,0,11,0,116
POA3294,0,6,11,4,0,0,0,6,0,24,0,0,0,0,0,0,0,0,0,0,0,0,0,0,0,0,0,0,0,0,3,0,0,0,0,0,0,4,0,12,121,78,42,30,31,22,11,38,0,369
POA3300,25,8,79,30,28,19,9,33,4,240,0,0,0,0,0,0,0,0,0,4,5,5,9,5,3,4,0,0,0,41,4,9,18,9,11,7,15,10,9,88,406,806,540,455,321,167,126,229,39,3083
POA3301,0,0,7,3,6,0,0,0,0,19,0,0,0,0,0,0,0,0,0,0,0,4,0,0,0,0,0,0,0,3,11,0,3,0,0,0,0,0,6,21,156,103,43,29,49,8,9,47,10,460
POA3302,0,0,0,0,0,0,0,0,0,7,0,0,0,0,0,0,0,0,0,0,0,0,0,0,0,0,0,0,0,4,0,0,0,0,0,0,0,0,0,0,49,26,5,17,10,8,0,6,0,124
POA3303,0,0,0,0,0,0,0,0,0,0,0,0,0,0,0,0,0,0,0,0,0,0,0,0,0,0,0,0,0,0,0,0,0,0,0,0,0,0,0,6,31,12,12,11,6,5,9,12,0,94
POA3304,4,0,13,3,5,6,0,9,0,42,0,0,0,0,0,0,0,0,0,0,0,0,0,4,0,0,0,0,0,7,4,6,4,0,0,0,9,11,9,48,158,87,100,89,39,24,64,67,13,644
POA3305,30,3,66,38,27,32,15,30,9,253,0,0,0,0,0,0,0,0,0,5,7,10,13,7,4,4,6,4,4,57,11,11,20,17,14,10,17,22,26,148,407,821,695,597,313,158,261,266,69,3590
POA3309,0,0,0,0,0,0,0,0,0,0,0,0,0,0,0,0,0,0,0,0,0,0,0,0,0,0,0,0,0,0,0,0,0,0,0,0,0,0,0,0,6,0,3,4,3,0,0,5,0,31
POA3310,0,0,0,0,0,5,0,0,0,5,0,0,0,0,0,0,0,0,0,0,0,0,0,0,0,0,0,0,0,0,0,0,0,0,0,0,0,0,0,0,11,13,10,9,0,7,3,9,0,60
POA3311,6,0,10,4,0,3,0,7,0,32,0,0,0,0,0,0,0,0,0,0,0,0,0,0,0,0,0,0,0,3,0,7,0,5,0,0,0,4,3,14,54,74,59,70,33,18,20,42,4,377
POA3312,6,0,9,0,0,4,0,0,0,17,0,0,0,0,0,0,0,0,0,0,0,0,0,0,0,0,0,0,0,3,14,0,0,0,0,0,0,3,5,27,133,53,34,24,13,11,14,28,5,308
POA3314,0,0,0,0,3,0,0,0,0,5,0,0,0,0,0,0,0,0,0,0,5,0,0,0,0,0,0,0,0,3,0,4,0,0,0,0,0,0,0,3,93,31,11,10,10,6,0,14,4,198
POA3315,3,0,12,6,4,3,0,0,0,29,0,0,0,0,0,0,0,0,0,0,0,0,0,0,0,0,0,0,0,5,9,0,3,0,0,0,4,4,0,26,156,94,49,44,28,16,16,51,3,461
POA3317,4,0,0,0,0,0,0,0,0,4,0,0,0,0,0,0,0,0,0,0,0,0,0,0,0,0,0,0,0,0,0,0,0,0,0,0,0,0,0,0,20,10,7,7,3,0,0,10,0,59
POA3318,6,0,5,4,0,0,0,0,0,19,0,0,0,0,0,0,0,0,0,0,5,0,0,0,0,0,0,0,0,4,4,0,0,0,0,0,0,0,3,12,92,66,36,42,29,9,7,28,8,323
POA3319,0,0,0,0,0,0,0,6,0,11,0,0,0,0,0,0,0,0,0,0,0,0,0,0,0,0,0,0,0,3,9,0,3,0,0,0,0,0,0,6,33,13,14,10,12,4,5,16,6,104
POA3321,6,0,3,4,0,0,5,4,0,27,0,0,0,0,0,0,0,0,0,0,0,0,0,0,0,0,0,6,0,13,5,0,6,0,0,4,0,0,0,19,119,193,140,63,71,35,29,51,3,706
POA3322,0,0,0,0,0,0,0,0,0,4,0,0,0,0,0,0,0,0,0,0,0,0,0,0,0,0,0,0,0,0,0,0,0,0,0,0,0,0,0,0,12,10,3,8,3,0,3,8,0,48
POA3323,0,0,0,0,0,0,0,0,0,0,0,0,0,0,0,0,0,0,0,0,0,0,0,0,0,0,0,0,0,0,4,0,0,0,0,0,0,0,0,0,26,0,0,3,0,0,0,4,0,35
POA3324,0,0,0,0,0,0,0,0,0,11,0,0,0,0,0,0,0,0,0,0,0,0,0,0,0,0,0,0,0,5,0,0,5,0,0,4,0,0,0,12,49,20,14,15,14,8,15,18,6,149
POA3325,3,0,4,0,0,0,0,0,0,3,0,0,0,0,0,0,0,0,0,0,0,0,0,0,0,0,0,0,0,5,0,0,0,0,0,0,0,0,3,4,43,17,21,13,14,0,7,10,3,123
POA3328,4,0,10,16,8,4,0,3,0,49,0,0,0,0,0,0,0,0,0,0,0,0,0,0,3,0,4,5,0,14,0,0,0,4,0,0,0,3,0,14,84,201,183,126,91,27,41,57,15,816
POA3329,0,0,0,0,4,3,0,0,0,5,0,0,0,0,0,0,0,0,0,0,3,0,0,0,0,0,0,0,0,3,0,0,0,0,0,3,0,0,0,9,22,24,16,21,5,5,4,11,8,122
POA3330,0,0,0,0,0,0,0,0,0,0,0,0,0,0,0,0,0,0,0,0,0,0,0,0,0,0,0,0,0,0,0,0,0,0,0,0,0,0,0,0,12,9,8,3,0,7,0,8,0,45
POA3331,19,4,43,23,20,6,7,21,0,138,0,0,0,0,0,0,0,0,0,3,7,3,0,7,7,6,4,0,0,38,7,6,16,10,3,5,9,3,14,71,310,533,551,366,297,123,134,152,41,2513
POA3332,0,0,4,3,3,4,0,6,0,27,0,0,0,0,0,0,0,0,0,0,0,0,0,0,0,0,0,0,0,4,0,0,5,3,0,3,6,6,4,24,57,70,101,59,41,16,29,36,5,417
POA3333,7,0,3,0,0,0,0,3,0,15,0,0,0,0,0,0,0,0,0,0,0,0,0,0,0,0,0,0,0,4,0,0,4,0,0,4,0,0,0,16,65,50,48,29,35,11,16,30,4,292
POA3334,0,0,0,3,0,0,0,0,0,6,0,0,0,0,0,0,0,0,0,0,0,0,0,0,0,0,0,0,0,3,0,0,0,0,0,0,0,0,0,6,31,37,22,19,16,0,8,13,0,153
POA3335,21,0,38,33,26,11,34,17,0,177,0,0,0,0,0,0,0,0,0,3,7,3,4,10,6,5,7,5,4,43,3,4,13,3,5,3,9,6,13,58,202,522,369,285,296,114,223,163,57,2240
POA3336,47,12,118,56,63,40,81,37,6,448,0,0,0,0,0,0,0,0,0,3,8,17,23,34,26,14,26,14,0,163,12,8,13,16,17,11,27,9,40,157,702,1898,872,844,946,349,640,342,131,6722
POA3337,66,21,164,93,107,69,103,75,8,713,0,0,0,0,0,0,0,5,0,9,20,18,17,24,21,8,36,15,5,171,26,15,59,43,35,24,62,65,67,411,944,1720,1868,1794,1356,594,1030,830,208,10338
POA3338,56,13,180,121,72,69,170,72,6,759,3,0,0,0,0,0,0,0,0,5,25,15,29,38,20,12,46,27,7,217,17,19,52,39,32,17,76,38,65,352,890,2055,1567,1728,1282,558,1192,725,219,10212
POA3340,30,19,134,57,65,44,22,36,3,421,0,0,4,0,0,4,0,4,0,5,18,20,23,19,16,4,18,16,5,139,32,11,47,30,29,25,22,23,51,270,1018,1954,1658,1152,1075,408,487,470,153,8364
POA3341,0,0,6,3,4,0,0,4,0,20,0,0,0,0,0,0,0,0,0,0,0,0,6,3,0,0,0,0,5,17,3,3,3,0,3,0,6,0,3,18,93,133,129,66,72,32,38,35,12,607
POA3342,7,0,18,5,10,9,5,5,0,56,0,0,0,0,0,0,0,0,0,0,0,3,0,7,0,0,3,4,0,22,5,0,6,8,4,0,6,6,3,40,212,275,226,180,151,64,58,78,16,1261
POA3345,0,0,0,0,6,4,0,0,0,14,0,0,0,0,0,0,0,0,0,0,3,3,0,0,0,0,0,0,0,6,0,0,3,4,0,0,0,3,3,16,88,121,95,52,58,18,30,28,8,496
POA3350,146,23,392,197,140,123,48,108,13,1182,0,3,5,0,0,3,0,5,0,21,59,86,43,48,53,23,23,14,9,370,39,41,74,45,43,33,37,54,58,422,3005,8036,3004,3015,2557,1172,686,1034,265,22782
POA3351,15,7,41,30,23,8,7,19,0,146,4,0,0,0,0,0,0,0,0,3,3,10,6,3,9,4,4,4,4,44,21,5,23,16,12,7,8,18,13,119,460,616,599,401,316,133,153,217,49,2940
POA3352,47,5,86,54,57,26,11,35,0,318,0,0,0,0,0,0,3,0,0,3,18,17,14,9,16,7,12,4,3,99,37,11,35,17,19,6,15,19,17,177,1016,1575,1207,799,758,268,302,371,96,6389
POA3355,24,3,70,36,24,29,10,29,0,228,0,0,0,0,0,0,0,3,0,4,6,11,11,7,10,3,3,7,3,47,5,8,13,14,15,13,11,17,8,102,297,687,533,535,368,205,155,279,41,3098
POA3356,25,9,91,66,36,34,20,58,3,325,0,0,0,0,3,0,0,0,0,4,4,9,11,10,7,4,6,14,3,62,12,10,21,14,13,10,11,22,19,132,309,770,779,736,468,269,191,343,65,3947
POA3357,5,3,13,9,13,6,3,6,0,47,0,0,0,0,0,0,0,0,0,0,6,3,3,5,0,0,0,0,0,27,0,3,3,8,0,8,0,0,4,33,216,491,169,155,150,51,50,47,23,1327
POA3358,4,0,18,11,8,7,0,6,0,62,0,0,0,0,0,0,0,0,0,3,0,0,6,5,3,0,3,0,0,20,5,5,14,4,0,0,4,0,7,31,133,354,255,204,151,73,57,65,11,1315
POA3360,0,0,0,0,0,0,0,0,0,7,0,0,0,0,0,0,0,0,0,0,0,0,0,0,0,0,0,0,0,0,5,0,0,0,3,0,0,0,6,13,41,45,28,20,30,6,14,18,8,208
POA3361,0,0,0,0,0,0,0,3,0,3,0,0,0,0,0,0,0,0,0,0,0,0,0,0,0,0,0,0,0,0,4,0,0,0,0,0,0,0,0,0,44,27,20,17,13,8,8,15,6,159
POA3363,9,0,30,4,7,3,4,8,0,69,0,0,0,0,0,0,0,0,0,0,5,0,3,4,3,0,4,3,0,20,3,0,4,5,0,4,0,10,0,21,138,216,207,132,98,47,47,68,11,970
POA3364,17,0,12,11,9,3,4,0,0,53,0,0,0,0,0,0,0,0,0,0,0,9,0,0,3,0,0,0,0,22,9,3,7,4,0,3,3,0,4,32,185,194,123,72,64,28,26,50,13,761
POA3370,0,0,8,9,0,3,0,0,0,21,0,0,0,0,0,0,0,0,0,0,0,0,0,0,0,0,0,0,0,0,6,0,3,0,5,0,0,0,0,24,65,139,82,80,44,31,18,37,9,495
POA3371,0,0,6,3,5,0,0,4,0,21,0,0,0,0,0,0,0,0,0,0,0,0,0,0,0,0,0,0,0,0,0,0,0,0,0,0,0,0,0,6,30,44,41,30,21,13,11,26,7,229
POA3373,3,0,9,5,8,0,0,0,5,30,0,0,0,0,0,0,0,0,0,0,3,0,0,4,0,0,0,0,0,15,4,0,3,0,4,0,4,3,7,28,127,128,85,89,67,17,49,61,12,633
POA3374,0,0,0,0,0,0,0,0,0,4,0,0,0,0,0,0,0,0,0,0,0,0,0,0,0,0,0,0,0,5,3,6,0,5,0,0,0,0,0,18,29,31,18,34,14,3,6,4,3,151
POA3375,0,0,0,0,0,0,0,0,0,0,0,0,0,0,0,0,0,0,0,0,0,0,0,0,0,0,0,0,0,0,0,0,0,0,0,0,0,0,0,0,37,12,4,4,3,4,0,6,0,74
POA3377,14,3,44,36,14,9,4,22,0,172,0,0,0,0,0,0,0,0,0,0,5,10,4,6,0,0,5,7,0,37,8,10,3,14,5,6,10,33,17,102,350,516,306,496,225,94,99,278,56,2419
POA3378,0,0,0,0,0,0,0,0,0,0,0,0,0,0,0,0,0,0,0,0,0,0,0,0,0,0,0,0,0,0,0,0,0,0,0,0,0,0,0,0,33,14,0,0,3,0,0,4,0,60
POA3379,0,0,3,0,0,0,0,0,0,6,0,0,0,0,0,0,0,0,0,0,0,3,0,0,0,0,0,0,0,3,0,0,0,0,0,0,0,0,0,5,89,34,17,17,14,9,4,20,0,207
POA3380,9,10,29,21,10,10,3,20,5,112,0,0,0,0,0,0,0,4,0,4,4,4,0,0,3,0,0,11,0,25,9,4,5,6,0,3,8,18,3,59,183,298,230,313,137,74,78,198,24,1543
POA3381,3,0,17,6,4,0,0,5,0,32,0,0,0,0,0,0,0,0,0,0,3,3,0,0,4,0,0,3,0,12,0,0,4,0,0,5,0,0,0,19,112,119,78,58,37,10,20,46,8,472
POA3384,0,0,4,8,0,0,0,0,0,7,0,0,0,0,0,0,0,0,0,0,0,0,0,0,0,0,0,0,0,0,0,0,0,0,0,0,4,0,0,7,38,28,22,30,17,4,11,18,0,171
POA3385,0,0,0,4,3,0,0,0,0,3,0,0,0,0,0,0,0,0,0,0,0,3,0,0,0,0,0,0,0,4,0,0,0,0,0,0,0,0,5,4,60,19,16,24,15,10,10,11,9,168
POA3387,0,0,0,0,0,5,0,3,0,6,0,0,0,0,0,0,0,0,0,0,0,0,0,0,0,0,0,0,0,0,0,0,0,0,0,0,0,0,0,0,32,9,5,10,4,3,9,16,0,84
POA3388,0,0,0,0,0,0,0,0,0,4,0,0,0,0,0,0,0,0,0,0,0,0,0,0,0,0,0,0,0,0,3,0,0,0,0,0,0,0,0,11,44,42,13,12,9,4,8,15,0,160
POA3390,5,0,0,4,6,0,0,0,0,21,0,0,0,0,0,0,0,0,0,0,0,0,0,0,0,0,0,0,0,3,3,0,0,0,0,0,0,4,0,15,48,56,20,29,26,11,16,23,8,233
POA3391,0,0,0,0,0,0,0,0,0,3,0,0,0,0,0,0,0,0,0,0,0,0,0,0,0,0,0,0,0,0,0,0,0,0,0,0,0,0,0,0,10,3,4,6,3,0,4,7,4,33
POA3392,0,0,0,0,0,0,0,5,0,5,0,0,0,0,0,0,0,0,0,0,0,0,0,0,0,0,0,0,0,0,5,0,0,0,0,0,0,4,0,8,40,23,6,23,9,14,8,12,3,135
POA3393,5,0,14,3,4,0,0,6,0,34,0,0,0,0,0,0,0,0,0,0,4,0,0,0,0,3,3,0,0,17,3,0,5,5,0,4,5,3,3,31,137,133,109,124,52,33,33,43,18,676
POA3395,0,0,0,0,3,0,0,3,0,7,0,0,0,0,0,0,0,0,0,0,0,0,0,0,0,0,0,0,0,0,0,0,0,0,0,0,0,0,0,0,29,6,4,8,10,6,3,5,3,79
POA3396,5,0,0,0,4,0,0,3,0,15,0,0,0,0,0,0,0,0,0,0,0,0,0,0,0,0,0,0,0,0,5,0,0,0,0,0,0,0,0,6,31,41,22,24,17,5,10,15,4,165
POA3400,39,10,113,44,35,41,19,17,0,325,0,0,0,0,0,0,0,5,0,10,8,10,8,6,5,0,0,8,0,49,27,11,18,7,9,5,17,19,18,132,604,1245,734,709,455,239,187,258,69,4504
POA3401,14,4,19,5,21,7,6,8,0,83,0,0,0,0,0,0,0,0,0,0,5,8,0,5,3,0,0,0,0,22,19,3,6,0,3,0,5,3,4,51,390,321,270,160,189,62,79,101,28,1594
POA3407,0,0,3,0,0,0,0,0,0,9,0,0,0,0,0,0,0,0,0,0,3,0,0,0,0,0,0,0,0,3,0,0,0,0,0,0,0,0,0,0,52,16,10,12,4,5,7,22,0,129
POA3409,3,0,0,0,0,0,0,0,0,5,0,0,0,0,0,0,0,0,0,0,0,3,0,0,0,0,0,0,0,4,3,0,4,0,0,0,0,0,0,9,92,87,32,30,20,13,14,14,11,320
POA3412,0,0,0,0,0,0,0,0,0,0,0,0,0,0,0,0,0,0,0,0,0,0,0,0,0,0,0,0,0,0,0,0,0,0,0,0,0,0,0,5,21,17,5,9,0,0,0,4,0,67
POA3413,0,0,0,0,0,0,0,0,0,0,0,0,0,0,0,0,0,0,0,0,0,0,0,0,0,0,0,0,0,0,0,0,0,0,0,0,0,0,0,0,32,4,3,7,3,0,0,8,0,58
POA3414,4,0,8,0,4,0,0,3,0,28,0,0,0,0,0,0,0,0,0,0,0,0,0,0,0,0,3,0,0,4,0,0,0,5,0,0,0,4,0,13,64,92,54,60,36,15,41,32,4,395
POA3415,0,0,0,0,0,0,0,0,0,0,0,0,0,0,0,0,0,0,0,0,0,0,0,0,0,0,0,0,0,0,0,0,0,0,0,0,0,0,0,3,6,0,0,0,0,0,0,0,0,22
POA3418,8,0,11,6,4,9,6,11,0,56,0,0,0,0,0,0,0,0,0,0,3,4,0,0,0,0,0,0,0,12,11,0,3,6,7,0,4,13,4,39,176,167,108,97,71,29,49,91,13,798
POA3419,0,0,7,4,6,0,0,0,0,18,0,0,0,0,0,0,0,0,0,0,0,0,0,0,0,0,0,0,0,0,0,0,0,0,0,0,0,4,0,10,52,59,21,34,25,6,15,24,3,248
POA3420,6,0,4,0,0,0,0,0,0,8,0,0,0,0,0,0,0,0,0,0,0,0,0,0,0,0,0,0,0,0,0,0,0,0,0,0,0,0,0,0,43,6,4,10,4,0,5,9,0,91
POA3423,0,0,0,0,0,0,0,4,0,5,0,0,0,0,0,0,0,0,0,0,0,0,0,0,0,0,0,0,0,0,0,0,0,0,0,0,0,0,0,0,21,22,9,15,5,3,4,6,0,88
POA3424,4,0,8,0,0,0,0,0,0,18,0,0,0,0,0,0,0,0,0,0,0,0,0,0,0,0,0,0,0,0,0,0,0,0,0,0,0,5,0,7,50,37,16,24,10,8,9,17,0,171
POA3427,13,7,31,18,26,7,10,11,0,128,0,0,0,0,3,0,0,0,0,3,6,3,7,6,3,3,7,8,0,35,4,0,7,4,10,4,6,10,7,51,220,533,371,267,310,118,140,144,45,2141
POA3428,0,0,5,4,0,0,0,0,0,9,0,0,0,0,0,0,0,0,0,0,0,0,0,0,0,0,0,0,0,4,0,0,0,0,5,0,0,0,0,6,32,39,51,12,29,10,18,3,3,196
POA3429,82,22,238,119,115,80,49,68,4,774,0,0,0,0,0,8,0,0,0,10,22,30,31,31,37,8,29,14,11,221,44,27,52,32,33,25,36,33,58,338,1719,3328,2564,1875,1763,709,670,681,227,13542
POA3430,0,0,0,0,0,0,0,0,0,7,0,0,0,0,0,0,0,0,0,0,0,0,0,0,0,0,0,0,0,0,0,0,0,0,0,0,0,0,0,0,12,24,17,5,7,5,5,12,0,83
POA3431,4,0,24,5,20,3,0,4,0,69,0,0,0,0,0,0,0,0,0,3,4,9,9,4,5,6,3,3,0,40,3,4,6,0,9,0,5,0,19,47,244,470,337,181,202,66,69,54,40,1651
POA3432,0,0,0,0,0,0,0,0,0,0,0,0,0,0,0,0,0,0,0,0,0,0,0,0,0,0,0,0,0,0,0,0,0,0,0,0,0,0,0,8,17,11,12,4,10,0,0,0,8,62
POA3433,0,0,0,0,0,0,0,0,0,0,0,0,0,0,0,0,0,0,0,0,0,0,3,0,0,0,0,0,0,5,0,0,0,0,0,0,0,0,0,3,17,17,16,3,9,8,3,3,0,79
POA3434,13,3,29,14,19,18,8,12,3,116,0,0,0,0,0,0,0,0,0,0,9,10,5,6,7,0,7,4,0,37,5,0,15,4,10,0,6,3,13,64,318,486,480,234,263,103,95,137,43,2153
POA3435,4,0,15,6,10,9,3,5,0,53,0,0,0,0,0,0,0,0,0,3,0,0,0,0,0,0,0,0,5,12,8,0,8,7,0,5,0,4,4,37,165,283,208,139,109,44,48,69,27,1093
POA3437,24,3,51,25,28,13,8,15,0,169,0,0,0,0,0,0,0,0,0,0,16,19,8,16,13,5,4,3,0,88,15,11,17,7,11,3,13,9,15,97,699,1310,764,443,488,161,144,169,54,4234
POA3438,5,3,12,3,8,0,0,4,0,42,0,0,0,0,0,0,0,0,0,0,7,0,4,3,0,0,0,0,0,13,4,0,0,3,0,5,0,0,5,17,169,267,134,106,95,33,25,42,7,888
POA3440,7,0,4,0,0,5,0,0,0,15,0,0,0,0,0,0,0,0,0,0,0,3,0,4,5,0,0,0,0,14,3,0,4,0,0,4,0,4,0,17,147,312,101,65,67,35,17,28,4,769
POA3441,4,0,0,7,0,0,0,0,0,12,0,0,0,0,0,0,0,0,0,0,0,0,0,3,3,0,0,0,0,12,4,0,3,0,0,0,0,0,0,8,125,223,50,45,48,18,7,15,13,552
POA3442,19,3,24,12,15,10,0,8,0,88,0,0,0,0,0,0,0,0,0,0,11,23,5,14,3,7,0,9,0,76,9,5,9,7,14,8,5,3,11,70,657,1121,372,323,294,117,53,109,42,3094
POA3444,25,6,56,33,12,10,4,26,4,174,0,0,0,0,0,0,0,5,0,11,14,22,6,6,9,3,0,11,0,76,19,10,13,13,6,9,7,16,3,89,680,1009,476,373,308,146,91,223,48,3353
POA3446,0,0,3,3,0,0,0,5,0,11,0,0,0,0,0,0,0,0,0,0,0,5,0,0,3,0,0,0,0,11,6,0,4,0,0,0,0,0,0,12,72,150,59,41,32,15,17,19,0,410
POA3447,3,0,5,6,0,0,0,0,0,8,0,0,0,0,0,0,0,0,0,0,0,0,0,0,0,0,0,0,0,0,3,0,0,0,0,0,0,0,0,9,28,48,38,28,18,14,5,17,0,188
POA3448,3,0,3,4,5,0,0,0,0,14,0,0,0,0,0,0,0,0,0,0,0,0,0,0,4,0,0,0,0,5,0,0,0,5,3,0,0,0,0,7,61,88,52,34,44,12,12,24,6,339
POA3450,8,5,36,6,8,4,0,10,0,74,0,0,0,0,0,0,0,0,0,0,15,21,5,3,10,6,4,0,0,73,9,8,13,6,3,5,3,6,9,52,289,915,250,238,189,90,39,104,33,2153
POA3451,13,0,32,15,10,0,3,15,0,81,3,0,0,0,0,0,0,0,0,3,9,8,4,3,6,5,0,0,4,48,5,6,8,6,0,4,5,4,7,43,276,663,325,266,178,77,63,110,32,1991
POA3453,8,0,7,7,6,0,0,7,0,32,0,0,0,0,0,0,0,0,0,0,0,0,0,4,4,0,0,0,0,11,0,6,5,0,5,6,4,4,0,17,114,199,103,66,57,35,24,33,9,631
POA3458,6,0,9,0,3,0,3,7,0,37,0,0,0,0,0,0,0,0,0,0,3,8,0,0,0,0,0,0,0,20,3,4,6,0,0,0,0,4,6,24,150,271,129,95,68,21,18,46,11,806
POA3460,19,0,35,10,3,5,0,4,0,88,0,0,0,0,0,0,0,0,0,0,0,3,3,0,0,3,0,0,0,12,0,0,8,3,3,0,0,3,7,19,157,246,146,122,79,38,15,55,15,872
POA3461,17,4,28,12,11,5,4,11,0,88,0,0,0,0,0,0,0,0,0,0,7,8,3,5,4,0,0,0,0,34,8,9,0,5,0,5,4,13,3,41,339,435,229,189,121,52,34,97,26,1532
POA3462,3,0,4,0,3,3,0,0,0,15,0,0,0,0,0,0,0,0,0,0,0,7,0,0,0,0,0,0,0,12,0,0,0,0,0,0,0,0,0,4,50,107,65,44,26,15,10,30,6,356
POA3463,3,0,13,11,0,5,0,4,0,35,0,0,0,0,0,0,0,0,0,0,0,6,3,0,5,0,0,0,0,21,9,4,4,8,0,0,5,3,0,29,145,206,126,91,68,33,41,57,11,773
POA3464,3,0,5,4,4,7,0,0,0,16,0,0,0,0,0,0,0,0,0,0,5,0,0,3,0,0,0,0,0,3,0,0,0,3,0,0,0,4,0,9,46,48,62,62,34,14,22,17,4,309
POA3465,12,3,57,26,9,17,3,26,3,161,0,0,0,0,0,0,0,0,0,0,3,4,0,3,11,0,6,5,5,33,8,4,9,14,0,8,9,27,12,100,260,399,375,404,184,120,114,218,32,2111
POA3467,6,0,5,6,0,3,5,6,0,19,0,0,0,0,0,0,0,0,0,0,0,0,4,0,0,0,0,0,0,8,0,0,4,0,0,0,0,6,0,20,54,46,50,51,20,17,22,31,7,294
POA3468,6,0,0,0,0,0,0,0,0,3,0,0,0,0,0,0,0,0,0,0,0,0,0,0,0,0,0,0,0,0,0,0,0,0,0,0,0,0,0,4,15,20,5,9,6,0,8,6,3,71
POA3469,0,0,0,0,0,0,0,0,0,0,0,0,0,0,0,0,0,0,0,0,0,0,0,0,0,0,0,0,0,0,0,0,0,0,0,0,0,0,0,0,12,16,3,7,5,4,4,11,0,64
POA3472,0,0,4,0,0,5,0,0,0,10,0,0,0,0,0,0,0,0,0,0,0,0,0,0,0,0,0,0,0,3,0,0,3,0,0,3,3,6,6,18,44,35,47,40,22,18,23,35,7,259
POA3475,4,0,0,0,0,0,0,0,0,5,0,0,0,0,0,0,0,0,0,0,0,0,0,0,0,0,0,0,0,0,0,0,0,0,0,0,0,0,0,0,29,3,8,10,0,0,3,8,0,69
POA3477,0,0,0,0,0,0,0,3,0,7,0,0,0,0,0,0,0,0,0,0,0,0,0,0,0,0,0,4,0,6,3,6,0,0,0,0,0,4,0,10,74,46,27,25,19,6,15,29,0,239
POA3478,5,0,16,10,7,5,0,4,0,52,0,0,0,0,0,0,0,0,0,0,0,0,0,0,0,0,0,0,0,10,0,3,6,3,0,3,3,7,0,25,105,111,82,111,61,26,26,65,6,596
POA3480,3,0,9,0,0,4,4,0,0,29,0,0,0,0,0,0,0,0,0,0,0,0,0,0,0,0,0,6,0,12,5,0,0,0,3,0,6,12,0,29,125,98,55,48,35,18,35,48,8,470
POA3482,0,0,0,0,0,0,0,0,0,0,0,0,0,0,0,0,0,0,0,0,0,0,0,0,0,0,0,0,0,0,4,0,0,0,0,0,0,0,0,0,12,7,0,0,0,0,0,4,0,29
POA3483,0,0,9,0,0,0,0,0,0,21,0,0,0,0,0,0,0,0,0,0,0,0,0,0,0,0,0,0,0,0,0,0,0,0,0,0,3,0,0,7,85,76,35,28,21,10,7,13,3,283
POA3485,0,0,0,0,0,0,0,0,0,3,0,0,0,0,0,0,0,0,0,0,0,0,0,0,0,0,0,0,0,0,0,0,0,0,0,0,0,0,0,3,26,13,7,3,0,4,0,5,0,62
POA3487,0,0,0,0,0,0,0,0,0,0,0,0,0,0,0,0,0,0,0,0,0,0,0,0,0,0,0,0,0,0,0,0,0,0,0,0,0,0,0,0,7,3,0,3,0,0,0,0,0,22
POA3488,0,0,0,0,0,0,0,0,0,0,0,0,0,0,0,0,0,0,0,0,0,0,0,0,0,0,0,0,0,0,0,0,0,0,0,0,0,0,0,0,8,0,0,0,4,0,6,3,0,27
POA3489,0,0,0,0,0,0,0,0,0,0,0,0,0,0,0,0,0,0,0,0,0,0,0,0,0,0,0,0,0,0,0,0,0,0,0,0,0,0,0,0,5,5,0,0,0,0,0,0,0,15
POA3490,4,0,3,3,4,0,0,0,0,19,0,0,0,0,0,0,0,0,0,0,0,0,0,0,0,0,0,0,0,3,0,0,0,7,0,0,7,0,3,14,77,69,45,39,19,11,29,25,12,319
POA3491,0,0,0,0,0,0,0,0,0,4,0,0,0,0,0,0,0,0,0,0,0,0,0,0,0,0,0,0,0,0,0,0,0,0,0,0,0,0,0,0,22,0,0,5,0,0,3,6,0,37
POA3494,5,0,3,0,8,0,0,0,0,11,0,0,0,0,0,0,0,0,0,0,0,0,0,0,0,0,0,0,0,4,3,0,0,0,0,0,0,3,3,11,41,13,16,10,18,3,11,25,6,142
POA3496,15,3,38,16,16,12,11,24,0,130,0,0,0,0,0,0,0,3,0,8,4,0,3,5,3,0,0,3,0,21,13,4,4,12,5,5,12,17,19,87,274,291,312,226,154,80,112,175,48,1675
POA3498,13,7,28,25,17,9,6,14,0,120,3,0,0,0,0,0,0,5,0,9,5,0,0,0,0,6,4,6,0,21,12,3,6,8,7,9,4,3,11,66,307,401,343,233,187,91,78,117,31,1783
POA3500,74,26,224,92,59,81,39,101,8,694,7,0,0,4,0,0,0,12,0,19,14,21,14,21,11,4,13,27,5,130,34,31,44,35,29,24,26,76,75,366,1134,2545,1361,1466,930,509,389,779,176,9286
POA3501,0,0,10,4,0,9,0,4,0,34,0,0,0,0,0,0,0,0,0,0,5,0,0,0,0,0,0,0,0,8,9,0,13,0,8,10,3,3,6,46,125,204,132,68,78,40,27,35,11,723
POA3505,14,4,31,12,11,9,4,8,0,88,0,0,0,0,0,0,0,0,0,4,5,3,0,6,0,0,4,0,4,24,12,6,15,9,7,8,0,14,9,85,191,257,254,181,135,63,86,111,31,1317
POA3506,0,0,0,0,0,0,0,0,0,0,0,0,0,0,0,0,0,0,0,0,0,0,0,0,0,0,0,0,0,0,0,0,0,0,0,0,0,0,0,0,0,0,0,0,0,0,0,4,0,7
POA3507,0,0,0,0,0,0,0,0,0,0,0,0,0,0,0,0,0,0,0,0,0,0,0,0,0,0,0,0,0,0,0,0,0,0,0,0,0,0,0,0,12,10,0,0,6,0,5,0,0,32
POA3509,0,0,0,0,0,0,0,0,0,0,0,0,0,0,0,0,0,0,0,0,0,0,0,0,0,0,0,0,0,0,0,0,0,0,0,0,0,0,0,4,13,6,9,8,5,0,0,4,0,53
POA3512,0,0,0,3,0,0,0,6,0,13,0,0,0,0,0,0,0,0,0,0,0,0,0,0,0,0,0,0,0,0,4,0,0,0,0,0,0,0,0,6,29,24,3,10,5,3,7,10,0,94
POA3515,5,0,14,11,10,3,0,8,0,46,0,0,0,0,0,0,0,0,0,0,4,0,0,5,3,0,5,0,0,17,3,3,4,4,3,3,0,0,3,26,111,175,169,157,105,42,38,56,14,857
POA3516,0,0,3,3,4,0,0,3,0,10,0,0,0,0,0,0,0,0,0,0,0,0,0,0,0,0,0,0,0,3,4,0,0,0,0,0,0,0,3,8,55,41,25,19,31,13,9,15,3,216
POA3517,0,0,0,0,0,0,0,4,0,16,0,0,0,0,0,0,0,0,0,0,0,0,0,0,0,0,0,0,0,7,7,0,0,0,0,0,0,4,0,14,70,51,42,53,30,16,24,40,5,325
POA3518,0,0,3,3,0,0,0,6,0,17,0,0,0,0,0,0,0,0,0,0,0,0,0,0,0,0,0,0,0,5,0,0,4,0,0,0,0,0,0,18,77,45,29,37,21,13,15,28,3,262
POA3520,0,0,0,0,0,0,0,0,0,0,0,0,0,0,0,0,0,0,0,0,0,0,0,0,0,0,0,0,0,0,0,0,0,0,0,0,0,0,0,0,3,0,0,0,0,0,0,3,0,11
POA3521,3,0,3,0,4,0,0,6,0,17,0,0,0,0,0,0,0,0,0,0,0,0,0,0,0,0,0,0,0,3,0,0,3,4,3,0,6,0,0,18,31,34,67,25,32,17,23,22,6,246
POA3522,0,0,3,0,0,0,0,0,0,10,0,0,0,0,0,0,0,0,0,0,0,0,0,0,0,0,0,0,0,0,0,0,0,0,0,0,0,0,0,9,26,21,13,5,15,4,3,0,9,96
POA3523,6,0,20,4,3,10,0,6,0,61,0,0,0,0,0,0,0,0,0,0,8,0,0,3,0,0,3,3,3,22,6,0,7,4,4,0,9,9,6,41,155,186,173,100,95,45,57,75,24,911
POA3525,4,0,6,0,0,4,0,0,0,15,0,0,0,0,0,0,0,0,0,0,4,0,0,0,0,0,0,0,0,9,3,0,5,0,0,0,0,3,0,16,100,60,41,42,29,16,16,29,0,335
POA3527,0,0,9,0,5,3,0,0,0,15,0,0,0,0,0,0,0,0,0,0,0,0,0,0,0,0,0,0,0,0,0,0,0,3,0,0,0,0,0,8,47,38,24,18,14,9,6,18,0,178
POA3529,0,0,0,0,0,0,0,0,0,6,0,0,0,0,0,0,0,0,0,0,0,0,0,0,0,0,0,0,0,0,0,0,0,0,0,0,0,0,0,0,15,9,4,6,3,0,0,0,0,34
POA3530,0,0,0,0,0,0,0,0,0,4,0,0,0,0,0,0,0,0,0,0,0,0,0,0,0,0,0,0,0,0,0,0,0,0,0,0,0,0,0,4,17,6,9,0,5,0,0,6,3,39
POA3531,3,0,0,0,0,0,0,0,0,7,0,0,0,0,0,0,0,0,0,0,0,0,0,0,0,0,0,0,0,0,0,0,0,0,0,0,0,0,0,0,22,13,3,9,3,0,7,0,0,53
POA3533,3,0,3,0,0,0,0,4,0,6,0,0,0,0,0,0,0,0,0,0,0,0,0,0,0,0,4,0,0,5,0,0,0,0,0,0,0,0,6,9,55,40,20,14,14,3,12,15,6,168
POA3537,0,0,0,0,4,0,0,3,0,17,0,0,0,0,0,0,0,0,0,0,0,0,0,0,0,0,0,0,0,0,5,0,0,0,0,0,4,3,0,10,83,52,28,30,16,9,21,25,4,269
POA3540,0,0,0,0,0,0,0,0,0,5,0,0,0,0,0,0,0,0,0,0,0,0,0,0,0,0,0,0,0,0,0,0,0,0,0,0,0,0,0,0,20,4,0,3,0,0,0,5,0,37
POA3542,0,0,0,0,0,0,0,0,0,0,0,0,0,0,0,0,0,0,0,0,0,0,0,0,0,0,0,0,0,0,0,0,0,0,0,0,0,0,0,0,6,0,4,3,0,0,3,0,0,21
POA3544,0,0,0,0,0,0,0,0,0,0,0,0,0,0,0,0,0,0,0,0,0,0,0,0,0,0,0,0,0,0,0,0,0,0,0,0,0,0,0,0,19,17,4,3,0,0,3,3,0,56
POA3546,0,0,3,0,0,0,0,4,0,5,0,0,0,0,0,0,0,0,0,0,0,0,0,0,0,0,0,0,0,0,4,0,0,0,0,0,0,0,4,9,36,25,8,10,6,4,9,9,6,105
POA3549,8,0,7,7,3,3,0,8,0,47,3,0,0,0,0,0,0,4,0,9,0,0,0,0,0,0,0,5,0,6,8,0,7,0,4,0,11,44,19,95,154,87,88,52,62,18,44,156,38,702
POA3550,86,16,269,139,80,66,41,94,11,796,0,0,4,3,3,3,0,7,0,20,28,40,27,19,18,17,14,14,12,182,18,33,28,22,18,19,21,32,65,258,1556,4835,1808,1911,1335,691,444,775,203,13563
POA3551,86,20,194,89,87,52,21,72,10,636,0,0,0,0,0,0,0,3,0,9,27,39,19,25,23,6,17,11,4,170,30,26,50,36,26,29,26,22,35,280,1762,3711,2014,1605,1429,523,509,616,150,12333
POA3555,44,7,122,73,41,36,22,63,0,409,3,0,0,0,0,0,0,6,0,11,9,16,4,14,13,7,8,8,3,90,13,3,22,19,11,12,24,29,33,172,567,1506,970,993,669,339,267,516,73,5899
POA3556,19,9,83,45,19,31,21,37,7,268,0,0,0,0,0,0,0,0,0,4,4,9,8,8,10,6,8,10,0,58,8,6,36,24,8,10,12,37,27,170,306,815,691,733,365,212,232,373,65,3803
POA3557,0,0,0,0,5,0,0,0,0,11,0,0,0,0,0,0,0,0,0,0,0,0,0,0,0,0,0,0,0,3,5,0,0,0,0,0,0,0,0,5,54,45,72,35,25,12,18,19,4,283
POA3558,0,0,0,0,0,0,0,0,0,4,0,0,0,0,0,0,0,0,0,0,0,0,0,0,0,0,0,0,0,6,0,0,6,0,0,0,6,0,0,13,50,36,32,29,22,3,17,22,0,210
POA3559,0,0,0,0,0,0,0,0,0,3,0,0,0,0,0,0,0,0,0,0,0,0,0,0,0,0,0,0,0,0,0,0,0,0,0,0,0,0,0,5,51,35,15,9,15,3,8,7,0,144
POA3561,11,0,17,19,9,11,3,11,0,77,0,0,0,0,0,0,0,0,0,0,7,0,0,5,0,0,0,5,0,12,10,0,10,3,0,4,6,9,9,65,241,211,188,148,89,45,66,125,12,1134
POA3562,6,0,0,0,0,0,0,0,0,7,0,0,0,0,0,0,0,0,0,0,0,0,0,0,0,0,0,0,0,3,0,0,0,0,0,0,0,0,0,3,23,15,17,6,5,0,9,13,0,90
POA3563,0,0,0,10,0,0,0,0,0,16,0,0,0,0,0,0,0,0,0,0,0,0,0,0,0,0,0,0,0,0,5,0,3,0,0,0,0,0,0,9,52,27,30,31,14,13,18,24,5,199
POA3564,53,5,162,66,37,36,18,47,4,425,0,4,0,0,0,0,0,3,0,9,11,12,4,8,8,3,8,9,0,65,22,11,23,13,13,8,21,33,20,166,746,1191,969,747,450,279,222,383,62,5047
POA3565,0,0,0,0,0,0,0,0,0,5,0,0,0,0,0,0,0,0,0,0,0,0,0,0,0,0,0,0,0,0,0,0,0,0,0,0,0,0,0,6,12,13,6,3,0,0,3,3,0,43
POA3566,0,0,0,4,0,0,0,0,0,7,0,0,0,0,0,0,0,0,0,0,0,0,0,0,0,0,0,0,0,0,3,0,0,0,0,0,0,4,5,8,31,27,21,17,13,3,0,16,9,138
POA3567,0,0,6,0,0,0,0,4,0,13,0,0,0,0,0,0,0,0,0,0,0,0,0,0,0,0,0,0,0,0,0,0,0,0,0,0,0,4,0,10,44,23,22,11,11,4,11,14,0,145
POA3568,10,4,19,7,9,10,0,3,0,52,0,0,0,0,0,0,0,0,0,0,0,0,0,0,0,0,4,0,0,8,6,0,7,3,3,4,3,6,8,39,158,160,122,83,63,30,35,57,12,730
POA3570,3,0,7,0,0,4,6,0,0,15,0,0,0,0,0,0,0,0,0,0,0,0,0,0,0,0,0,0,0,3,0,0,3,0,0,0,3,4,0,16,44,30,44,17,24,11,17,22,0,215
POA3571,3,0,0,0,0,0,0,0,0,5,0,0,0,0,0,0,0,0,0,0,0,0,0,0,0,0,0,0,0,0,3,0,0,0,0,0,0,0,0,11,43,22,8,4,6,4,5,7,5,93
POA3572,0,0,0,0,0,0,0,0,0,0,0,0,0,0,0,0,0,0,0,0,0,0,0,0,0,0,0,0,0,0,7,0,0,0,0,0,0,0,0,7,18,11,3,4,0,0,0,4,0,47
POA3573,0,0,0,0,0,0,0,0,0,6,0,0,0,0,0,0,0,0,0,0,0,0,0,0,0,0,0,0,0,0,0,0,0,0,0,0,0,4,0,5,44,8,8,8,9,3,6,22,0,100
POA3575,3,0,6,0,5,3,0,0,0,11,0,0,0,0,0,0,0,0,0,0,0,0,0,0,0,0,0,0,0,0,0,0,0,0,0,0,0,3,0,12,92,29,25,28,10,7,4,37,3,243
POA3576,0,0,0,0,0,0,0,0,0,0,0,0,0,0,0,0,0,0,0,0,0,0,0,0,0,0,0,0,0,0,0,0,0,0,0,0,0,0,0,0,18,0,0,0,0,0,0,0,0,17
POA3579,3,5,27,9,10,5,5,15,0,81,0,0,0,0,0,0,0,0,0,0,11,7,7,0,0,0,0,6,0,25,13,4,6,4,0,4,3,7,5,52,264,283,244,172,118,65,72,117,19,1346
POA3580,6,0,8,8,4,0,0,5,0,21,0,0,0,0,0,0,0,0,0,0,0,0,0,0,0,0,0,0,0,0,0,0,0,4,4,3,0,0,5,14,29,45,43,36,22,13,18,19,5,232
POA3581,0,0,0,0,0,0,0,0,0,0,0,0,0,0,0,0,0,0,0,0,0,0,0,0,0,0,0,0,0,0,0,0,0,0,0,0,6,0,0,6,9,8,7,6,0,3,8,4,0,42
POA3583,0,0,0,0,0,0,0,0,0,4,0,0,0,0,0,0,0,0,0,0,0,0,0,0,0,0,0,0,0,0,0,0,0,0,0,0,0,0,0,0,9,7,6,6,6,3,0,5,0,47
POA3584,5,0,5,5,4,4,0,0,0,25,0,0,0,0,0,0,0,3,0,3,0,0,0,0,0,0,0,0,0,8,4,0,3,0,0,0,0,4,0,20,62,61,54,61,37,18,15,32,3,340
POA3585,14,8,75,45,30,19,6,28,7,234,0,0,0,0,0,0,0,4,0,5,8,12,10,6,0,6,4,9,3,46,17,4,7,7,3,7,7,25,13,93,466,868,544,475,328,179,100,278,54,3281
POA3586,3,0,10,5,4,0,0,0,0,22,0,0,0,0,0,0,0,0,0,0,0,0,0,0,0,0,0,0,0,0,4,0,4,0,0,4,0,0,0,23,55,45,47,28,24,15,10,24,0,256
POA3588,0,0,0,0,0,0,0,0,0,0,0,0,0,0,0,0,0,0,0,0,0,0,0,0,0,0,0,0,0,4,0,0,0,0,0,0,3,0,0,13,13,12,17,15,8,3,5,17,0,90
POA3589,0,0,0,0,0,0,4,0,0,3,0,0,0,0,0,0,0,0,0,0,0,0,0,0,0,0,0,0,0,0,0,0,0,0,0,0,0,7,0,10,24,21,5,5,8,4,0,13,0,86
POA3590,0,0,0,0,0,0,0,0,0,5,0,0,0,0,0,0,0,0,0,0,0,0,0,0,0,0,0,0,0,0,0,0,0,0,0,0,0,3,0,7,19,18,22,15,11,0,4,12,0,97
POA3591,0,0,0,0,0,0,0,0,0,0,0,0,0,0,0,0,0,0,0,0,0,0,0,0,0,0,0,0,0,0,0,0,0,0,0,0,0,0,0,0,13,12,0,6,8,3,0,6,0,50
POA3594,0,0,5,6,0,0,0,4,0,6,0,0,0,0,0,0,0,0,0,0,0,0,0,0,0,0,0,4,0,4,0,0,0,0,0,0,0,0,0,8,12,20,27,19,15,4,4,27,0,141
POA3595,6,0,0,0,0,0,0,0,0,6,0,0,0,0,0,0,0,0,0,0,0,0,0,0,0,0,0,0,0,0,0,0,0,0,0,0,0,0,0,0,22,17,20,17,6,3,13,19,0,119
POA3596,0,0,0,0,0,0,0,0,0,0,0,0,0,0,0,0,0,0,0,0,0,0,0,0,0,0,0,0,0,0,0,0,0,0,0,0,5,0,0,3,6,5,0,0,3,0,3,11,0,23
POA3597,3,0,0,4,0,0,0,9,3,12,0,0,0,0,0,0,0,0,0,0,0,0,0,0,0,0,0,0,0,0,6,0,0,0,0,0,0,6,0,12,47,16,9,8,11,0,4,34,4,139
POA3599,0,0,0,0,0,0,0,0,0,4,0,0,0,0,0,0,0,0,0,0,0,0,0,0,0,0,0,0,0,0,0,0,0,0,0,0,0,0,0,3,19,0,7,0,6,0,0,6,0,35
POA3607,0,0,0,0,0,0,0,0,0,4,0,0,0,0,0,0,0,0,0,0,0,0,0,0,0,0,0,0,0,0,0,0,4,0,0,0,0,0,0,5,12,4,12,11,3,9,0,5,0,49
POA3608,8,4,15,8,4,3,0,8,0,62,0,0,0,0,0,0,0,0,0,0,0,0,0,0,3,0,0,4,5,15,6,0,3,5,0,0,11,7,0,38,142,136,133,99,72,28,39,79,15,741
POA3610,0,4,10,6,3,3,0,0,3,29,0,0,0,0,0,0,0,0,0,0,5,0,0,5,3,0,0,0,0,15,3,0,3,0,0,4,0,0,0,11,62,82,67,62,38,15,23,23,18,383
POA3612,4,0,9,3,0,3,0,7,0,32,0,0,0,0,0,0,0,0,0,0,0,0,0,0,0,0,7,0,0,9,5,0,3,0,3,0,0,13,8,41,55,72,50,59,44,18,29,52,18,404
POA3614,3,0,5,0,5,0,0,0,0,16,0,0,0,0,0,0,0,0,0,0,0,0,0,0,0,0,0,0,0,0,0,0,5,5,0,0,0,0,0,19,61,74,83,41,28,3,15,26,9,340
POA3616,10,4,27,15,7,5,5,12,0,98,0,0,0,0,0,0,0,0,0,0,4,3,3,0,6,0,5,6,0,34,8,4,9,4,4,3,10,4,7,51,268,366,271,225,166,75,81,153,25,1640
POA3617,3,0,0,0,0,0,0,0,0,3,0,0,0,0,0,0,0,0,0,0,0,0,0,0,0,0,0,0,0,0,0,0,0,0,0,0,0,0,0,0,16,5,8,0,4,0,0,0,0,37
POA3618,5,0,5,0,0,0,0,6,0,11,0,0,0,0,0,0,0,0,0,0,0,0,0,0,0,0,0,0,0,0,4,4,0,0,0,0,0,3,0,19,43,18,29,28,16,9,13,23,3,176
POA3620,10,0,41,27,17,9,16,32,0,150,0,0,0,0,0,0,0,0,0,0,8,7,0,4,0,0,0,10,0,30,19,10,17,15,10,7,11,23,21,118,316,503,434,310,197,101,125,247,40,2267
POA3621,5,0,13,7,3,0,3,10,3,49,0,0,0,0,0,0,0,0,0,0,4,0,0,6,4,4,0,0,0,10,13,3,9,3,0,0,0,8,3,42,126,118,120,93,60,37,45,81,12,688
POA3622,0,0,0,0,4,0,0,0,0,9,0,0,0,0,0,0,0,0,0,0,0,0,0,0,0,0,0,0,0,0,0,0,0,0,0,0,0,0,0,0,56,34,23,14,13,8,10,12,0,162
POA3623,0,0,4,0,0,0,0,3,0,13,0,0,0,0,0,0,0,0,0,0,0,0,0,0,0,0,0,0,0,3,0,0,0,0,0,0,0,0,0,3,52,37,36,25,19,8,12,35,0,223
POA3624,0,0,3,0,0,0,0,0,0,7,0,0,0,0,0,0,0,0,0,0,0,0,0,0,0,0,0,0,0,0,0,0,0,0,0,3,0,0,0,3,40,8,29,16,6,3,8,14,0,125
POA3629,19,5,35,17,20,24,18,25,3,158,6,0,0,0,0,0,0,0,0,5,5,4,3,3,0,0,5,3,0,31,13,6,16,4,5,14,11,20,16,101,296,504,396,371,219,138,129,231,50,2333
POA3630,48,17,183,95,53,58,34,90,7,588,0,0,0,0,0,0,0,7,0,11,18,20,24,14,11,7,11,15,5,118,26,23,38,24,21,26,30,78,45,315,956,2369,1239,1264,813,437,336,822,146,8381
POA3631,36,3,72,37,42,19,10,22,4,251,0,0,0,0,0,0,0,0,0,5,16,17,6,8,7,3,8,8,0,76,30,9,24,7,15,7,7,18,23,137,778,1310,790,595,506,210,159,293,60,4690
POA3633,0,0,0,0,0,7,5,0,0,8,0,0,0,0,0,0,0,0,0,0,0,0,0,0,0,0,0,0,0,0,0,0,3,0,0,0,0,0,0,7,35,56,32,27,17,10,12,11,3,210
POA3634,0,0,9,0,5,0,0,3,0,24,0,0,0,0,0,0,0,0,0,0,0,0,0,0,0,0,3,0,0,12,0,3,3,0,0,0,3,5,3,20,107,147,110,61,52,19,34,43,10,581
POA3635,0,3,3,0,0,0,0,0,0,8,0,0,0,0,0,0,0,0,0,0,0,0,0,0,0,0,0,0,0,0,0,0,0,0,0,0,0,0,0,4,29,24,35,14,17,10,11,13,0,157
POA3636,14,0,24,25,11,10,5,11,0,105,0,0,0,0,0,0,0,0,0,0,0,0,3,3,0,0,4,4,6,23,5,4,10,4,7,5,11,10,10,60,208,307,234,203,141,53,71,153,37,1404
POA3637,0,0,0,3,0,0,0,6,0,10,0,0,0,0,0,0,0,0,0,0,0,0,0,0,0,0,0,0,0,0,5,0,0,3,0,0,0,0,0,11,62,31,18,19,10,14,9,22,0,185
POA3638,3,0,7,3,5,6,0,5,0,38,0,0,0,0,0,0,0,0,0,0,0,6,3,0,3,0,6,0,0,12,4,4,7,6,3,8,3,3,5,35,93,128,96,83,51,27,35,65,10,591
POA3639,0,0,3,0,0,0,0,0,0,8,0,0,0,0,0,0,0,0,0,0,0,0,0,0,0,0,0,0,0,3,0,0,0,0,0,0,0,0,0,7,36,25,13,17,8,4,7,17,3,133
POA3640,3,0,3,4,5,0,0,4,0,19,0,0,0,0,0,0,0,0,0,5,0,0,0,0,0,0,0,0,0,0,0,0,0,0,0,0,7,3,0,11,81,36,44,41,16,5,23,51,13,316
POA3641,0,0,0,0,0,9,0,3,0,23,0,0,0,0,0,0,0,0,0,0,0,0,0,0,0,0,0,0,0,0,0,0,0,0,0,7,3,10,0,19,67,41,55,43,29,25,19,55,0,337
POA3644,26,0,52,32,31,22,12,36,0,214,0,0,0,0,0,0,0,3,0,6,4,0,0,4,0,0,6,9,0,26,13,9,18,16,4,10,6,29,15,119,377,388,386,320,224,98,134,293,32,2249
POA3646,0,0,0,0,0,0,0,5,0,9,0,0,0,0,0,0,0,0,0,0,0,0,0,0,0,0,0,0,0,5,0,0,0,0,0,0,0,3,0,11,52,55,31,11,21,5,11,8,0,189
POA3647,0,0,0,0,0,0,0,0,0,0,0,0,0,0,0,0,0,0,0,0,0,0,0,0,0,0,0,0,0,0,0,0,0,0,0,0,0,0,0,0,0,7,0,3,0,4,0,4,0,14
POA3649,4,0,3,0,0,0,0,0,0,6,0,0,0,0,0,0,0,0,0,0,0,0,0,0,0,0,0,0,0,6,0,0,0,0,0,0,0,4,0,4,36,17,8,21,13,10,5,22,4,135
POA3658,15,4,25,10,17,5,8,20,3,110,0,0,0,0,0,0,0,0,0,0,3,4,3,6,5,4,3,4,0,38,4,5,14,8,8,0,3,15,9,70,226,367,390,247,180,86,148,146,44,1839
POA3659,5,0,0,4,4,0,0,0,0,17,0,0,0,0,0,0,0,0,0,0,0,0,5,0,4,0,0,0,0,4,4,0,0,0,3,0,0,5,3,15,39,66,46,33,37,11,16,16,8,266
POA3660,10,0,37,26,22,14,6,29,0,141,0,0,0,0,0,0,0,3,0,7,8,11,4,10,5,5,9,7,3,50,9,4,12,6,6,0,9,14,7,73,312,380,369,317,194,107,100,206,28,2020
POA3662,3,6,0,12,3,0,7,3,0,30,0,0,0,0,0,0,0,0,0,0,18,4,0,11,0,0,0,0,0,31,0,0,0,3,0,0,0,0,0,9,95,64,14,126,21,3,26,0,4,360
POA3663,0,0,0,0,0,0,0,0,0,0,0,0,0,0,0,0,0,0,0,0,0,0,0,0,0,0,0,0,0,0,0,0,0,0,0,0,0,0,0,0,17,10,0,7,0,0,7,3,0,54
POA3664,4,0,5,0,5,0,0,5,0,20,0,0,0,0,0,0,0,0,0,0,3,0,0,0,0,0,0,0,0,9,3,0,3,0,0,0,0,0,4,13,80,78,76,43,36,13,15,34,10,386
POA3665,0,4,5,0,0,0,0,0,0,5,0,0,0,0,0,0,0,0,0,0,0,0,0,0,0,0,0,0,0,7,0,0,0,0,0,0,0,0,0,3,31,34,13,14,12,3,0,8,0,125
POA3666,14,0,25,6,19,5,0,9,0,78,0,0,0,0,0,0,0,0,0,3,6,6,4,3,3,0,0,3,0,32,17,0,5,3,5,4,4,10,5,56,315,314,223,156,137,45,49,147,27,1411
POA3669,0,0,4,0,0,3,5,4,0,23,0,0,0,0,0,0,0,0,0,0,0,0,0,0,0,0,0,0,0,3,3,3,0,0,0,0,6,0,6,19,111,78,62,47,34,13,17,39,5,409
POA3670,0,0,0,0,4,0,0,0,0,6,0,0,0,0,0,0,0,0,0,0,0,0,4,0,0,0,0,0,0,0,0,0,0,0,0,0,0,0,0,12,40,34,40,20,14,7,10,13,0,175
POA3672,21,6,65,33,16,18,9,22,3,199,0,0,0,0,0,0,0,0,0,5,10,14,7,6,8,0,5,5,0,54,10,4,28,9,16,3,8,24,17,128,362,672,505,488,287,147,128,249,56,2902
POA3673,6,0,4,7,6,0,0,5,0,35,0,0,0,0,0,0,0,0,0,0,0,0,0,4,5,0,0,0,0,7,7,5,5,0,0,0,4,0,0,21,151,128,101,60,52,29,31,44,14,618
POA3675,6,0,10,4,3,3,0,10,0,42,0,0,0,0,0,0,0,0,0,0,3,0,0,5,0,0,0,0,0,11,0,0,5,6,3,3,3,6,7,24,125,178,128,90,79,28,30,45,13,723
POA3677,44,5,143,63,33,54,27,66,0,432,0,0,0,0,0,0,0,0,0,0,5,10,6,7,9,8,9,10,0,62,21,13,20,10,22,16,14,34,35,178,629,1542,910,980,539,320,252,414,86,5665
POA3678,23,0,35,20,22,10,5,14,3,124,0,0,0,0,0,0,0,0,0,0,7,3,3,7,0,0,3,0,5,43,23,8,11,9,10,11,5,11,6,94,507,608,382,270,235,99,105,143,31,2392
POA3682,8,0,4,0,0,0,0,4,0,9,0,0,0,0,0,0,0,0,0,0,0,0,0,0,0,0,0,0,0,0,0,0,0,0,0,3,0,3,0,9,62,30,40,24,21,15,11,24,0,230
POA3683,4,3,10,5,0,5,0,0,0,35,0,0,0,0,0,0,0,0,0,0,0,0,0,0,0,0,0,0,0,10,4,0,5,7,3,0,3,7,4,29,78,118,103,80,61,23,37,44,13,548
POA3685,7,0,20,17,4,0,6,14,0,67,0,0,0,0,0,0,0,3,0,3,4,6,4,0,0,3,0,0,0,16,9,0,0,3,0,3,3,6,7,33,172,219,143,109,94,33,48,84,17,929
POA3687,3,0,12,6,3,3,4,4,0,35,0,0,0,0,0,0,0,0,0,0,0,0,0,0,3,0,0,0,0,4,0,0,6,0,0,4,0,0,0,11,37,55,63,30,24,15,22,35,7,290
POA3688,0,0,7,5,5,4,0,11,0,31,0,0,0,0,0,0,0,0,0,0,0,0,0,0,0,0,6,0,0,7,0,0,3,6,0,4,0,3,6,23,83,92,89,69,46,29,34,41,7,483
POA3690,61,25,236,128,86,67,71,90,7,769,0,0,5,7,0,7,0,9,0,29,12,26,16,32,20,13,16,20,5,158,21,14,48,28,20,19,36,47,51,285,1257,2581,1812,1791,1266,572,610,757,166,10814
POA3691,21,4,77,40,37,27,18,23,3,246,0,0,0,0,0,0,0,0,0,8,12,7,5,8,4,4,9,4,4,66,23,13,17,8,11,7,15,8,13,126,842,1202,863,646,530,170,217,218,66,4763
POA3695,3,0,0,0,0,0,0,0,0,3,0,0,0,0,0,0,0,0,0,0,0,0,0,0,0,0,0,0,0,3,5,0,0,0,0,0,0,0,0,8,47,41,25,12,18,8,8,21,0,182
POA3697,0,0,0,0,0,0,3,0,0,13,0,0,0,0,0,0,0,0,0,0,0,0,3,0,0,0,0,0,0,3,0,0,0,0,0,0,0,0,0,0,38,41,38,23,21,6,7,8,4,188
POA3698,9,5,8,0,4,0,0,4,0,29,0,0,0,0,0,0,0,0,0,0,0,0,0,0,0,0,0,0,0,7,5,0,0,0,0,0,0,0,0,11,79,92,66,39,31,19,9,23,6,353
POA3699,7,0,16,7,0,3,0,13,0,43,0,0,0,0,0,0,0,0,0,0,0,0,0,0,0,0,0,0,0,6,0,0,7,3,0,0,0,0,0,8,79,83,74,75,24,18,15,51,6,424
POA3700,5,0,10,0,4,0,0,10,0,22,0,0,0,0,0,0,0,0,0,0,0,0,0,0,0,0,0,0,0,3,0,0,3,0,3,0,5,10,3,23,46,73,91,54,43,10,29,51,5,415
POA3701,9,0,0,3,4,8,0,5,0,21,0,0,0,0,0,0,0,0,0,0,0,0,0,0,0,0,0,0,0,3,4,0,0,0,0,0,4,0,0,14,106,46,36,37,27,10,15,33,8,324
POA3704,0,0,0,0,0,0,0,0,0,0,0,0,0,0,0,0,0,0,0,0,0,0,0,0,0,0,0,0,0,0,0,0,0,0,0,0,0,0,0,0,6,5,0,0,0,0,0,3,0,10
POA3705,0,0,0,0,0,0,0,0,0,8,0,0,0,0,0,0,0,0,0,0,0,0,0,0,0,0,0,0,0,0,0,0,0,0,0,0,0,0,0,3,27,15,3,13,6,0,0,8,6,79
POA3707,7,0,12,6,7,0,0,0,0,37,0,0,0,0,0,0,0,0,0,0,0,0,0,0,0,0,0,0,0,10,3,0,0,0,0,0,0,0,0,12,128,102,75,70,44,23,23,44,6,515
POA3708,0,0,0,0,0,0,0,0,0,3,0,0,0,0,0,0,0,0,0,0,0,0,0,0,0,0,0,0,0,0,0,0,0,0,0,0,0,0,0,0,4,4,4,0,9,0,0,4,0,22
POA3709,0,0,0,0,0,0,0,0,0,5,0,0,0,0,0,0,0,0,0,0,0,0,0,0,0,0,0,0,0,4,5,0,0,0,0,0,0,5,0,9,31,7,8,11,9,0,5,13,0,83
POA3711,0,0,0,0,0,3,0,0,0,10,0,0,0,0,0,0,0,0,0,0,0,0,0,0,0,0,0,0,0,3,0,0,0,0,0,0,0,0,0,8,38,41,38,25,11,12,10,16,0,191
POA3712,3,0,4,0,0,0,0,0,0,11,0,0,0,0,0,0,0,0,0,0,0,0,0,0,0,0,0,0,0,0,0,0,0,0,0,0,0,0,0,3,21,17,27,8,9,5,10,11,0,97
POA3713,4,0,8,7,4,7,0,4,0,25,0,0,0,0,0,0,0,0,0,0,0,0,0,0,0,0,0,0,0,3,0,4,0,0,0,6,0,0,0,7,50,40,50,50,13,14,6,22,3,252
POA3714,11,6,22,13,8,3,7,11,0,74,0,0,0,0,0,0,0,0,0,0,6,6,0,0,0,0,0,0,0,13,7,5,10,7,3,0,4,5,5,41,180,228,200,157,121,40,48,73,20,1078
POA3715,0,0,0,6,0,0,0,0,0,7,0,0,0,0,0,0,0,0,0,0,0,3,0,0,0,0,0,0,0,3,0,0,0,0,0,0,0,0,0,3,26,18,25,12,11,5,3,14,7,125
POA3717,9,3,18,5,4,6,0,9,0,52,0,0,0,0,0,0,0,0,0,0,3,6,0,0,7,0,0,3,0,21,7,5,5,4,4,8,3,8,5,43,201,198,203,112,85,52,65,79,18,1011
POA3718,0,0,0,0,0,0,0,0,0,0,0,0,0,0,0,0,0,0,0,0,0,0,0,0,0,0,0,0,0,0,0,0,0,0,0,0,0,3,0,3,12,5,0,3,3,0,0,10,0,34
POA3719,0,0,4,0,0,0,0,0,0,9,0,0,0,0,0,0,0,0,0,0,0,0,0,0,0,0,0,0,0,0,0,0,0,0,0,0,0,0,0,3,40,25,15,16,13,3,6,9,0,121
POA3720,0,0,0,0,0,0,0,0,0,7,0,0,0,0,0,0,0,0,0,0,0,5,0,3,0,0,0,0,0,6,0,0,0,0,0,0,0,0,0,9,46,40,36,31,22,12,9,22,3,223
POA3722,14,3,49,14,15,21,3,16,0,134,0,0,0,0,0,0,0,0,0,0,0,0,3,4,5,3,0,0,0,20,8,0,11,7,0,3,3,10,11,46,314,416,395,251,186,117,75,114,23,1891
POA3723,3,0,18,6,7,12,0,4,0,58,0,0,0,0,0,0,0,0,0,0,4,5,0,0,0,0,0,3,0,13,7,0,9,6,0,0,0,6,3,36,248,243,148,138,92,65,49,91,11,1080
POA3725,0,0,0,0,0,0,0,0,0,10,0,0,0,0,0,0,0,0,0,0,0,0,0,0,0,0,0,0,0,0,0,0,0,0,0,0,0,0,0,8,52,32,30,24,20,4,12,19,0,190
POA3726,0,0,0,0,0,0,0,0,0,5,0,0,0,0,0,0,0,0,0,0,5,0,0,0,0,0,0,0,0,0,3,0,0,0,0,0,0,0,0,9,36,20,11,8,7,3,3,14,0,112
POA3727,0,0,3,0,0,0,0,0,0,3,0,0,0,0,0,0,0,0,0,0,0,0,0,0,0,0,0,0,0,0,0,0,0,3,0,0,0,0,0,3,24,15,10,12,6,0,3,4,0,77
POA3728,0,0,0,3,0,0,0,0,0,8,0,0,0,0,0,0,0,0,0,0,0,0,0,0,0,0,0,0,0,0,0,0,0,0,0,0,0,4,4,9,34,28,24,31,8,6,17,22,5,166
POA3730,33,5,72,40,22,27,3,13,4,224,0,0,0,0,0,0,0,0,0,6,5,6,9,4,5,0,0,10,0,32,16,6,7,7,12,15,14,17,0,94,389,565,485,347,249,134,94,195,40,2517
POA3732,0,0,8,3,0,0,0,6,0,13,0,0,0,0,0,0,0,0,0,0,0,0,0,0,0,0,3,0,0,4,5,0,0,0,0,0,0,0,0,6,60,39,31,23,16,8,9,23,0,202
POA3733,0,0,0,0,0,0,0,0,0,4,0,0,0,0,0,0,0,0,0,0,0,0,0,0,0,0,0,0,0,4,0,0,0,0,0,0,0,0,0,0,12,18,12,13,3,3,3,3,0,80
POA3735,0,0,0,0,0,0,0,3,0,6,0,0,0,0,0,0,0,0,0,0,0,0,0,0,0,0,0,3,0,3,3,0,0,0,0,0,0,4,0,15,54,47,33,18,20,15,11,32,5,236
POA3737,7,0,29,19,10,9,4,8,0,97,0,0,0,0,0,0,0,6,0,4,4,3,3,3,0,0,7,3,0,24,5,0,11,8,3,0,9,13,0,55,187,296,244,184,126,77,83,118,15,1336
POA3738,0,0,0,0,0,0,0,0,0,4,0,0,0,0,0,0,0,0,0,0,0,0,0,0,0,0,0,0,0,3,0,0,0,0,0,0,0,0,0,3,14,11,13,5,7,4,3,12,0,73
POA3739,0,0,0,0,0,0,0,0,0,3,0,0,0,0,0,0,0,0,0,0,0,0,0,0,3,0,0,0,0,3,0,0,0,0,0,4,0,0,0,4,19,16,11,4,14,6,4,8,0,78
POA3740,4,0,11,5,0,4,3,3,0,27,0,0,0,0,0,0,0,0,0,0,0,0,0,0,0,0,0,0,0,3,5,0,0,0,0,0,0,0,0,10,91,103,81,54,42,24,20,38,4,450
POA3741,22,0,43,18,3,6,6,21,0,120,0,0,0,0,0,0,0,0,0,0,5,4,0,9,0,0,0,0,3,26,3,0,9,0,0,0,3,7,0,25,243,310,207,146,90,73,41,100,17,1218
POA3744,0,0,6,0,0,3,0,3,0,14,0,0,0,0,0,0,0,0,0,0,0,0,0,0,0,0,0,0,0,3,0,0,0,0,0,0,0,0,0,3,28,63,28,16,14,7,4,11,6,177
POA3746,0,0,0,0,0,0,0,0,0,0,0,0,0,0,0,0,0,0,0,0,0,0,0,0,0,0,0,0,0,0,0,0,3,0,0,0,0,0,0,5,10,25,35,15,16,0,3,6,6,122
POA3747,17,3,44,11,11,6,0,11,0,105,0,0,0,0,0,0,0,0,0,0,6,11,8,0,7,4,0,0,3,37,7,4,8,3,0,5,3,5,10,41,333,604,216,215,140,76,39,116,30,1774
POA3749,3,0,7,3,3,0,0,5,0,23,0,0,0,0,0,0,0,0,0,0,7,4,6,0,0,0,0,0,0,15,4,0,0,4,4,0,0,5,5,20,142,282,88,62,74,30,29,49,10,766
POA3750,70,9,183,94,66,54,107,61,12,658,0,0,0,5,0,0,0,4,0,8,12,22,21,31,29,11,34,31,5,203,14,10,40,40,21,18,33,28,48,241,744,2105,1209,1359,1045,456,761,553,181,8397
POA3751,0,0,0,0,0,0,0,0,0,4,0,0,0,0,0,0,0,0,0,0,0,0,0,0,0,0,0,0,0,3,0,0,0,0,0,0,0,0,0,0,9,6,7,4,6,3,3,0,0,39
POA3752,59,17,139,65,68,56,29,41,10,481,0,0,0,0,0,0,0,0,0,6,16,33,24,23,21,13,12,19,9,162,15,16,37,23,25,15,19,18,42,212,1105,2346,1332,1108,1205,580,387,463,166,8685
POA3753,15,0,18,20,15,17,21,13,0,117,0,0,0,0,0,0,0,0,0,4,0,0,0,4,3,0,0,0,0,19,7,0,15,4,0,7,4,6,9,49,196,324,303,226,207,81,131,90,37,1601
POA3754,130,37,324,222,162,130,92,103,11,1200,0,5,0,0,5,0,4,0,0,12,33,43,32,51,48,11,29,27,12,284,28,32,70,36,45,29,32,39,63,375,2168,4831,2955,2747,2354,1072,837,961,299,18229
POA3755,0,0,0,4,0,0,0,0,0,10,0,0,0,0,0,0,0,0,0,0,0,0,0,0,0,0,0,0,0,0,0,0,0,0,0,0,0,0,0,0,19,14,13,8,12,0,0,3,0,79
POA3756,27,6,97,42,53,45,28,35,5,342,0,0,0,0,0,5,0,0,0,7,9,13,11,11,10,7,13,8,5,92,13,5,35,10,16,5,20,10,39,172,556,937,1101,758,614,265,338,311,108,4980
POA3757,14,0,38,23,41,25,0,11,0,161,0,0,0,0,0,0,0,0,0,4,8,5,8,3,7,3,12,4,0,52,10,12,28,7,6,9,12,11,17,113,392,596,745,430,374,164,146,182,55,3086
POA3758,0,0,17,5,0,5,0,3,0,36,0,0,0,0,0,0,0,0,0,0,0,0,0,0,0,0,4,0,0,10,0,6,5,0,5,4,3,8,4,29,110,129,211,91,87,35,53,47,10,769
POA3759,0,0,6,0,0,0,0,0,0,15,0,0,0,0,0,0,0,0,0,0,0,0,0,0,0,0,0,0,0,3,6,0,6,0,0,3,0,0,0,10,86,117,91,48,50,21,16,16,0,440
POA3760,0,0,0,0,0,0,0,4,0,3,0,0,0,0,0,0,0,0,0,0,0,0,0,0,0,0,0,0,0,0,0,0,0,0,0,0,0,0,0,3,22,39,26,8,32,4,0,6,0,146
POA3761,3,0,6,0,4,0,0,0,0,9,0,0,0,0,0,0,0,0,0,0,3,6,0,0,4,0,0,0,0,13,0,0,4,0,0,0,0,0,7,10,66,118,79,49,51,11,19,29,11,434
POA3762,0,0,0,0,0,0,0,0,0,0,0,0,0,0,0,0,0,0,0,0,0,0,0,0,0,0,0,0,0,0,0,0,0,0,0,0,0,0,0,0,14,9,9,3,3,3,0,0,4,40
POA3763,10,0,10,6,10,4,0,4,0,46,0,0,0,0,0,0,0,0,0,0,8,0,5,0,4,0,0,0,0,15,0,0,3,4,0,0,4,0,0,15,85,122,151,95,57,20,34,41,11,614
POA3764,25,4,58,31,16,20,11,23,4,187,0,0,0,0,0,0,0,0,0,0,5,10,10,20,7,3,8,0,5,74,3,5,16,5,9,5,11,11,14,87,383,698,651,447,394,146,197,216,71,3215
POA3765,11,3,34,16,22,9,4,19,0,115,0,0,0,0,0,0,0,0,0,0,7,11,8,0,9,0,0,6,0,32,7,0,19,3,5,9,0,3,10,52,347,620,552,271,313,96,83,128,37,2459
POA3766,0,0,0,0,4,0,0,0,0,6,0,0,0,0,0,0,0,0,0,0,0,5,0,0,0,0,0,0,0,4,0,6,0,0,0,0,0,0,0,3,78,187,76,56,56,21,12,24,6,515
POA3767,5,0,9,3,4,0,0,6,0,20,0,0,0,0,0,0,0,0,0,0,3,7,0,3,0,0,0,0,0,10,3,0,0,0,0,0,0,0,9,13,99,196,76,40,38,21,12,12,3,502
POA3770,13,0,19,4,9,7,0,6,0,66,0,0,0,0,0,0,0,0,0,0,0,0,0,0,0,0,0,0,0,6,13,0,9,5,5,0,0,6,3,39,219,228,314,98,113,60,42,69,27,1166
POA3775,15,0,24,11,14,12,6,5,0,83,0,0,0,0,0,0,0,0,0,0,3,6,8,4,0,3,0,0,3,24,5,0,10,4,7,4,0,5,7,42,270,327,295,145,174,77,53,72,17,1436
POA3777,31,5,77,29,27,18,5,27,4,225,0,0,0,0,0,0,0,0,0,4,6,18,11,7,5,0,6,0,0,61,10,7,16,11,5,5,13,16,12,98,534,805,750,454,378,168,144,253,51,3537
POA3778,0,0,0,0,0,0,0,0,0,8,0,0,0,0,0,0,0,0,0,0,0,0,0,0,0,0,0,0,0,0,0,0,0,0,0,0,0,0,0,0,22,12,15,9,4,3,0,5,0,77
POA3779,3,0,6,0,3,0,0,0,0,21,0,0,0,0,0,0,0,0,0,0,0,0,0,0,0,0,0,0,0,0,0,0,0,0,0,0,0,0,0,4,18,28,29,24,13,10,3,20,0,145
POA3781,11,6,23,15,9,14,4,8,3,88,0,0,0,0,0,0,0,0,0,0,6,6,3,3,6,0,3,0,0,23,4,5,10,4,4,3,3,3,0,44,204,324,396,215,186,70,68,102,19,1590
POA3782,18,4,34,19,14,13,7,9,0,103,0,0,0,0,0,0,0,0,0,0,7,16,7,7,0,0,0,0,0,51,7,0,21,4,12,0,12,7,15,81,463,790,606,324,330,113,103,146,54,2937
POA3783,5,0,12,9,8,3,3,3,0,41,0,0,0,0,0,0,0,0,0,0,3,3,0,0,0,3,0,3,0,14,3,0,6,4,0,0,3,3,0,28,121,209,196,118,90,29,34,51,10,864
POA3785,0,0,0,0,0,0,0,0,0,0,0,0,0,0,0,0,0,0,0,0,0,0,0,0,0,0,0,0,0,0,0,0,0,0,0,0,0,0,0,0,4,13,6,0,4,0,0,0,0,25
POA3786,6,0,4,0,4,0,0,0,0,14,0,0,0,0,0,0,0,0,0,0,4,4,0,0,0,0,0,0,0,9,0,0,4,0,0,0,0,0,0,11,136,236,95,44,56,17,13,17,4,623
POA3787,0,0,10,0,3,0,0,0,0,14,0,0,0,0,0,0,0,0,0,0,5,0,5,0,4,0,0,0,0,10,4,0,4,0,0,0,0,0,0,11,80,139,45,33,48,12,4,17,3,379
POA3788,12,0,12,0,4,4,0,0,0,31,0,0,0,0,0,0,0,0,0,0,6,0,0,8,3,0,0,0,0,9,3,3,0,0,0,0,0,0,4,16,146,220,96,72,73,28,9,31,10,688
POA3789,0,0,0,0,0,0,0,0,0,4,0,0,0,0,0,0,0,0,0,0,0,0,0,0,0,0,0,0,0,0,0,0,0,0,0,0,0,0,3,3,29,42,6,11,12,6,0,4,3,106
POA3791,0,3,0,3,0,0,0,0,0,10,0,0,0,0,0,0,0,0,0,0,4,0,0,4,4,0,0,0,0,11,0,0,3,0,0,0,0,0,3,11,95,220,72,58,43,17,9,20,15,561
POA3792,3,0,4,0,4,0,0,0,0,12,0,0,0,0,0,0,0,0,0,0,4,3,0,0,0,0,0,0,0,8,0,0,0,0,0,0,0,0,0,3,70,161,66,39,34,15,6,16,3,406
POA3793,9,3,22,6,5,0,0,4,0,54,0,0,0,0,0,0,0,0,0,0,6,0,5,9,3,3,3,0,0,29,0,3,8,0,3,0,4,7,3,26,188,290,275,152,129,61,37,69,19,1231
POA3795,4,0,11,9,9,0,0,3,0,29,0,0,0,0,0,0,0,0,0,0,0,0,0,0,0,0,0,0,0,4,0,0,5,0,0,0,4,0,7,14,87,97,116,44,45,21,20,22,6,462
POA3796,25,3,63,27,29,13,13,21,4,195,0,0,0,0,0,0,0,0,0,3,9,13,5,10,0,0,8,0,5,51,3,3,20,4,7,6,7,8,10,68,520,868,807,468,415,166,133,222,50,3654
POA3797,12,3,25,11,17,8,0,11,4,88,0,0,0,0,0,0,0,0,0,0,5,4,0,0,0,0,0,3,0,14,3,3,5,5,0,6,9,9,6,40,150,176,234,154,119,55,65,95,26,1072
POA3799,5,5,30,11,7,10,4,11,5,87,0,0,0,0,0,0,0,0,0,0,0,6,6,9,3,0,4,4,0,32,5,0,13,9,6,4,6,8,6,58,186,330,354,267,165,77,75,124,24,1599
POA3802,34,14,98,43,52,38,27,46,3,359,0,0,0,0,0,0,0,0,0,6,12,17,15,17,24,17,13,10,0,128,18,24,36,15,28,18,25,13,51,227,876,2077,1196,905,1096,468,426,479,161,7692
POA3803,11,0,43,27,13,16,13,27,0,148,0,0,0,0,0,0,0,0,0,0,5,8,7,9,7,4,6,5,4,52,12,3,14,8,8,7,15,18,21,109,318,583,480,403,371,167,219,269,57,2870
POA3804,9,0,28,12,17,18,4,10,0,100,0,0,0,0,0,0,0,0,0,3,7,3,8,3,10,4,7,0,6,49,10,8,12,3,5,0,0,11,16,73,515,730,504,211,397,152,116,128,69,2823
POA3805,93,23,279,155,125,105,89,109,14,994,3,0,3,0,0,0,5,4,0,16,25,36,38,44,52,17,29,38,7,288,43,37,102,38,48,29,60,47,120,519,2093,4193,3289,2412,2582,1077,1139,1277,390,18466
POA3806,96,28,241,149,130,79,37,61,10,837,0,0,0,0,0,3,0,0,0,8,35,57,35,43,49,17,23,26,9,283,53,48,71,33,61,31,34,35,87,455,2719,5659,2677,2062,2349,1038,717,849,294,18370
POA3807,10,0,39,31,19,14,9,11,3,146,0,0,0,0,0,0,0,0,0,5,9,12,9,7,5,0,0,0,0,45,9,8,10,7,10,4,3,5,8,65,439,779,522,300,388,155,88,142,42,2856
POA3808,13,0,15,5,10,6,0,4,0,54,0,0,0,0,0,0,0,0,0,0,9,0,0,0,9,0,0,0,0,24,4,0,13,3,9,5,5,4,0,45,253,297,231,90,138,58,23,64,20,1169
POA3809,35,8,156,79,64,64,45,36,11,498,0,0,3,0,0,0,0,0,0,7,15,18,18,20,13,10,19,12,0,119,22,23,19,22,10,13,14,22,33,180,905,2168,1267,1082,1036,462,416,405,131,7873
POA3810,105,33,345,180,142,120,130,161,16,1237,0,0,0,0,0,0,6,5,0,19,34,36,50,42,39,17,45,37,7,305,45,22,73,47,48,35,59,64,128,523,1829,3662,3255,2713,2074,1067,1260,1366,331,17552
POA3812,8,0,8,6,11,5,4,3,0,42,0,0,0,0,0,0,0,0,0,0,0,0,0,0,3,0,0,0,0,10,9,0,16,0,8,0,3,0,8,44,146,138,212,84,103,30,47,47,20,835
POA3813,0,0,3,0,4,3,0,0,0,20,0,0,0,0,0,0,0,0,0,0,0,0,0,0,0,0,4,0,0,5,0,6,5,0,0,0,0,0,3,14,53,63,82,24,38,20,15,24,4,328
POA3814,11,0,11,7,4,3,6,0,0,42,0,0,0,0,0,0,0,0,0,0,3,0,3,0,4,0,0,0,0,20,9,0,9,0,3,0,5,6,13,40,135,175,191,69,92,27,42,58,31,829
POA3815,6,0,18,10,15,6,0,6,5,64,0,0,0,0,0,0,0,0,0,0,0,0,3,0,4,0,4,0,0,11,8,0,11,5,0,11,7,9,5,52,168,209,293,134,154,45,66,77,32,1177
POA3816,9,0,13,9,8,0,6,6,0,51,0,0,0,0,0,0,0,0,0,0,4,0,0,0,0,0,0,0,0,4,0,7,3,0,4,4,6,5,15,43,113,152,195,133,104,34,64,97,19,915
POA3818,39,13,105,42,43,34,24,34,6,339,0,0,0,0,4,0,0,0,0,4,14,8,8,15,6,9,6,3,6,73,23,6,18,16,15,6,14,20,21,150,676,1132,1047,753,545,299,279,424,85,5236
POA3820,27,9,109,61,41,42,16,52,4,365,0,0,0,3,0,0,0,0,0,3,13,16,14,23,15,0,9,10,0,99,14,13,24,23,15,3,15,30,32,166,811,1905,1047,944,701,311,268,512,92,6585
POA3821,4,0,11,9,10,0,0,4,4,50,0,0,0,0,0,0,0,0,0,0,8,0,0,0,0,0,8,0,0,18,7,3,6,6,4,8,0,0,0,31,238,304,190,121,109,48,37,64,14,1127
POA3822,0,0,3,4,0,3,0,3,0,17,0,0,0,0,0,0,0,0,0,0,0,3,0,0,0,0,3,0,0,5,5,0,0,0,0,0,5,0,4,17,46,70,71,43,35,12,22,27,6,333
POA3823,6,0,13,4,0,5,0,5,0,42,0,0,0,0,0,0,0,0,0,0,0,0,0,0,0,0,0,0,0,5,4,5,3,0,5,0,0,5,0,19,108,141,126,111,54,32,32,49,6,662
POA3824,18,0,24,21,4,10,0,15,0,88,0,0,0,0,0,0,0,0,0,4,3,0,0,0,5,0,0,5,0,19,8,0,8,4,6,0,10,12,3,50,241,382,294,223,186,62,96,122,21,1619
POA3825,33,15,91,55,37,37,16,46,7,329,0,0,0,0,0,0,0,0,0,5,9,8,12,15,4,3,6,9,4,75,20,19,45,27,20,20,17,36,34,232,525,924,1165,946,606,266,281,442,106,5263
POA3831,0,0,15,10,3,3,0,0,0,36,0,0,0,0,0,0,0,0,0,0,3,0,3,3,3,0,0,0,0,10,0,0,3,0,0,0,0,6,4,20,107,120,117,74,58,28,38,51,10,600
POA3832,0,0,0,0,0,0,0,0,0,0,0,0,0,0,0,0,0,0,0,0,0,0,0,0,0,0,0,0,0,3,0,0,3,0,0,0,0,3,0,8,19,13,19,7,7,6,0,11,0,75
POA3833,0,0,0,0,0,0,0,0,0,3,0,0,0,0,0,0,0,0,0,0,0,0,0,0,0,0,0,0,0,0,4,0,0,0,0,0,0,0,0,4,22,13,14,7,3,9,8,9,0,83
POA3835,6,0,0,0,0,0,0,0,0,4,0,0,0,0,0,0,0,0,0,0,0,0,0,0,0,0,0,0,0,0,0,0,0,0,0,0,0,0,0,4,29,29,18,19,14,3,5,10,0,133
POA3840,24,3,84,44,31,21,10,25,6,254,0,0,0,0,0,0,0,0,0,4,9,5,17,4,10,0,10,9,0,58,7,11,21,19,11,15,17,31,22,166,334,695,784,600,449,199,253,301,81,3701
POA3842,4,4,18,10,8,9,4,6,3,64,0,0,0,0,0,0,0,0,0,0,0,5,5,3,3,0,3,0,0,26,0,9,5,7,6,0,0,5,0,32,123,253,211,211,115,75,85,93,14,1178
POA3844,67,17,177,97,119,52,23,59,4,617,0,0,0,0,0,3,0,0,0,4,13,16,28,17,16,4,16,13,4,132,26,14,46,30,21,12,26,39,39,252,1092,2750,1827,1274,1221,426,475,582,155,9795
POA3847,0,0,13,3,3,5,7,6,0,39,0,0,0,0,0,0,0,0,0,0,0,7,0,0,3,0,0,0,0,8,10,0,12,0,0,7,6,7,9,45,94,111,127,88,46,30,34,68,15,613
POA3850,38,8,98,52,29,27,4,39,3,300,5,0,0,0,0,0,0,0,0,6,16,19,7,4,9,6,3,5,0,62,19,11,15,14,12,9,8,15,10,99,613,1368,746,718,443,207,137,264,68,4555
POA3851,16,9,25,14,8,7,8,10,0,87,0,0,0,0,0,0,0,0,0,0,8,6,8,3,3,0,3,4,0,29,12,11,11,3,7,3,3,11,5,69,284,329,299,195,122,54,68,104,31,1485
POA3852,0,0,0,0,0,0,0,0,0,0,0,0,0,0,0,0,0,0,0,0,0,4,0,0,0,0,0,0,0,3,3,0,0,0,0,0,0,0,0,0,56,83,0,9,0,0,0,0,3,149
POA3854,0,0,4,3,4,0,3,5,0,25,0,0,0,0,0,0,0,0,0,0,0,0,0,0,0,0,0,0,0,9,3,0,3,0,0,0,4,4,5,21,75,92,117,55,47,12,47,31,14,489
POA3856,3,0,6,4,8,3,0,4,0,22,0,0,0,0,0,0,0,0,0,0,0,0,0,0,0,0,0,0,0,7,5,0,5,0,0,5,0,0,0,13,33,68,87,43,37,16,27,24,0,333
POA3857,0,0,0,0,0,0,0,0,0,0,0,0,0,0,0,0,0,0,0,0,0,0,0,0,0,0,0,0,0,0,0,0,0,0,0,0,0,0,0,0,20,29,22,11,11,0,6,3,3,102
POA3858,8,0,14,0,0,7,3,7,5,46,0,0,0,0,0,0,0,0,0,0,0,0,0,0,0,0,6,3,0,7,5,0,6,0,0,4,0,12,0,35,144,115,140,103,58,29,49,79,15,725
POA3859,3,0,3,0,0,0,0,5,0,15,0,0,0,0,0,0,0,0,0,0,0,0,0,0,0,0,0,0,0,0,4,0,0,0,0,0,0,0,0,11,81,56,48,26,19,11,13,39,3,289
POA3860,12,6,53,19,20,17,0,12,0,139,0,0,0,0,0,0,0,0,0,0,5,5,9,0,5,0,3,0,0,31,11,6,22,4,3,8,12,17,9,93,242,491,482,313,192,78,149,158,26,2141
POA3862,10,0,21,9,4,3,5,11,0,61,0,0,0,0,0,0,0,0,0,0,8,0,0,0,0,0,3,0,0,18,8,5,5,10,3,5,0,0,4,42,177,228,229,184,100,42,58,80,19,1115
POA3864,0,0,0,0,0,0,0,0,0,3,0,0,0,0,0,0,0,0,0,0,0,0,0,0,0,0,0,0,0,0,0,0,0,0,0,0,0,0,0,0,21,6,10,9,6,0,4,6,0,72
POA3865,0,0,10,0,0,0,0,4,0,12,0,0,0,0,0,0,0,0,0,0,0,0,0,0,0,0,0,0,0,0,0,0,0,0,0,0,0,8,3,9,14,27,28,11,7,3,6,23,7,125
POA3869,0,7,10,10,3,0,4,0,0,32,0,0,0,0,0,0,0,0,0,0,0,4,5,0,0,0,0,0,0,13,4,0,8,0,0,0,0,9,0,23,63,130,135,89,75,22,39,36,6,598
POA3870,0,0,5,0,0,3,0,6,0,12,0,0,0,0,0,0,0,0,0,0,0,0,6,3,0,0,0,0,0,9,0,0,0,3,0,0,6,0,3,23,49,90,70,47,40,23,26,27,14,387
POA3871,5,0,3,5,0,0,0,7,0,31,0,0,0,0,0,0,0,0,0,0,8,10,0,3,0,0,0,0,0,28,3,5,11,3,0,8,3,4,3,34,157,252,155,111,90,36,47,65,18,922
POA3873,0,0,0,0,0,0,0,0,0,5,0,0,0,0,0,0,0,0,0,0,0,0,0,0,0,0,0,0,0,0,0,0,0,0,0,0,0,0,0,3,16,16,22,17,10,0,11,11,0,103
POA3874,0,0,0,4,6,0,0,0,0,8,0,0,0,0,0,0,0,0,0,0,0,0,0,0,0,0,0,0,0,0,0,0,0,0,0,0,0,0,0,6,42,33,23,25,5,4,3,14,0,151
POA3875,33,3,94,65,59,46,12,62,0,371,0,0,0,0,0,0,0,6,0,8,16,5,10,12,8,8,5,8,4,77,14,9,36,15,23,16,8,32,28,187,694,1289,908,814,601,309,244,439,99,5393
POA3878,0,0,13,3,3,0,0,5,0,30,0,0,0,0,0,0,0,0,0,0,4,0,0,3,0,0,0,0,0,10,3,0,6,0,0,0,0,0,0,22,57,92,53,52,45,18,12,19,0,352
POA3880,3,0,28,11,4,7,0,8,0,61,0,0,0,0,0,0,0,0,0,0,0,4,0,0,3,0,0,0,3,15,4,0,11,6,10,0,0,4,3,38,119,226,151,149,96,67,28,54,18,904
POA3882,0,0,4,9,0,3,0,4,0,26,0,0,0,0,0,0,0,0,0,0,3,0,3,0,3,0,0,0,0,12,0,0,5,0,3,0,0,0,4,13,52,79,73,55,61,16,18,33,14,401
POA3885,4,0,8,6,0,3,0,9,0,34,0,0,0,0,0,0,0,0,0,0,0,5,0,3,4,0,0,0,0,9,9,0,10,3,0,8,3,3,3,36,109,116,97,99,44,31,35,40,11,587
POA3886,0,0,6,0,0,0,0,0,0,8,0,0,0,0,0,0,0,0,0,0,0,0,0,0,0,0,0,0,0,0,3,0,0,0,0,0,3,3,0,9,13,15,21,13,8,0,12,15,0,102
POA3887,0,0,0,0,0,0,0,0,0,4,0,0,0,0,0,0,0,0,0,0,0,0,0,0,0,0,0,0,0,0,0,0,0,0,0,0,0,0,0,3,5,12,12,12,5,6,5,8,0,65
POA3888,13,0,13,5,8,0,3,8,0,58,0,0,0,0,0,0,0,0,0,0,3,0,0,3,0,0,0,0,0,14,3,3,3,3,4,6,3,9,4,45,159,191,88,142,79,36,40,74,16,820
POA3889,0,0,0,0,0,0,0,0,0,3,0,0,0,0,0,0,0,0,0,0,0,0,0,0,0,0,0,0,0,0,3,0,0,0,0,0,0,0,0,4,13,4,3,3,3,0,0,3,0,31
POA3890,0,0,0,4,0,0,0,0,0,4,0,0,0,0,0,0,0,0,0,0,0,0,0,0,0,0,0,0,0,0,0,0,0,0,0,0,0,0,0,5,14,10,8,9,8,0,3,10,0,61
POA3891,0,0,0,0,0,0,0,0,0,0,0,0,0,0,0,0,0,0,0,0,0,0,0,0,0,0,0,0,0,0,0,0,0,0,0,0,0,0,0,0,12,8,0,0,0,3,0,6,0,30
POA3892,5,0,8,3,0,3,0,7,0,20,0,0,0,0,0,0,0,0,0,0,0,0,0,3,0,0,0,0,0,9,4,0,4,0,0,0,0,5,0,17,57,79,55,41,29,13,3,42,0,326
POA3893,0,0,0,0,0,0,0,0,0,0,0,0,0,0,0,0,0,0,0,0,0,0,0,0,0,0,0,0,0,0,0,0,0,0,0,0,0,0,0,0,9,4,0,0,3,0,0,0,0,14
POA3895,0,0,0,0,0,0,0,0,0,0,0,0,0,0,0,0,0,0,0,0,0,0,0,0,4,0,0,0,0,5,5,0,0,0,0,0,0,0,6,6,28,9,7,4,5,0,4,8,6,60
POA3896,0,0,0,0,4,0,0,0,0,8,0,0,0,0,0,0,0,0,0,0,0,0,0,0,0,0,0,0,0,0,0,0,0,0,0,0,0,0,4,11,31,27,10,8,10,0,3,4,9,108
POA3898,4,0,8,3,0,0,0,0,0,20,0,0,0,0,0,0,0,0,0,0,6,0,0,0,0,0,0,0,0,3,0,0,3,0,0,0,0,0,0,9,58,32,29,29,19,7,11,26,3,218
POA3900,0,0,0,0,0,0,0,0,0,0,0,0,0,0,0,0,0,0,0,0,0,0,0,0,0,0,0,0,0,0,3,0,0,0,0,0,0,0,0,3,14,3,0,3,0,4,4,8,0,30
POA3902,0,0,6,0,0,5,0,0,0,14,0,0,0,0,0,0,0,0,0,0,3,0,0,0,0,0,0,0,0,7,0,0,0,0,0,0,0,5,0,4,22,12,24,18,7,0,0,10,0,99
POA3903,5,0,0,0,5,0,0,4,0,16,0,0,0,0,0,0,0,0,0,0,0,0,0,0,0,0,0,0,0,5,0,0,0,0,5,0,0,0,6,15,27,42,35,31,30,9,9,18,15,218
POA3904,8,0,8,3,3,3,0,3,0,34,0,0,0,0,0,0,0,0,0,0,0,0,0,0,3,0,0,0,0,10,0,0,8,0,0,5,0,3,5,20,85,130,86,71,64,32,14,37,6,532
POA3909,27,7,46,29,16,16,0,25,4,175,0,0,0,0,0,0,0,0,0,0,8,13,0,3,5,0,3,3,0,27,8,4,9,14,3,8,7,15,14,84,279,398,304,337,183,102,72,175,49,1883
POA3910,54,11,146,95,77,46,17,40,3,479,0,0,0,0,0,0,0,3,0,9,12,16,17,20,24,7,8,11,3,116,20,11,31,11,26,16,17,20,24,177,1007,1975,1866,1131,1103,498,341,465,121,8512
POA3911,10,0,22,5,14,5,6,10,0,68,0,0,0,0,0,0,4,0,0,0,3,3,4,4,0,0,5,0,0,21,3,0,13,0,0,0,4,8,3,33,161,254,323,142,140,54,52,83,19,1232
POA3912,36,7,107,52,46,31,10,41,4,339,0,0,0,0,0,0,0,0,0,3,16,11,18,6,7,6,0,11,7,81,15,8,25,27,16,11,10,16,22,142,642,1174,1236,743,661,261,212,343,70,5348
POA3913,8,0,21,17,7,5,9,19,0,82,0,0,0,0,0,0,0,0,0,0,0,0,5,3,8,0,0,0,0,16,6,3,4,0,5,4,0,4,3,25,164,282,277,154,129,57,48,85,9,1211
POA3915,24,10,74,44,28,19,13,27,6,230,0,0,0,0,0,0,0,0,0,0,8,3,13,0,5,9,0,4,0,38,3,5,24,7,6,0,9,25,16,90,323,434,661,463,300,141,146,283,53,2805
POA3916,4,0,3,4,0,0,0,0,0,9,0,0,0,0,0,0,0,0,0,0,4,0,0,0,0,0,0,0,0,8,4,0,0,0,0,0,0,0,0,4,95,126,53,13,29,8,6,14,4,350
POA3918,3,0,23,10,10,11,4,11,0,80,0,0,0,0,0,0,0,0,0,0,4,3,8,4,0,0,0,0,0,17,0,5,9,5,0,0,3,8,5,36,167,284,328,208,129,64,50,92,23,1344
POA3919,3,0,19,10,9,3,4,6,0,54,0,0,0,0,0,0,0,0,0,0,0,0,4,0,4,0,4,0,0,14,4,0,5,3,6,0,3,0,9,36,105,176,279,178,123,54,54,80,23,1068
POA3920,0,0,15,18,0,0,0,0,0,32,0,0,0,0,0,0,0,0,0,0,0,0,8,7,0,0,0,0,0,17,0,0,0,7,0,0,0,0,0,10,37,51,229,170,6,5,0,3,0,506
POA3921,0,0,0,0,0,0,0,0,0,0,0,0,0,0,0,0,0,0,0,0,0,0,0,0,0,0,0,0,0,0,0,0,0,0,0,0,0,0,0,0,18,8,0,0,0,0,0,0,3,37
POA3922,38,4,81,24,8,32,8,24,3,219,0,0,0,0,0,0,0,0,0,0,7,8,8,7,4,4,0,4,0,52,13,7,23,12,11,4,0,20,6,95,413,659,485,391,253,204,57,217,51,2723
POA3923,0,0,3,4,0,4,0,0,0,12,0,0,0,0,0,0,0,0,0,0,0,0,0,0,0,0,0,0,0,0,0,0,0,0,0,3,0,0,0,5,55,45,36,17,27,15,6,18,3,214
POA3925,16,3,32,11,13,8,0,6,0,90,0,0,0,0,0,0,0,0,0,0,3,11,0,7,0,0,0,3,0,19,7,3,11,3,4,3,0,7,7,40,236,404,247,186,135,73,42,90,23,1427
POA3926,4,0,17,0,11,0,3,3,0,41,0,0,0,0,0,0,0,0,0,0,10,4,0,3,0,0,0,0,3,28,11,3,4,3,4,3,0,0,3,29,266,390,183,107,108,49,23,55,18,1194
POA3927,3,0,7,7,3,3,0,0,0,28,0,0,0,0,0,0,0,0,0,0,0,6,3,5,0,0,0,0,0,12,0,3,0,6,4,0,0,9,5,24,106,232,92,63,61,37,13,27,8,645
POA3928,0,0,0,0,0,3,0,4,0,9,0,0,0,0,0,0,0,0,0,0,0,0,0,0,0,0,0,0,0,0,0,0,0,0,0,0,0,0,0,3,55,60,23,9,10,7,5,3,5,173
POA3929,0,0,4,0,0,0,0,5,0,8,0,0,0,0,0,0,0,0,0,0,0,0,0,0,0,0,0,0,0,8,4,0,0,0,0,0,0,0,0,11,97,123,23,18,32,22,3,17,6,346
POA3930,34,16,76,30,31,16,3,6,3,230,0,0,0,0,0,0,0,0,0,0,17,24,7,10,28,0,0,3,7,103,25,16,11,14,15,11,4,10,24,126,1608,2381,748,500,721,365,78,151,98,6645
POA3931,63,12,155,79,57,40,7,38,6,455,0,4,0,0,0,0,0,0,0,7,26,28,14,27,9,5,11,12,0,120,17,16,40,22,21,9,9,30,25,184,1305,2266,1283,988,859,435,155,369,104,7766
POA3933,0,0,3,4,4,3,0,4,0,22,0,0,0,0,0,0,0,0,0,0,0,0,0,0,0,0,0,0,0,8,0,0,8,0,0,0,0,0,0,11,91,102,70,22,39,11,11,21,4,372
POA3934,49,14,93,57,46,32,0,22,0,321,0,0,0,0,0,0,0,0,0,0,29,24,14,13,15,7,0,5,3,110,34,19,29,12,16,5,0,9,16,148,1361,2108,955,719,729,401,117,236,105,6732
POA3936,38,3,96,37,33,29,13,24,3,263,0,0,0,0,0,0,0,0,0,0,8,12,4,13,17,9,0,5,0,61,20,12,36,16,8,9,9,16,19,145,645,971,784,469,427,262,97,195,76,3913
POA3937,7,0,3,0,4,0,0,0,0,24,0,0,0,0,0,0,0,0,0,0,5,0,5,0,3,3,0,0,0,16,0,0,0,0,0,3,0,0,3,12,165,240,64,47,40,26,8,13,14,623
POA3938,4,4,16,11,11,9,0,6,0,53,0,0,0,0,0,0,0,0,0,0,7,4,0,4,5,0,5,0,0,29,4,0,10,6,5,4,4,3,4,43,165,296,194,108,111,61,31,50,15,1023
POA3939,38,7,127,46,33,32,12,36,6,326,0,0,0,0,0,4,0,0,0,3,11,11,5,17,8,3,0,11,0,63,18,12,22,22,21,18,10,16,11,151,577,1028,884,637,419,278,130,296,79,4332
POA3940,19,0,40,14,3,3,3,13,0,103,0,0,0,0,0,0,0,0,0,0,4,4,0,0,3,0,0,0,0,20,4,0,6,3,4,8,5,9,7,46,131,203,223,172,95,74,38,96,27,1053
POA3941,40,8,107,50,25,37,9,40,0,315,0,0,0,0,0,0,0,3,0,6,13,20,16,9,0,0,0,0,6,62,14,3,30,15,11,21,6,14,11,131,652,1003,837,504,373,233,90,243,67,4008
POA3942,7,3,15,13,6,6,0,0,0,46,0,0,0,0,0,0,0,0,0,0,5,3,5,5,0,0,0,4,0,13,12,0,9,8,3,0,0,3,6,32,172,246,120,62,70,66,10,37,16,795
POA3943,5,0,8,3,3,0,0,0,0,21,0,0,0,0,0,0,0,0,0,0,0,9,0,0,0,0,0,0,0,12,7,0,3,0,6,7,0,0,5,21,162,188,61,30,48,40,3,11,15,563
POA3944,3,0,5,0,0,0,0,0,0,5,0,0,0,0,0,0,0,0,0,0,4,0,0,0,0,0,0,0,0,4,0,0,0,0,4,6,0,0,0,5,80,84,13,6,14,19,0,5,7,226
POA3945,3,0,5,4,0,0,0,5,0,21,0,0,0,0,0,0,0,0,0,0,5,0,0,0,0,0,0,0,0,4,5,0,8,0,4,0,0,4,4,16,85,76,59,41,35,11,18,27,8,357
POA3946,0,0,4,0,0,0,0,0,0,9,0,0,0,0,0,0,0,0,0,0,0,0,0,0,0,0,0,0,0,0,0,0,0,0,0,0,0,0,4,0,30,28,17,11,10,0,3,7,3,102
POA3950,10,0,27,15,9,14,8,13,0,89,0,0,0,0,0,0,0,0,0,0,7,0,3,3,0,0,4,0,4,27,11,4,10,9,3,3,3,9,0,52,199,276,274,218,118,87,103,127,21,1429
POA3951,4,0,7,0,3,0,0,0,0,17,0,0,0,0,0,0,0,0,0,0,4,0,0,0,0,0,0,0,0,7,0,0,0,0,0,0,0,0,0,3,81,77,59,38,36,15,13,19,5,338
POA3953,20,7,45,18,17,13,6,25,3,147,0,0,0,0,0,0,0,0,0,3,3,4,3,0,7,0,3,4,0,22,11,5,14,4,5,7,9,7,9,75,353,568,435,294,225,120,109,157,29,2287
POA3954,0,0,0,0,0,0,0,0,0,5,0,0,0,0,0,0,0,0,0,0,0,0,0,5,0,0,0,0,0,3,0,0,0,0,0,0,0,0,0,0,29,38,27,13,8,13,13,3,0,145
POA3956,12,0,17,3,6,5,3,3,0,54,0,0,0,0,0,0,0,0,0,0,5,7,4,0,3,0,0,0,0,15,7,3,6,5,0,0,3,7,3,35,202,216,143,92,77,39,27,65,23,877
POA3957,0,0,3,0,0,0,0,0,0,0,0,0,0,0,0,0,0,0,0,0,0,0,0,0,0,0,0,0,0,0,0,0,0,0,0,0,0,0,0,4,26,14,11,16,12,3,8,5,0,101
POA3958,0,0,0,0,0,3,0,0,0,6,0,0,0,0,0,0,0,0,0,0,0,0,0,0,0,0,0,0,0,0,0,0,0,0,0,0,0,0,0,5,28,18,3,10,7,4,10,3,0,83
POA3959,3,0,9,0,3,0,0,3,0,17,0,0,0,0,0,0,0,0,0,0,0,0,0,0,0,0,0,0,0,9,5,4,0,0,0,0,0,3,5,12,90,100,64,30,34,13,8,23,9,374
POA3960,9,0,10,7,5,3,0,6,0,44,0,0,0,0,0,0,0,0,0,0,0,0,0,5,0,0,0,0,0,9,4,0,5,0,5,6,5,3,0,26,156,174,90,84,62,35,30,64,10,706
POA3962,0,0,7,0,0,3,0,4,0,23,0,0,0,0,0,0,0,0,0,0,0,5,0,0,0,0,0,0,0,5,0,0,0,4,0,0,0,3,3,12,45,50,38,39,17,15,12,24,9,252
POA3964,3,0,0,0,0,0,0,0,0,6,0,0,0,0,0,0,0,0,0,0,0,0,0,0,0,0,0,0,0,0,0,0,0,0,0,0,0,0,0,0,9,6,11,8,10,4,3,12,0,56
POA3965,0,0,0,0,0,0,0,0,0,3,0,0,0,0,0,0,0,0,0,0,0,0,0,0,0,0,0,0,0,0,0,0,0,0,0,0,0,0,0,10,9,9,12,0,6,0,0,11,0,48
POA3966,0,0,6,0,0,0,0,3,0,11,0,0,0,0,0,0,0,0,0,0,0,0,0,0,0,0,0,0,0,3,3,0,0,0,0,0,0,0,0,7,34,23,16,12,9,8,13,17,0,152
POA3967,0,0,0,0,0,0,0,0,0,3,0,0,0,0,0,0,0,0,0,0,0,0,0,0,0,0,0,0,0,0,0,0,0,0,0,0,0,0,0,0,17,3,3,0,0,0,0,5,0,24
POA3971,9,0,20,3,6,11,0,13,0,59,0,0,0,0,0,0,0,0,0,0,3,0,0,0,0,0,6,3,0,12,4,0,13,6,5,0,4,8,6,52,186,179,174,145,89,58,62,106,20,1016
POA3975,41,5,90,55,38,22,33,48,8,336,0,0,0,0,0,0,0,5,0,5,20,17,21,21,15,10,13,14,3,138,14,11,25,18,19,3,23,18,46,180,704,1751,833,805,868,326,477,438,155,6359
POA3976,26,7,112,65,48,35,47,73,10,416,0,0,4,0,0,0,0,3,0,9,10,11,17,25,14,10,29,7,3,134,12,13,42,25,18,24,41,58,63,281,485,1135,1200,1074,835,393,690,731,177,6719
POA3977,238,69,667,376,325,246,329,308,26,2586,0,7,0,0,6,3,6,6,0,31,98,75,99,112,82,38,114,92,24,735,81,70,192,127,81,49,146,113,233,1091,4040,7798,6516,5763,4590,2144,3035,2806,706,37408
POA3978,111,28,349,171,122,90,231,131,16,1245,0,0,0,0,0,0,3,0,0,15,32,27,27,60,48,22,54,31,5,307,31,31,59,35,42,27,54,38,81,397,1791,4108,2525,2514,2028,965,1363,1104,297,16696
POA3979,0,0,0,0,0,0,0,0,0,0,0,0,0,0,0,0,0,0,0,0,3,0,0,0,0,0,0,0,0,4,0,0,3,0,0,0,0,0,0,5,36,25,27,14,14,3,6,5,0,122
POA3980,4,0,15,10,13,4,5,5,0,67,0,0,0,0,0,0,0,0,0,0,0,4,0,0,0,0,6,0,0,17,3,3,4,0,4,6,8,4,10,35,123,165,286,145,137,66,80,96,20,1117
POA3981,12,0,35,9,24,10,0,20,0,115,0,0,0,0,0,0,0,0,0,0,4,3,0,0,0,0,0,0,6,21,5,4,11,4,3,5,10,9,9,58,222,216,391,217,192,85,118,147,24,1611
POA3984,18,4,46,13,15,20,19,17,0,144,0,0,0,0,0,0,0,5,0,0,5,8,4,7,4,0,7,0,0,30,9,0,24,10,8,17,14,5,13,104,251,348,488,283,220,128,163,164,42,2091
POA3987,4,0,4,3,4,8,5,3,0,34,0,0,0,0,0,0,0,0,0,0,0,0,0,3,0,0,0,0,0,5,4,0,5,0,6,0,3,0,8,22,79,78,118,64,59,22,38,38,9,509
POA3988,0,0,9,0,0,0,0,0,0,14,0,0,0,0,0,0,0,0,0,0,4,0,0,0,0,0,0,0,0,6,0,0,5,0,0,0,0,0,0,8,87,70,60,26,40,9,20,29,4,342
POA3990,0,0,0,0,0,0,0,0,0,4,0,0,0,0,0,0,0,0,0,0,0,0,0,0,0,0,0,0,0,0,0,0,3,0,0,0,0,0,0,6,9,7,7,7,0,4,3,4,0,41
POA3991,0,0,0,0,0,0,0,0,0,5,0,0,0,0,0,0,0,0,0,0,0,0,0,0,0,0,0,0,0,0,0,0,5,0,0,0,3,0,0,12,17,9,15,19,12,10,8,5,0,98
POA3992,7,0,7,0,0,4,0,4,0,40,0,0,0,0,0,0,0,0,0,0,0,0,0,0,0,0,0,0,0,0,0,0,0,0,0,0,0,5,0,20,66,86,62,67,35,23,19,48,6,415
POA3995,32,3,67,37,24,29,9,31,0,238,0,0,0,0,0,0,0,0,0,0,8,11,3,5,4,5,0,4,4,43,8,3,24,3,9,13,10,26,14,111,365,654,549,456,267,206,116,231,46,2894
POA3996,18,0,46,17,5,3,0,12,0,107,0,0,0,0,0,0,0,0,0,0,5,0,4,4,0,0,0,0,0,20,17,7,10,8,9,7,0,0,9,65,339,670,288,198,204,82,33,94,33,1943
