POA_CODE_2021,P_OthServ_0,P_OthServ_1_19,P_OthServ_20_29,P_OthServ_30_34,P_OthServ_35_39,P_OthServ_40_44,P_OthServ_45_49,P_OthServ_50_over,P_OthServ_hours_NS,P_OthServ_Tot,P_ID_NS_0,P_ID_NS_1_19,P_ID_NS_20_29,P_ID_NS_30_34,P_ID_NS_35_39,P_ID_NS_40_44,P_ID_NS_45_49,P_ID_NS_50_over,P_ID_NS_hours_NS,P_ID_NS_Tot,P_Tot_0,P_Tot_1_19,P_Tot_20_29,P_Tot_30_34,P_Tot_35_39,P_Tot_40_44,P_Tot_45_49,P_Tot_50_over,P_Tot_hours_NS,P_Tot_Tot
POA3000,51,137,213,38,111,80,13,19,9,677,71,177,193,63,163,174,23,57,248,1163,1479,4674,4482,1533,5294,5351,953,1609,515,25902
POA3002,3,13,6,8,26,17,3,17,0,91,4,11,8,5,8,19,3,15,11,85,127,368,261,203,530,777,215,570,29,3078
POA3003,16,26,25,15,20,24,6,10,0,138,6,24,27,8,44,43,8,11,38,214,254,669,699,305,1139,1317,308,502,68,5262
POA3004,11,27,21,14,38,42,6,11,3,168,12,30,24,17,53,84,18,35,45,317,266,704,699,426,1522,1860,451,926,78,6939
POA3006,32,66,66,26,78,54,12,15,4,353,19,61,66,31,150,145,23,46,123,671,732,1826,1977,826,3703,4115,777,1442,223,15613
POA3008,14,50,41,19,33,40,11,21,3,226,14,37,34,13,76,91,11,29,63,372,479,940,953,477,2072,2980,462,952,122,9443
POA3011,25,61,61,42,68,68,14,34,3,381,19,51,65,24,93,124,15,41,107,544,680,1584,1542,1030,2892,2888,782,1345,172,12913
POA3012,40,64,66,37,112,63,30,41,0,462,28,58,74,30,125,122,23,48,124,635,731,1705,1612,1161,3336,3392,900,1531,239,14603
POA3013,30,31,30,26,58,38,17,24,0,249,15,21,19,21,53,81,15,57,35,320,470,1021,889,662,1690,2164,649,1375,78,8999
POA3015,21,42,42,35,56,46,13,48,3,307,10,31,29,16,73,73,25,44,38,347,531,1176,985,761,1846,2458,753,1572,96,10185
POA3016,17,42,35,18,35,41,19,36,0,248,11,28,20,19,28,69,8,40,27,271,441,1192,888,662,1276,1787,596,1353,62,8257
POA3018,14,31,27,16,43,29,19,23,3,208,7,27,18,13,53,55,13,28,56,264,345,834,676,484,1376,1603,419,889,91,6710
POA3019,21,28,34,24,34,24,4,8,6,178,11,41,32,16,75,50,0,12,83,314,253,615,587,314,1119,882,172,281,123,4341
POA3020,68,128,140,68,150,117,29,35,15,739,34,139,158,94,331,203,42,74,273,1351,899,2536,2605,1451,4840,3814,887,1383,508,18907
POA3021,90,202,230,60,196,155,36,39,18,1021,52,206,178,104,426,250,49,79,366,1709,934,3161,2881,1603,5237,3771,808,1174,679,20252
POA3022,3,4,10,0,11,3,0,5,0,49,6,6,9,11,34,10,4,5,24,108,63,168,166,115,326,299,67,111,43,1355
POA3023,69,192,171,85,257,212,43,86,14,1140,61,171,158,93,402,334,60,102,368,1754,1455,4086,3352,2250,7345,6717,1417,2356,699,29670
POA3024,32,71,46,32,130,93,14,33,5,459,24,60,68,39,180,208,30,45,178,829,690,1776,1669,1152,4292,4046,695,1109,345,15772
POA3025,20,36,30,14,28,55,16,7,3,203,7,17,32,20,60,53,12,15,63,283,289,585,571,423,1187,1350,332,629,116,5482
POA3026,6,14,28,8,40,32,6,6,0,142,4,19,21,17,64,44,6,9,48,241,188,489,451,304,1102,909,197,317,89,4046
POA3027,3,21,17,10,25,12,0,4,0,104,3,20,27,11,58,58,5,18,69,268,197,544,584,337,1204,1403,201,398,124,4976
POA3028,32,76,86,47,96,108,19,30,9,504,30,48,57,31,133,141,23,57,128,640,693,1774,1530,970,3099,3056,678,1216,276,13291
POA3029,113,250,267,132,450,313,89,117,29,1753,107,303,356,212,758,619,87,171,842,3462,2512,7171,7555,4466,15304,13309,2523,4205,1685,58728
POA3030,144,265,224,127,388,332,89,137,23,1725,91,253,263,142,608,558,97,206,522,2737,2596,6884,5886,4160,13605,14193,3069,5237,1039,56670
POA3031,21,55,31,27,52,48,8,25,0,268,8,46,24,20,92,62,20,31,49,359,502,1241,1059,783,2147,2377,697,1260,108,10189
POA3032,42,75,66,35,100,86,22,43,0,468,25,64,58,28,155,112,25,63,109,639,883,2087,1851,1253,3656,3816,1068,2018,204,16835
POA3033,24,43,27,19,37,37,15,32,0,254,20,27,31,16,60,58,9,26,54,297,367,1012,738,510,1476,1542,406,829,109,6984
POA3034,16,45,29,11,39,33,14,21,6,215,15,35,21,17,59,48,4,20,58,274,295,719,631,354,1145,1231,288,587,115,5368
POA3036,5,15,10,3,16,23,3,17,0,102,8,14,10,10,23,36,3,19,24,151,154,429,346,221,505,680,167,404,38,2947
POA3037,73,136,112,77,218,175,42,80,7,920,48,122,106,65,293,262,50,97,255,1304,1187,3502,2867,1896,6181,5713,1251,2219,564,25376
POA3038,43,71,74,39,103,93,24,43,5,492,24,65,49,34,110,135,39,30,138,616,673,1961,1547,978,2954,2787,715,1293,239,13144
POA3039,24,38,35,23,39,27,19,26,0,241,9,39,38,18,84,62,8,40,47,342,461,1167,1025,688,1885,2225,618,1262,91,9434
POA3040,29,63,61,36,81,80,16,44,0,403,20,61,46,28,104,121,32,71,95,571,756,2118,1677,1075,2811,3399,906,2048,200,14985
POA3041,12,26,33,14,39,44,14,27,0,215,11,16,28,17,58,59,13,35,51,284,341,1006,813,528,1334,1536,465,879,102,7002
POA3042,30,48,42,24,52,58,13,40,11,308,15,30,33,6,86,79,17,30,50,355,492,1090,917,613,1865,1909,490,1037,115,8531
POA3043,28,61,49,26,57,83,13,25,0,346,13,42,45,13,72,60,18,28,77,367,429,1018,906,595,1859,1811,462,809,141,8026
POA3044,37,73,74,40,103,92,23,48,5,493,22,44,59,30,126,122,22,57,92,579,808,1975,1733,1202,3256,3551,941,1701,225,15393
POA3045,0,0,0,0,0,0,0,0,0,0,0,0,0,0,0,0,0,0,0,0,0,3,0,0,0,0,0,0,0,3
POA3046,50,66,99,52,144,100,19,42,3,569,26,85,84,40,187,153,17,65,168,824,857,2168,2311,1386,4248,3898,868,1475,325,17533
POA3047,13,40,33,18,56,41,10,18,10,235,23,59,67,28,113,76,11,21,131,538,304,1033,1079,552,1526,1152,242,387,244,6531
POA3048,22,30,33,18,34,41,3,11,0,202,16,53,37,22,86,74,19,21,123,456,255,802,694,459,1299,1020,214,340,233,5313
POA3049,14,32,22,13,36,38,8,8,0,179,9,18,17,11,42,39,6,18,38,196,272,637,562,344,1091,986,253,482,86,4710
POA3051,16,42,23,27,43,38,15,23,0,220,17,23,37,17,60,61,12,37,52,321,412,1271,924,573,1718,1864,510,950,99,8321
POA3052,7,37,12,5,16,5,4,12,0,102,13,19,23,6,15,19,8,12,23,130,358,1082,447,210,604,680,182,372,38,3980
POA3053,23,49,51,15,42,29,10,15,0,228,19,61,61,15,48,57,14,30,77,376,540,1796,1204,529,1516,1656,381,731,142,8499
POA3054,17,13,32,18,17,27,6,19,0,145,10,15,9,11,19,46,10,16,27,170,281,757,512,433,844,1133,348,756,60,5130
POA3055,19,36,33,36,62,59,16,18,0,277,16,36,29,22,68,69,14,26,47,320,474,1239,1028,737,1868,1931,527,956,104,8863
POA3056,33,76,74,48,122,73,19,28,0,478,22,47,52,32,96,124,33,63,85,555,783,2079,1731,1359,3264,3677,1010,1795,173,15877
POA3057,25,42,33,18,53,53,13,20,0,265,8,38,24,22,57,84,19,40,39,330,434,1055,845,682,2013,2183,599,1049,76,8945
POA3058,63,81,64,47,148,105,27,40,7,581,31,82,47,39,157,132,27,56,101,663,1071,2690,2263,1681,3845,4064,1045,1926,207,18787
POA3059,32,62,56,28,77,66,16,28,8,375,26,57,40,25,98,118,18,34,100,511,543,1496,1133,731,2367,2339,568,1013,230,10419
POA3060,9,41,33,14,57,34,9,6,4,213,13,39,47,20,68,47,16,12,89,348,286,862,805,451,1286,1136,259,374,181,5645
POA3061,9,15,5,12,14,10,3,5,0,84,4,3,7,9,31,22,0,6,32,109,77,232,184,111,335,287,59,113,57,1451
POA3062,0,0,0,0,0,0,0,0,0,0,0,0,0,0,0,0,0,0,0,0,0,5,0,0,3,0,0,0,0,6
POA3063,5,4,0,0,0,6,0,0,0,14,0,0,0,0,0,0,0,4,0,9,21,43,36,8,54,55,16,57,3,284
POA3064,122,220,274,97,428,328,71,103,22,1669,80,302,272,162,708,547,95,153,632,2957,2026,6399,5972,3733,12687,10346,2159,3529,1318,48172
POA3065,9,32,16,12,38,31,7,18,0,174,9,28,19,15,38,61,17,39,45,273,287,682,596,445,1122,1461,479,1029,88,6186
POA3066,17,17,25,12,30,28,5,11,0,139,8,28,22,13,45,68,9,30,37,265,276,555,477,396,1225,1585,474,843,64,5889
POA3067,12,23,33,10,36,25,12,17,0,160,15,12,17,12,43,67,7,35,32,243,294,597,564,398,1435,1622,444,805,61,6224
POA3068,22,54,38,27,71,55,16,32,0,325,9,51,30,27,63,87,25,49,43,385,540,1493,1156,929,2092,2712,865,1739,91,11618
POA3070,44,70,63,46,81,68,18,33,0,427,21,62,53,39,86,130,26,54,54,517,758,1998,1631,1294,2781,3303,1061,1980,115,14919
POA3071,33,62,45,33,78,61,8,26,9,353,15,29,35,24,70,73,15,46,59,364,591,1465,1302,979,2220,2407,707,1226,116,10997
POA3072,62,88,80,51,120,92,18,45,9,561,28,82,80,48,140,157,29,58,130,747,962,2519,2230,1558,3993,4033,1040,1694,269,18295
POA3073,71,137,128,56,185,183,43,56,19,875,50,134,116,73,259,219,45,86,255,1235,1264,3221,3097,2002,5673,5278,1320,2032,505,24395
POA3074,22,58,56,26,69,43,16,27,7,323,15,55,51,36,166,95,16,20,107,553,313,1145,1083,638,2056,1533,323,515,233,7836
POA3075,25,74,57,24,74,71,20,19,11,372,26,66,55,38,143,115,11,30,124,604,406,1309,1173,732,2371,1790,383,619,253,9046
POA3076,46,83,84,42,139,116,26,43,10,588,36,101,81,50,231,180,27,44,144,892,682,2019,1891,1174,3986,3258,638,1072,314,15040
POA3078,13,46,30,17,47,23,8,11,3,202,5,24,11,14,35,45,16,29,31,219,371,978,773,615,1285,1536,472,916,64,7013
POA3079,11,49,31,27,49,39,9,28,0,246,3,42,34,24,55,71,13,40,33,319,432,1440,1015,716,1557,2147,561,1365,69,9308
POA3081,22,45,35,30,66,32,9,18,0,262,11,38,28,18,71,42,9,26,66,307,385,952,797,561,1506,1438,361,596,132,6732
POA3082,42,91,68,42,129,103,28,33,0,536,27,82,61,30,182,133,25,42,150,732,698,2010,1681,1128,3473,3133,707,1170,273,14266
POA3083,33,90,74,40,110,112,39,40,7,545,20,97,85,35,167,134,30,50,138,763,797,2501,2014,1215,3404,3141,746,1209,271,15305
POA3084,28,66,61,32,68,79,21,43,8,395,28,43,48,36,81,100,21,41,64,468,707,1961,1562,1122,2510,3141,825,1735,133,13701
POA3085,18,33,27,20,36,34,8,14,4,189,6,27,18,14,37,51,8,25,38,227,361,1000,785,568,1357,1790,518,791,73,7253
POA3087,20,29,16,13,35,40,3,12,0,168,14,16,14,12,33,31,7,19,17,158,286,634,525,368,962,1104,244,468,43,4637
POA3088,33,74,64,39,94,98,20,59,0,486,12,60,46,19,76,109,23,49,44,444,746,2014,1581,1088,2608,3139,896,1601,113,13779
POA3089,26,44,42,12,39,65,10,26,3,261,16,34,24,16,52,67,17,27,40,288,415,1066,817,560,1218,1596,466,837,80,7063
POA3090,0,12,13,5,4,8,0,8,0,62,0,7,4,5,4,7,5,19,9,55,79,224,174,91,205,308,87,240,7,1406
POA3091,4,3,6,4,9,9,0,3,0,41,0,0,3,0,8,17,0,4,4,44,40,143,116,68,138,203,46,113,13,877
POA3093,3,11,12,6,12,14,0,14,0,68,3,7,6,4,7,26,0,11,10,78,118,301,217,157,318,402,126,284,23,1952
POA3094,12,23,24,11,30,29,10,12,4,145,7,18,11,16,23,39,11,16,25,161,252,721,562,410,876,1047,283,543,37,4736
POA3095,38,89,74,46,85,102,21,57,9,510,13,70,38,37,79,118,32,61,54,494,827,2477,1761,1198,2378,3242,986,1978,128,14975
POA3096,7,8,10,3,3,7,3,3,0,47,0,9,0,0,10,7,5,6,4,30,56,168,121,72,177,252,54,132,8,1039
POA3097,0,19,8,0,3,6,0,0,0,40,0,6,9,0,0,9,0,5,3,43,46,161,96,53,99,162,48,112,17,796
POA3099,11,15,22,4,19,18,4,12,0,107,6,14,5,10,9,20,3,10,14,79,156,444,321,250,387,548,154,348,39,2649
POA3101,30,64,38,32,56,43,12,36,0,315,27,77,49,27,77,99,22,76,84,531,583,2127,1395,961,1977,2644,793,2063,163,12700
POA3102,9,24,11,4,13,9,3,8,0,86,4,17,10,13,18,29,5,15,12,126,166,598,401,233,525,735,228,537,25,3449
POA3103,11,28,34,14,34,29,8,16,0,185,16,49,27,19,50,77,15,32,52,333,299,1270,876,538,1230,1594,376,888,81,7154
POA3104,23,59,28,24,47,39,9,18,7,253,23,54,45,26,61,86,25,52,67,442,425,1838,1202,725,1659,2232,570,1334,142,10130
POA3105,22,42,34,23,33,27,8,10,0,200,10,19,15,14,43,42,8,19,36,209,255,808,630,383,1008,1207,337,565,80,5276
POA3106,15,41,40,24,53,45,6,24,0,259,12,58,29,13,60,61,11,46,52,348,364,1326,949,601,1377,1720,374,950,107,7764
POA3107,20,37,29,23,33,47,8,16,0,213,17,39,17,14,47,61,12,26,50,281,318,1027,780,525,1233,1424,317,747,78,6457
POA3108,27,87,63,28,72,73,9,26,5,393,21,70,52,38,113,106,17,45,107,568,541,1813,1427,898,2534,2529,535,1077,207,11568
POA3109,31,101,79,40,91,97,21,41,8,505,36,81,74,37,138,132,20,50,111,685,626,2327,1740,1055,2982,3298,648,1244,183,14104
POA3111,11,38,34,23,47,43,14,24,0,229,9,48,29,23,51,50,8,39,35,285,262,1048,727,422,1086,1269,314,751,76,5957
POA3113,12,33,28,12,15,38,9,19,0,165,9,33,13,12,27,37,4,29,16,170,256,880,547,356,613,928,267,698,32,4563
POA3114,5,13,8,0,6,9,5,5,0,53,7,16,10,3,11,8,3,3,8,73,104,408,239,156,261,363,123,340,18,2016
POA3115,10,16,10,6,6,17,0,8,0,74,4,13,4,9,19,27,7,19,10,99,114,405,284,166,294,447,115,330,17,2168
POA3116,29,50,34,25,57,57,16,28,4,296,11,39,19,14,63,61,9,26,41,281,339,994,687,462,1214,1285,386,691,82,6136
POA3121,47,88,77,57,107,108,36,57,9,581,24,71,45,42,134,170,33,106,96,729,839,1996,1628,1285,4328,5420,1678,3425,193,20792
POA3122,33,54,61,26,66,49,13,15,0,321,18,63,43,25,76,119,15,70,75,500,658,1928,1368,849,2323,3122,838,1941,150,13181
POA3123,13,40,24,15,36,23,7,13,0,177,8,32,24,8,64,77,8,43,30,293,350,1156,858,573,1518,2040,608,1301,64,8462
POA3124,9,51,47,22,40,54,10,29,5,261,21,50,34,21,65,67,18,49,57,376,492,1844,1296,853,1626,2348,691,1753,113,11014
POA3125,14,43,36,22,46,41,5,15,0,228,17,44,41,7,70,51,10,23,70,344,374,1398,989,534,1439,1540,345,669,121,7410
POA3126,4,26,11,5,14,18,3,12,0,95,4,28,12,12,12,37,4,28,19,161,182,735,403,256,475,728,201,676,45,3699
POA3127,14,53,31,23,38,40,13,26,0,243,13,35,28,22,53,73,13,32,48,309,424,1721,1141,685,1544,2089,633,1498,81,9830
POA3128,24,60,80,33,82,63,15,19,0,384,19,80,82,37,86,106,16,28,120,575,524,1850,1737,912,2359,2302,515,892,176,11258
POA3129,23,47,52,20,50,45,14,26,0,271,14,55,62,22,66,82,9,25,54,387,427,1467,1163,740,1682,1998,469,876,101,8928
POA3130,35,115,85,50,101,95,23,45,0,553,19,79,62,31,137,130,29,48,100,644,780,2685,1963,1272,3206,3695,919,1790,182,16494
POA3131,27,64,49,34,88,78,16,31,0,393,19,63,39,22,94,96,13,39,72,450,508,1662,1415,845,2501,2440,569,1017,143,11103
POA3132,16,39,39,23,61,57,20,28,0,281,5,37,31,24,80,86,12,21,51,349,418,1246,997,726,1900,2091,532,895,96,8910
POA3133,28,65,59,36,76,64,27,31,4,381,16,56,55,43,102,96,23,36,59,478,448,1761,1270,877,2219,2342,606,1012,124,10661
POA3134,50,104,87,45,141,123,38,71,0,658,28,83,52,38,186,133,54,82,107,762,838,2690,2116,1393,3743,3941,1086,1963,226,17999
POA3135,23,77,55,36,58,77,25,34,3,390,16,45,38,20,97,87,14,36,67,419,522,1611,1234,814,2106,2368,649,1101,138,10542
POA3136,70,136,119,72,206,186,44,88,7,931,40,101,86,47,244,233,47,85,135,1014,1207,3298,2659,1940,4908,5268,1418,2434,259,23386
POA3137,14,52,48,25,55,74,17,34,0,316,9,43,14,22,104,102,17,19,50,386,415,1042,823,599,1685,1703,424,752,101,7556
POA3138,40,83,78,35,106,129,23,65,5,573,22,62,27,37,168,135,26,48,101,628,597,1663,1357,948,2683,2588,712,1213,198,11955
POA3139,34,72,59,23,67,89,28,51,3,426,13,33,31,21,67,85,24,41,47,355,427,1089,903,602,1415,1618,458,850,139,7507
POA3140,38,61,56,27,80,87,27,32,8,407,11,34,30,17,69,96,20,48,47,373,467,1339,964,770,1835,1937,539,1020,96,8968
POA3141,38,54,81,27,87,67,11,36,0,411,21,53,56,31,114,167,36,88,84,652,658,1670,1410,924,3349,4329,1171,2575,189,16281
POA3142,9,23,25,9,31,29,0,20,4,148,16,49,28,12,58,72,16,49,47,347,277,945,737,443,997,1461,410,1169,103,6550
POA3143,10,26,24,5,26,21,0,14,0,129,16,17,27,12,36,35,13,23,23,207,238,684,543,357,960,1250,400,940,67,5419
POA3144,3,31,10,16,26,7,9,15,0,119,4,21,23,21,28,35,11,50,25,221,250,859,598,397,834,1123,368,1087,61,5582
POA3145,18,61,45,18,51,48,21,22,0,286,20,66,47,28,71,115,33,85,67,532,593,2023,1461,904,2130,2601,824,2015,132,12683
POA3146,37,83,53,23,52,49,25,44,0,366,14,69,41,18,80,106,24,68,70,496,665,2286,1572,968,2216,3159,959,2281,122,14227
POA3147,8,39,33,15,26,38,8,22,5,193,11,46,27,17,40,82,13,44,42,320,340,1170,831,554,1315,1703,473,997,76,7454
POA3148,19,33,25,15,39,28,3,14,8,180,5,32,15,16,44,57,4,17,47,244,239,659,562,324,1194,1223,269,484,90,5042
POA3149,33,90,72,38,112,83,17,42,3,493,19,92,78,58,167,139,27,48,141,779,694,2599,2113,1238,3637,4018,860,1607,250,17022
POA3150,73,168,131,86,152,143,37,65,10,864,55,181,148,78,282,306,45,81,207,1378,1087,4495,3592,2069,6231,6524,1354,2534,385,28271
POA3151,11,38,28,11,29,36,9,19,0,181,7,19,38,14,55,54,5,7,44,249,200,830,657,390,1157,1046,250,396,85,5015
POA3152,47,103,86,55,126,117,35,45,11,618,26,85,80,46,184,151,32,51,127,783,714,2585,1990,1312,3952,3805,875,1429,255,16920
POA3153,35,62,61,25,103,100,26,41,0,455,24,40,49,32,150,110,29,37,76,542,513,1404,1218,863,2618,2448,646,881,155,10741
POA3154,4,13,13,8,21,23,4,16,0,99,8,12,19,10,27,22,6,19,13,124,140,334,289,189,449,485,135,273,31,2319
POA3155,35,74,53,36,113,93,26,46,8,489,22,65,44,44,159,127,30,47,69,611,609,1609,1395,959,2761,2725,640,1062,163,11915
POA3156,60,122,109,52,163,167,49,77,5,817,28,96,72,71,226,208,47,103,104,953,993,2981,2361,1636,4337,4388,1219,2068,241,20221
POA3158,18,35,14,7,33,20,3,21,0,151,8,9,11,5,28,29,6,12,17,124,240,586,472,312,713,771,231,372,45,3726
POA3159,6,3,3,8,3,6,0,5,0,43,0,7,3,3,11,9,0,7,3,44,89,197,157,122,246,280,89,157,14,1361
POA3160,15,53,30,24,47,46,5,29,3,256,10,23,13,7,37,41,8,15,19,180,306,770,638,436,888,1000,299,518,44,4896
POA3161,21,57,40,15,31,44,15,19,0,246,16,51,42,28,66,95,20,51,71,446,387,1475,1110,677,1522,1929,517,1216,138,8973
POA3162,16,67,50,25,38,54,17,27,0,293,8,43,38,32,65,89,24,61,45,421,399,1475,1104,722,1499,2076,566,1316,110,9268
POA3163,23,79,85,44,98,74,31,27,3,471,34,82,69,38,180,176,40,71,134,828,853,2457,2083,1376,3996,4622,1140,1955,262,18741
POA3165,40,95,67,48,89,81,28,51,3,503,21,63,55,38,134,128,29,60,82,615,725,2230,1736,1155,3008,3674,963,1802,183,15473
POA3166,41,56,79,31,107,75,21,33,7,453,19,48,60,36,142,128,19,31,93,577,628,1877,1554,1031,2882,3129,790,1263,179,13333
POA3167,14,30,21,23,37,26,5,8,0,173,13,36,29,14,51,38,8,17,37,238,287,701,590,365,1115,1159,247,427,74,4961
POA3168,26,58,49,29,59,49,10,18,10,305,18,81,78,27,142,105,16,27,155,652,559,2315,1679,772,2415,2050,339,580,269,10972
POA3169,30,63,59,31,108,76,16,25,3,414,25,66,79,35,162,124,14,20,123,652,433,1341,1342,766,2599,2070,414,587,243,9789
POA3170,25,57,53,28,76,68,15,28,0,357,8,50,59,32,140,90,22,34,115,543,420,1277,1090,725,2296,2156,481,841,195,9479
POA3171,21,97,91,35,116,62,10,19,5,463,20,101,95,57,300,152,15,33,180,947,315,1381,1357,707,2660,1756,353,547,295,9385
POA3172,31,101,85,35,120,87,24,34,8,521,19,77,58,53,229,131,20,51,94,734,451,1632,1259,846,2778,2198,517,917,188,10786
POA3173,44,75,95,37,159,106,20,38,0,587,24,131,72,48,345,205,33,53,150,1060,528,1891,1517,1085,4215,3171,624,1098,262,14400
POA3174,56,169,147,59,170,116,40,27,16,797,41,152,135,88,478,261,40,62,254,1507,638,2474,2366,1385,4949,3335,706,1048,479,17381
POA3175,65,105,121,61,209,129,35,58,11,796,40,174,166,115,467,311,51,111,320,1747,732,2849,2718,1721,5665,4271,984,1441,624,21005
POA3177,6,27,23,6,40,34,12,12,4,165,15,34,22,24,121,81,12,16,83,406,164,584,523,352,1182,906,250,271,159,4381
POA3178,46,120,89,49,147,146,41,80,0,721,26,70,67,43,208,221,44,54,106,833,786,2635,1975,1310,4135,4246,1078,1794,210,18168
POA3179,9,15,20,5,18,25,4,13,0,107,6,19,9,8,49,36,9,14,29,177,130,439,380,238,770,694,160,259,57,3133
POA3180,15,27,21,10,42,28,10,12,0,153,4,24,21,13,56,29,5,12,18,194,167,521,459,282,933,893,203,295,35,3794
POA3181,48,44,51,25,79,54,23,29,0,358,14,52,22,27,105,128,33,82,71,537,603,1308,1073,796,2666,3400,943,1946,150,12883
POA3182,58,81,87,48,110,64,20,33,5,496,25,55,42,27,139,142,38,69,80,623,691,1556,1502,998,3070,3610,937,1772,175,14308
POA3183,44,72,55,22,67,60,16,30,0,363,19,54,29,26,62,105,22,49,61,424,502,1415,1220,780,2086,2473,773,1346,147,10733
POA3184,20,52,51,30,50,53,17,25,0,292,9,31,33,27,61,92,29,61,39,380,467,1098,916,730,1746,2235,710,1449,92,9438
POA3185,21,45,26,16,37,32,15,27,0,228,12,33,28,20,47,77,13,41,44,316,363,1036,780,616,1313,1770,518,1070,84,7553
POA3186,27,66,35,37,30,33,11,28,0,272,16,100,59,24,52,107,21,75,75,525,512,1915,1278,831,1357,2317,680,2183,161,11235
POA3187,14,49,23,18,29,43,18,24,0,214,6,55,26,21,37,81,23,51,47,347,396,1380,853,574,1056,1732,529,1349,88,7960
POA3188,21,60,38,28,32,39,18,32,3,279,21,60,34,18,58,82,25,59,56,414,447,1595,995,656,1330,2057,664,1616,103,9476
POA3189,9,15,19,10,16,14,5,16,0,113,7,25,15,3,29,32,0,15,7,133,143,407,382,264,686,765,174,377,33,3224
POA3190,14,44,31,15,30,43,11,15,0,198,3,21,19,11,42,70,16,26,35,236,323,844,641,504,1224,1557,441,812,65,6410
POA3191,15,29,18,9,24,20,3,18,0,141,13,34,17,4,22,53,16,44,30,239,283,937,608,364,761,1167,350,921,57,5452
POA3192,45,68,69,40,83,69,18,34,6,427,15,64,46,26,95,136,20,43,64,512,593,1757,1436,993,2423,2852,767,1415,139,12377
POA3193,26,57,36,28,30,37,22,31,4,267,23,69,57,29,61,100,32,83,49,500,510,1802,1173,760,1239,2051,668,1743,110,10064
POA3194,14,30,36,24,46,44,19,20,0,235,6,26,21,13,48,68,5,19,24,242,335,943,762,513,1427,1720,486,862,63,7109
POA3195,41,107,94,47,109,114,31,68,5,618,27,79,69,50,155,192,48,105,76,796,969,3023,2202,1506,3578,4602,1295,2534,200,19910
POA3196,41,91,71,33,103,74,24,35,0,464,20,60,45,35,129,156,19,64,70,608,753,1776,1485,1151,2919,3186,935,1471,161,13841
POA3197,30,44,47,22,49,43,12,19,3,266,11,29,27,15,62,84,16,30,55,331,308,890,730,480,1217,1431,380,765,106,6312
POA3198,53,45,41,19,52,69,10,30,3,320,23,39,29,14,97,89,25,24,75,413,521,1023,921,660,1790,1955,480,809,153,8309
POA3199,105,163,115,82,173,181,43,63,9,930,48,133,85,59,209,252,60,114,179,1153,1506,3952,3110,2294,5332,5630,1556,2701,384,26461
POA3200,10,10,11,3,14,28,7,6,0,85,8,21,21,7,30,38,6,11,27,164,106,286,211,168,482,441,127,155,57,2038
POA3201,54,63,53,23,123,109,29,44,7,502,19,59,49,29,167,157,34,49,90,653,578,1303,1260,907,2865,2605,622,984,185,11311
POA3202,0,0,7,3,9,8,0,4,0,40,0,7,3,0,16,14,3,3,4,60,78,207,161,101,313,336,84,157,20,1462
POA3204,38,79,73,51,74,97,25,40,6,477,28,85,54,36,109,150,26,83,86,656,842,2644,2030,1365,3291,4215,1091,2140,181,17796
POA3205,12,34,32,8,25,35,11,21,4,187,13,28,28,20,49,74,10,33,33,288,300,686,588,393,1258,1743,483,1098,68,6620
POA3206,7,14,26,12,13,22,8,13,0,121,10,22,25,5,26,52,7,54,34,238,243,727,510,363,634,1086,334,1210,59,5164
POA3207,37,55,35,32,44,49,15,35,0,304,23,32,31,21,69,115,25,50,62,440,492,989,885,577,1686,2503,757,1808,95,9792
POA3211,4,0,0,7,0,5,4,0,0,17,4,0,5,4,6,10,4,3,4,40,33,67,67,46,104,143,44,86,20,609
POA3212,29,61,49,16,60,69,15,36,0,328,7,24,29,22,60,83,11,37,46,331,477,1226,1028,676,1997,2060,549,1082,112,9212
POA3213,5,23,15,5,16,22,0,7,0,97,0,7,14,6,17,20,3,13,25,109,115,417,273,193,494,517,135,309,57,2506
POA3214,26,57,39,12,77,69,11,23,8,326,36,65,52,37,110,127,20,33,121,613,481,1444,1170,760,1965,1724,384,663,238,8831
POA3215,25,54,42,23,71,82,13,22,0,328,15,49,28,27,85,95,13,38,97,447,577,1524,1292,852,2205,2258,545,989,207,10451
POA3216,66,188,151,71,175,169,44,77,7,945,39,136,85,57,172,166,38,108,131,927,1652,5549,3743,2467,5690,5940,1697,3006,334,30086
POA3217,31,75,78,28,79,67,9,29,8,402,6,43,27,15,46,78,15,43,63,326,667,1668,1388,970,2568,2437,684,1119,154,11660
POA3218,22,44,36,16,46,35,13,21,3,242,6,31,20,22,38,48,11,29,44,250,461,1168,991,670,1601,1720,531,938,87,8176
POA3219,23,68,49,28,86,87,19,27,5,392,18,39,20,20,71,73,11,23,61,351,506,1542,1238,808,2014,1937,496,743,141,9419
POA3220,5,44,31,33,39,42,6,27,0,224,15,50,37,15,54,46,11,38,36,308,476,1594,1118,787,1452,1778,529,1279,75,9091
POA3221,0,0,0,0,0,3,0,3,0,12,0,0,5,0,4,3,0,3,4,17,22,78,46,38,64,66,32,72,12,419
POA3222,23,75,42,31,66,68,21,44,8,378,13,41,20,18,37,60,13,28,63,291,510,1455,1076,753,1528,1689,465,818,125,8416
POA3223,11,21,27,12,23,24,9,15,0,137,13,23,13,6,16,22,6,10,27,139,270,598,448,310,604,648,176,356,74,3485
POA3224,20,65,57,23,61,62,12,41,5,347,7,26,23,23,47,44,14,21,50,250,368,1174,901,642,1399,1441,383,693,101,7093
POA3225,6,7,7,7,4,13,3,7,0,52,5,11,14,7,9,12,5,11,18,80,154,428,307,177,305,345,98,249,48,2106
POA3226,28,60,44,14,43,33,10,19,5,258,16,40,30,24,25,53,11,22,39,261,576,1464,1162,767,1331,1692,457,897,145,8481
POA3227,16,18,9,5,7,7,5,6,0,71,9,17,7,7,9,18,0,11,15,94,187,442,355,218,342,474,126,341,40,2530
POA3228,43,82,53,31,67,51,13,27,4,373,27,46,40,30,54,92,17,61,55,420,770,1997,1438,983,1991,2564,761,1522,133,12168
POA3230,0,4,3,5,12,7,3,3,0,34,0,16,7,5,8,6,0,3,12,55,114,301,211,129,220,231,81,149,25,1460
POA3231,0,4,5,0,5,0,0,0,0,19,0,3,10,0,0,11,0,0,0,27,48,167,105,78,89,130,37,93,4,754
POA3232,0,4,0,0,6,0,0,0,0,10,7,0,0,0,0,0,0,7,6,26,77,122,66,63,88,93,33,47,12,602
POA3233,0,8,0,0,4,5,0,3,0,20,4,5,3,3,4,6,0,0,5,36,113,234,138,98,164,125,39,101,22,1037
POA3234,0,0,0,0,0,0,0,0,0,0,0,0,0,0,0,0,0,0,0,5,11,24,12,14,14,25,0,10,0,116
POA3235,0,0,0,0,0,0,0,0,0,4,0,3,0,3,0,0,0,0,3,14,21,46,37,20,21,40,6,34,6,249
POA3236,0,0,0,0,0,0,0,0,0,4,0,0,0,0,0,0,0,0,0,4,10,30,20,8,14,17,3,11,0,118
POA3237,0,0,0,0,0,0,0,0,0,0,0,3,0,0,0,0,0,0,5,7,9,23,18,7,12,27,3,17,4,119
POA3238,0,0,0,0,0,0,0,0,0,3,0,0,0,0,0,0,0,0,0,3,13,31,23,8,7,22,5,22,0,135
POA3239,0,0,0,0,0,6,0,0,0,10,0,0,0,0,0,0,0,0,0,8,15,35,21,23,33,37,0,41,7,214
POA3240,4,11,0,0,8,12,0,12,0,49,4,4,3,0,6,5,3,4,6,32,65,211,133,113,180,239,64,177,15,1196
POA3241,5,5,5,7,11,5,4,3,0,35,4,4,5,4,8,6,4,9,17,59,105,224,150,137,230,294,75,219,37,1468
POA3242,0,0,0,0,5,4,0,0,0,15,3,3,0,9,4,0,0,0,4,15,30,83,59,50,62,100,19,62,11,475
POA3243,0,0,0,0,0,0,0,0,0,3,0,3,5,0,8,3,0,0,0,16,6,28,28,11,36,42,13,46,0,215
POA3249,0,9,14,3,7,10,0,3,0,45,7,10,10,3,10,10,7,7,20,78,100,282,222,131,258,269,96,331,49,1727
POA3250,15,42,18,11,42,43,14,30,7,227,17,27,16,14,40,29,5,21,51,215,337,960,665,470,1229,1116,383,649,113,5923
POA3251,0,3,0,0,5,0,0,0,0,9,0,5,0,0,0,3,0,5,4,11,15,43,18,25,46,56,17,55,4,283
POA3254,0,0,0,5,7,0,0,0,0,9,0,0,4,0,0,3,0,0,0,11,13,28,13,16,31,33,10,22,9,172
POA3260,3,8,0,7,13,12,0,9,0,59,0,10,8,0,11,14,6,4,16,78,95,341,242,173,299,404,126,460,56,2203
POA3264,6,4,0,4,3,13,0,11,0,50,0,15,4,3,3,7,0,0,16,49,60,152,96,96,154,187,65,164,33,1008
POA3265,3,7,3,4,3,4,0,4,3,34,0,4,4,6,8,10,5,7,16,54,60,220,153,113,174,227,103,414,58,1525
POA3266,0,3,4,0,8,4,3,3,3,30,0,10,6,4,6,15,3,9,20,61,70,196,146,101,170,273,87,330,55,1441
POA3267,0,0,0,0,0,0,0,0,0,5,0,0,3,0,0,0,0,0,0,11,7,14,12,4,14,17,5,44,0,120
POA3268,4,8,11,0,3,8,0,0,0,44,4,6,6,0,7,10,0,11,22,61,62,190,156,97,140,211,70,349,52,1327
POA3269,0,0,0,0,0,0,0,0,0,4,4,3,3,0,0,3,0,6,5,20,26,68,42,27,34,54,18,80,17,369
POA3270,0,5,0,0,0,0,0,0,0,3,0,0,0,0,0,3,0,4,3,16,17,27,24,10,15,25,9,30,3,156
POA3271,0,0,0,0,0,0,0,0,0,0,0,0,0,0,0,0,3,0,0,4,0,12,12,8,4,11,0,34,5,89
POA3272,4,3,0,0,0,5,0,0,0,19,0,0,0,0,0,0,5,0,6,16,38,116,82,59,86,117,43,114,18,677
POA3273,0,0,0,0,0,0,0,0,0,4,0,0,0,0,0,0,0,0,0,3,0,4,6,8,0,19,3,19,0,70
POA3274,0,3,0,0,0,0,0,0,0,4,0,0,0,0,0,0,0,0,0,7,13,18,8,4,9,20,3,32,5,107
POA3275,3,0,6,0,7,3,0,0,0,18,0,0,0,0,0,4,0,0,0,8,20,29,28,16,55,64,17,32,5,273
POA3276,0,0,0,0,0,0,0,0,0,4,0,0,0,0,6,0,0,0,3,5,8,27,39,13,21,44,15,54,5,234
POA3277,0,6,5,3,7,10,0,7,6,48,7,0,3,0,5,8,0,3,7,36,50,142,106,63,142,185,65,172,40,971
POA3278,0,3,5,0,0,0,0,0,0,13,0,0,0,0,4,0,0,0,0,4,10,19,26,12,27,38,8,28,8,183
POA3279,0,0,0,0,6,0,0,0,0,4,0,0,0,0,0,3,0,0,0,12,9,33,9,15,19,24,9,43,3,168
POA3280,34,101,87,46,116,105,20,54,5,572,23,71,51,22,87,101,21,58,98,525,893,2711,1984,1437,3284,3166,942,1532,226,16169
POA3281,3,6,3,3,12,9,0,13,0,52,7,3,4,0,4,6,5,4,6,38,53,168,112,88,147,206,53,180,17,1022
POA3282,4,11,10,3,12,9,0,5,0,56,0,8,8,4,9,16,0,0,16,63,79,194,168,105,199,220,60,139,40,1213
POA3283,0,3,0,6,0,3,0,0,0,22,0,10,0,0,4,9,0,3,13,41,40,111,88,69,92,152,42,134,26,745
POA3284,5,12,10,3,5,3,0,3,0,42,0,7,0,5,3,8,0,3,12,46,128,306,222,132,203,298,102,218,35,1646
POA3285,0,4,4,0,4,4,0,0,0,19,0,0,0,5,3,5,0,3,3,20,27,97,62,48,99,128,32,135,8,634
POA3286,0,0,0,0,4,0,0,0,0,8,0,0,0,0,0,3,0,0,6,7,6,39,24,24,33,39,16,68,9,248
POA3287,4,0,0,0,0,0,0,0,0,7,0,0,0,0,0,0,0,0,7,3,18,27,27,16,23,40,20,66,7,241
POA3289,5,0,0,0,0,3,0,0,0,10,3,0,0,8,0,0,0,0,4,11,23,41,50,18,42,60,22,81,7,340
POA3292,0,0,0,0,0,0,0,0,0,0,0,0,0,0,0,0,0,0,0,0,6,5,9,9,6,11,4,17,0,76
POA3293,0,0,0,0,0,0,0,0,0,3,0,0,0,0,0,0,0,0,0,6,9,16,21,13,18,28,15,55,7,169
POA3294,0,0,5,0,0,0,0,0,0,3,0,9,5,0,5,0,0,0,4,16,29,82,59,31,58,88,40,115,14,513
POA3300,9,33,23,16,29,42,8,24,3,189,10,30,18,4,30,25,9,19,30,173,281,731,596,420,849,972,253,547,83,4734
POA3301,0,9,0,0,4,4,0,0,0,14,0,9,0,0,0,4,0,7,7,29,33,107,76,55,70,125,33,189,19,708
POA3302,0,0,4,0,0,0,0,0,0,0,0,0,0,0,0,0,0,0,0,5,10,24,18,23,22,42,8,40,7,188
POA3303,0,0,0,0,0,0,0,0,0,3,0,0,0,0,3,0,0,4,0,11,5,12,17,7,30,29,5,40,0,153
POA3304,0,5,4,0,10,3,3,6,0,29,5,7,0,3,6,20,4,5,24,67,54,147,150,90,192,217,64,222,47,1181
POA3305,11,36,27,31,45,51,9,23,0,233,16,42,11,12,21,39,8,23,57,231,369,1022,699,490,1007,1176,279,663,110,5831
POA3309,0,0,0,0,0,0,0,0,0,0,0,0,0,0,0,0,0,0,6,7,4,4,7,4,9,3,5,10,6,43
POA3310,0,0,0,0,0,0,0,0,0,4,0,0,0,0,0,0,0,0,0,0,3,14,15,5,8,14,6,25,6,111
POA3311,0,5,0,0,5,10,5,0,0,24,0,0,0,0,8,7,0,5,9,20,43,84,84,59,91,124,44,103,24,646
POA3312,0,3,0,0,0,4,0,0,0,8,0,5,0,0,0,6,0,3,6,26,25,75,53,43,59,90,28,139,14,530
POA3314,0,0,0,0,0,0,0,0,0,0,0,0,0,0,0,3,0,0,0,9,20,35,31,24,25,57,21,78,14,297
POA3315,0,3,0,0,3,3,0,0,0,14,4,5,0,0,3,3,0,4,5,36,23,106,91,59,84,153,50,181,19,774
POA3317,0,0,0,0,0,0,0,0,0,0,0,0,0,0,0,0,0,0,0,5,0,21,10,12,8,13,0,24,6,97
POA3318,0,0,4,3,0,5,0,0,0,10,5,3,0,0,0,3,0,0,7,21,29,74,64,46,61,129,29,98,9,540
POA3319,0,0,0,0,0,0,0,0,0,0,0,0,0,0,0,6,0,0,0,6,8,33,19,21,19,47,8,40,0,192
POA3321,0,3,3,0,0,6,0,5,0,27,0,0,0,5,0,0,0,4,7,18,48,163,112,66,127,213,50,141,16,939
POA3322,0,0,0,0,0,0,0,0,0,0,0,0,0,0,0,0,0,0,0,0,5,7,11,5,10,12,5,10,0,69
POA3323,0,0,0,0,0,0,0,0,0,0,0,0,0,0,0,0,0,0,0,0,0,4,6,7,0,3,10,17,0,50
POA3324,0,0,0,0,0,0,0,0,0,6,0,3,0,0,0,5,0,0,0,13,3,52,28,22,26,52,11,72,9,267
POA3325,0,0,3,0,0,0,0,0,0,11,0,7,0,0,0,0,0,0,3,7,3,29,36,12,18,23,15,49,5,193
POA3328,5,9,6,3,11,11,6,0,0,43,4,6,4,0,12,10,7,9,7,55,87,186,109,86,221,240,66,137,24,1158
POA3329,0,0,0,0,0,0,0,0,0,5,0,6,0,0,0,0,0,0,0,4,17,26,13,16,25,36,12,25,5,166
POA3330,0,0,0,0,0,0,0,0,0,3,0,0,0,4,0,0,0,0,0,4,8,12,11,4,19,18,6,22,0,99
POA3331,12,20,13,6,28,38,7,19,0,151,5,19,7,8,16,33,6,20,24,136,220,561,408,287,667,755,205,440,53,3597
POA3332,0,3,4,0,6,8,6,0,0,29,0,4,0,0,3,8,4,0,0,27,48,80,78,52,110,112,24,85,10,600
POA3333,0,7,0,0,0,0,0,3,0,11,3,0,0,0,0,0,0,0,10,12,21,49,36,30,67,86,16,88,20,408
POA3334,0,3,0,0,0,4,0,0,0,7,0,0,4,0,0,0,0,7,0,12,14,49,25,8,40,63,14,50,4,264
POA3335,7,16,23,9,27,19,7,8,3,118,0,18,13,9,43,35,5,16,47,193,148,318,345,237,822,719,160,252,102,3108
POA3336,15,49,32,19,65,56,11,22,7,267,6,29,29,19,117,78,12,27,87,407,438,904,959,689,2320,2209,454,728,191,8887
POA3337,58,80,87,39,153,143,28,65,4,666,43,92,58,59,194,180,35,58,200,915,965,2239,1814,1350,4018,3499,889,1629,432,16839
POA3338,29,92,65,27,140,107,27,43,4,540,32,65,69,48,208,153,22,46,159,804,697,1868,1689,1131,3906,3354,761,1418,335,15173
POA3340,34,78,74,37,112,95,23,59,0,508,24,47,34,27,96,128,15,62,113,546,644,1676,1274,937,2458,2810,780,1615,272,12468
POA3341,0,9,5,0,9,9,3,0,0,48,0,5,4,3,10,8,3,9,10,49,47,113,107,63,161,184,62,125,22,891
POA3342,4,7,9,5,24,11,10,6,0,67,3,4,4,7,6,22,7,8,15,68,120,253,202,130,368,395,119,250,48,1884
POA3345,0,0,0,3,6,10,0,0,0,19,3,6,6,0,5,4,0,3,9,33,49,99,70,50,125,153,41,90,17,695
POA3350,65,179,134,99,179,174,46,96,11,992,45,100,73,46,152,156,43,97,180,884,1782,5060,3999,2787,6286,6235,1927,3385,379,31839
POA3351,11,30,26,18,38,32,15,18,6,183,4,19,10,6,43,41,9,23,44,203,239,641,522,369,801,957,232,557,101,4427
POA3352,15,56,41,22,66,72,22,63,3,368,18,35,23,24,63,56,22,40,56,339,515,1389,1117,810,1671,1858,605,1415,135,9517
POA3355,14,30,20,9,46,37,11,11,0,173,23,31,15,13,52,46,12,21,42,242,303,807,644,428,1047,923,246,430,102,4929
POA3356,13,41,45,13,80,51,5,22,3,282,15,36,15,13,64,37,13,21,49,261,350,1027,846,612,1473,1180,286,499,119,6389
POA3357,9,6,9,4,10,10,0,0,0,50,3,6,5,3,3,3,0,4,12,43,120,260,216,147,312,338,96,241,23,1753
POA3358,6,4,7,5,21,12,3,8,0,77,4,6,5,5,12,11,7,6,14,67,96,249,221,165,423,401,116,178,17,1874
POA3360,0,4,0,0,6,0,0,0,0,13,0,0,0,3,0,3,0,4,5,19,14,37,37,32,66,62,13,53,8,328
POA3361,0,0,0,0,0,0,0,0,0,6,0,0,0,0,0,0,0,0,3,8,6,35,32,23,25,50,13,62,11,254
POA3363,3,9,9,6,15,24,8,7,0,76,3,13,3,4,4,17,4,8,4,57,97,247,179,141,236,258,78,163,27,1430
POA3364,0,8,3,6,9,3,0,4,0,38,4,8,3,8,7,11,0,6,13,53,64,154,122,110,144,209,64,195,34,1088
POA3370,9,4,0,0,9,3,0,3,0,30,0,5,0,0,9,3,0,4,7,32,55,108,91,72,139,120,31,80,21,720
POA3371,4,0,0,0,0,0,0,4,0,13,0,5,5,0,0,0,0,0,3,23,35,58,49,36,65,65,18,41,4,388
POA3373,0,3,3,3,8,9,3,8,0,39,4,9,4,0,10,5,0,6,22,51,68,176,101,74,166,196,57,146,34,1025
POA3374,0,0,0,0,0,0,0,0,0,5,0,0,0,0,0,0,0,0,0,11,17,31,15,17,43,37,9,36,7,209
POA3375,0,0,0,0,0,0,0,0,0,0,0,0,0,0,0,0,0,0,0,3,7,8,17,9,16,16,7,28,0,114
POA3377,7,20,26,9,27,17,3,7,0,127,10,21,6,8,18,16,3,10,28,123,226,572,411,376,758,846,212,439,75,3917
POA3378,0,0,0,0,0,0,0,0,0,0,0,0,0,0,0,0,0,0,0,0,6,11,8,5,3,12,3,37,0,82
POA3379,0,0,0,0,0,0,0,0,0,0,0,3,4,0,3,0,0,0,0,11,9,54,36,32,25,55,26,97,7,341
POA3380,4,9,7,3,12,17,3,4,0,58,8,10,9,3,11,12,5,12,21,80,157,407,272,251,512,525,125,314,50,2624
POA3381,0,7,0,0,0,0,3,0,0,14,5,0,0,0,0,0,0,0,3,13,69,112,87,54,109,104,28,80,14,665
POA3384,0,0,0,0,0,0,0,0,0,5,0,0,0,0,0,0,0,0,0,3,8,31,30,17,38,47,16,54,5,252
POA3385,0,3,0,0,0,0,0,0,0,7,0,3,0,0,0,0,0,5,7,17,11,41,33,12,21,38,9,56,9,246
POA3387,0,0,0,0,0,0,0,0,0,0,0,0,0,0,0,0,0,0,0,0,3,23,13,3,23,27,8,47,8,154
POA3388,0,3,0,0,0,5,0,0,0,4,0,0,0,0,0,0,0,0,3,5,15,31,25,24,24,51,15,47,3,230
POA3390,0,7,0,5,0,3,0,0,0,17,0,0,0,0,3,0,0,0,4,16,9,65,38,36,61,83,23,59,13,375
POA3391,0,0,0,0,0,0,0,0,0,0,0,0,0,0,0,0,0,0,4,5,0,16,13,10,8,14,0,19,4,83
POA3392,0,0,0,0,0,4,0,0,0,5,0,0,0,0,0,0,0,0,0,4,7,30,39,14,34,30,12,45,10,229
POA3393,5,8,10,0,12,10,4,3,0,41,0,3,0,0,3,11,0,5,15,31,72,157,132,95,177,226,50,150,29,1086
POA3395,0,0,0,0,0,0,0,0,0,0,0,0,0,0,0,0,0,0,0,0,13,28,15,8,5,34,8,32,6,151
POA3396,0,0,0,0,0,3,0,0,0,10,0,0,0,0,0,0,0,0,7,10,17,48,44,26,24,63,13,52,6,293
POA3400,18,46,33,19,73,70,20,22,3,299,11,27,16,17,44,39,5,18,52,228,361,998,774,685,1513,1441,396,681,126,6972
POA3401,4,12,10,6,21,27,4,19,0,103,3,12,5,13,6,19,4,9,14,86,111,360,283,210,428,505,144,417,37,2506
POA3407,0,0,0,0,0,0,0,0,0,3,0,0,0,0,0,0,0,3,0,3,11,28,16,13,23,41,7,61,3,205
POA3409,0,0,5,3,7,5,0,0,0,22,0,0,0,0,0,4,0,0,7,16,32,81,51,56,64,101,18,116,17,534
POA3412,0,0,0,0,0,0,0,0,0,0,0,0,0,0,0,0,0,0,0,0,7,11,13,6,12,20,12,23,8,118
POA3413,0,0,0,0,0,0,0,0,0,6,0,0,0,0,0,0,0,0,0,0,4,12,8,9,14,22,8,31,0,113
POA3414,0,3,0,0,5,0,0,0,0,10,0,0,0,0,4,4,3,5,8,23,28,90,63,66,144,120,34,102,12,654
POA3415,0,0,0,0,0,0,0,0,0,0,0,0,0,0,0,0,0,0,0,0,0,0,9,0,3,6,5,9,0,26
POA3418,3,4,4,4,9,12,4,6,0,41,4,4,4,3,18,8,0,4,9,51,67,146,144,134,238,300,66,243,23,1351
POA3419,0,0,0,0,4,0,0,7,0,14,0,0,3,0,0,0,0,0,7,18,20,62,36,30,41,80,21,102,9,413
POA3420,0,0,0,0,0,0,0,0,0,3,0,0,0,0,0,0,0,0,5,7,3,18,16,4,13,21,9,58,0,150
POA3423,0,0,0,0,0,0,0,0,0,3,0,0,0,0,0,0,0,0,0,4,11,27,12,17,21,29,3,39,0,154
POA3424,0,0,0,0,0,0,0,0,0,7,0,0,0,0,0,5,5,0,8,20,4,43,32,26,34,52,20,68,12,290
POA3427,6,15,20,4,22,33,16,13,0,130,8,9,10,4,34,26,0,11,22,127,170,323,334,196,767,750,170,295,53,3062
POA3428,0,0,0,3,8,3,0,0,0,12,0,6,0,0,3,0,0,0,3,10,15,50,33,32,67,77,12,33,8,321
POA3429,66,123,79,48,139,150,50,81,16,751,27,86,45,41,159,157,27,84,125,754,1151,2644,2147,1555,4369,4470,1295,2139,273,20046
POA3430,0,0,0,0,0,0,0,0,0,3,0,0,0,0,0,0,0,0,3,3,7,16,16,11,25,37,10,21,8,154
POA3431,7,13,15,3,12,17,8,15,0,92,4,7,11,0,23,17,0,10,16,87,126,319,280,186,413,498,150,275,39,2289
POA3432,0,0,0,0,0,0,0,0,0,0,0,0,0,0,0,0,0,0,3,3,8,13,6,10,14,21,7,15,8,95
POA3433,0,0,0,0,0,3,0,0,0,9,0,0,0,0,0,0,0,8,0,9,4,17,14,14,9,24,7,21,0,109
POA3434,11,19,24,7,30,30,13,25,4,158,3,20,6,8,27,34,3,20,19,143,193,433,336,211,550,703,220,423,51,3123
POA3435,11,12,12,5,16,23,0,8,0,83,5,5,4,0,8,11,3,10,11,58,99,225,181,124,267,321,101,221,28,1578
POA3437,18,38,25,21,26,36,5,43,3,218,7,30,13,15,34,51,12,22,22,203,299,953,604,473,1011,1259,394,815,104,5911
POA3438,0,8,9,0,8,9,4,7,0,41,0,9,7,0,3,3,4,7,0,32,66,208,132,105,176,263,85,177,11,1229
POA3440,0,5,6,4,0,4,0,3,0,24,0,6,7,4,4,11,4,11,0,41,68,174,126,84,127,206,65,143,13,1014
POA3441,5,3,0,0,3,0,3,0,0,16,0,4,0,9,0,3,0,8,6,30,50,102,75,45,101,153,43,123,19,708
POA3442,7,25,15,18,8,18,3,14,0,115,16,28,8,4,15,26,8,21,17,142,261,684,455,376,547,862,261,553,60,4053
POA3444,11,31,12,20,27,35,11,18,0,171,5,32,12,9,25,27,11,19,27,167,293,806,538,455,696,940,273,690,78,4763
POA3446,0,0,5,6,6,0,0,0,0,13,0,0,6,0,0,4,3,0,4,20,26,98,69,60,84,108,27,52,0,535
POA3447,0,0,4,0,0,0,0,0,0,11,0,0,0,0,0,0,0,0,7,11,17,47,30,21,29,42,8,30,15,253
POA3448,0,3,0,6,3,5,0,0,0,19,0,0,0,0,0,6,0,0,0,17,48,86,68,38,67,79,21,64,3,468
POA3450,4,14,16,17,13,9,7,6,0,85,5,24,11,11,16,23,6,14,11,110,149,568,476,329,417,479,127,272,38,2836
POA3451,4,12,13,9,18,23,9,12,0,112,9,15,14,12,16,15,0,4,10,94,149,527,398,286,384,480,136,275,41,2682
POA3453,4,4,5,0,0,10,0,0,0,31,0,0,3,0,0,4,0,5,5,27,56,147,133,92,114,180,42,109,30,903
POA3458,4,4,4,3,3,0,0,0,0,26,5,5,4,5,4,3,0,4,0,37,81,171,149,99,142,181,61,152,19,1059
POA3460,0,7,5,0,5,4,0,5,0,36,3,9,3,0,9,9,0,6,9,54,54,245,181,123,186,194,59,119,14,1178
POA3461,0,16,10,4,8,8,0,7,0,58,7,19,12,4,8,11,3,9,10,84,147,420,303,195,273,343,129,274,38,2119
POA3462,0,0,4,0,5,3,0,0,0,15,5,3,0,0,0,6,0,4,3,20,30,94,92,54,71,90,19,56,24,522
POA3463,3,3,0,0,6,6,0,3,0,34,9,4,3,5,4,7,0,3,9,46,69,181,148,103,159,184,50,141,25,1060
POA3464,0,5,5,0,5,3,0,3,0,19,4,4,0,0,0,3,0,0,5,18,23,107,59,43,83,84,30,57,14,512
POA3465,10,23,13,10,24,16,7,22,0,134,12,15,10,7,32,30,5,18,27,157,193,623,429,365,712,631,151,354,85,3536
POA3467,0,0,0,0,0,4,0,3,0,17,0,0,4,0,8,8,3,0,10,25,31,64,67,51,65,79,22,79,13,469
POA3468,0,0,0,0,0,0,0,0,0,3,0,0,3,0,0,0,0,0,0,14,5,17,13,16,16,21,8,17,4,115
POA3469,0,0,0,0,0,0,0,0,0,0,0,0,0,0,0,0,0,0,0,3,8,15,10,6,13,17,4,24,7,91
POA3472,3,3,7,0,3,6,0,0,0,14,3,5,8,3,5,5,5,0,10,37,40,68,73,36,61,78,22,54,11,437
POA3475,0,0,0,0,0,3,0,0,0,4,0,0,0,0,0,0,0,0,6,3,4,15,15,7,9,22,9,28,4,114
POA3477,0,0,0,0,0,0,0,0,0,4,3,0,0,0,0,0,0,0,0,5,20,52,43,32,43,57,21,105,9,378
POA3478,3,4,0,6,9,8,6,0,0,32,7,6,3,3,5,4,0,3,0,33,60,166,140,89,184,181,54,130,19,1026
POA3480,0,3,0,0,4,3,4,4,0,27,7,5,0,0,3,12,0,3,8,31,29,131,75,67,91,173,46,154,19,781
POA3482,0,0,0,0,0,0,0,0,0,0,0,0,0,0,0,0,0,0,0,0,0,10,3,3,5,10,5,18,0,60
POA3483,0,3,0,3,3,4,0,0,0,19,0,9,0,0,0,3,0,0,8,18,17,64,49,38,51,77,20,99,17,436
POA3485,0,0,0,0,0,0,0,0,0,6,0,0,0,0,0,0,0,0,0,0,7,9,12,8,7,21,8,30,3,108
POA3487,0,0,0,0,0,0,0,0,0,0,0,0,0,0,0,0,0,0,0,0,3,9,7,3,3,5,5,9,0,41
POA3488,0,0,0,0,0,0,0,0,0,0,0,0,0,0,0,0,0,0,0,0,3,3,4,0,5,0,3,13,0,40
POA3489,0,0,0,0,0,0,0,0,0,0,0,0,0,0,0,0,0,0,0,0,0,0,4,3,3,0,3,9,0,23
POA3490,4,0,0,0,0,5,0,0,0,21,0,0,3,0,3,7,0,3,4,27,28,66,50,56,60,123,24,126,15,550
POA3491,0,0,0,0,0,0,0,0,0,0,0,0,0,0,0,0,0,0,0,0,3,9,8,6,5,7,3,22,0,57
POA3494,0,0,0,0,5,0,0,0,0,8,0,0,0,0,5,0,0,0,6,18,4,23,28,25,69,66,17,59,18,314
POA3496,8,15,16,16,18,32,9,10,0,131,9,18,12,9,20,28,3,13,31,149,130,369,332,258,578,559,160,384,83,2847
POA3498,8,16,21,12,34,24,6,13,0,133,7,26,16,3,28,21,6,11,38,170,136,409,321,220,617,617,151,374,90,2928
POA3500,31,78,49,36,128,102,16,45,8,498,37,68,59,44,114,96,28,42,193,688,705,1983,1682,1275,3562,2835,790,1578,391,14809
POA3501,8,5,5,4,6,6,0,11,0,38,3,7,7,0,9,7,5,4,6,51,65,135,109,85,205,216,59,200,31,1104
POA3505,3,16,13,0,29,22,10,10,3,99,5,4,10,7,20,13,0,11,39,112,122,306,242,180,433,432,113,263,69,2170
POA3506,0,0,0,0,0,0,0,0,0,0,0,0,0,0,0,0,0,0,0,0,0,0,0,0,0,0,0,6,0,17
POA3507,0,0,0,0,0,0,0,0,0,0,0,0,0,0,0,0,0,0,0,0,0,5,14,7,3,0,4,3,0,51
POA3509,0,0,0,0,0,0,0,0,0,6,0,0,0,0,0,0,0,0,0,0,6,12,12,14,11,20,8,21,0,104
POA3512,0,0,0,0,0,0,0,0,0,5,0,0,3,0,0,0,0,0,0,11,11,28,18,14,24,23,17,52,0,178
POA3515,6,4,4,0,15,17,0,0,0,53,0,13,8,0,7,7,3,4,3,54,76,160,164,95,268,290,80,140,25,1299
POA3516,0,7,4,0,0,0,0,0,0,13,0,0,6,0,0,4,0,4,4,16,15,59,46,18,55,76,20,64,22,371
POA3517,0,0,0,0,0,0,0,4,0,14,0,0,4,0,6,4,0,5,15,43,31,66,73,59,85,82,20,100,26,538
POA3518,0,5,0,0,3,0,0,0,0,5,0,5,0,0,4,3,0,0,6,19,31,83,41,34,61,77,14,104,14,456
POA3520,0,0,0,0,0,0,0,0,0,0,0,0,0,0,0,0,0,0,0,3,0,8,0,3,0,0,4,5,0,30
POA3521,0,0,0,0,3,4,0,0,0,7,4,0,0,0,0,0,0,3,8,20,28,45,51,20,69,91,22,45,9,377
POA3522,0,0,0,0,0,6,0,0,0,7,6,0,0,0,0,0,0,3,3,9,11,21,17,17,16,33,9,32,6,157
POA3523,3,12,5,0,9,15,6,10,0,54,5,14,5,3,7,6,0,11,18,75,80,228,193,120,229,256,82,178,36,1410
POA3525,0,0,0,0,0,3,0,3,0,12,3,0,0,0,7,10,0,0,0,21,17,104,67,30,68,91,39,126,5,558
POA3527,0,0,0,0,0,4,0,3,0,12,0,3,0,0,0,0,0,0,3,7,17,47,39,25,37,57,12,77,9,311
POA3529,0,0,0,0,0,3,0,0,0,3,0,0,0,0,0,0,0,0,0,0,0,8,3,3,0,15,4,19,0,60
POA3530,0,0,0,0,0,0,0,0,0,0,0,0,0,0,0,0,0,0,0,0,0,7,6,5,6,10,3,16,0,59
POA3531,0,0,0,0,0,0,0,0,0,0,0,0,0,0,0,3,0,0,0,5,0,10,13,9,8,20,3,17,0,80
POA3533,0,0,0,0,0,0,0,0,0,8,0,4,3,0,0,0,0,0,7,13,8,46,37,21,41,55,12,64,8,302
POA3537,0,4,0,0,0,0,0,0,0,5,0,0,0,0,4,0,0,0,3,16,27,69,43,41,48,70,23,83,10,412
POA3540,0,0,0,0,0,0,0,0,0,5,0,0,0,0,0,0,0,0,0,4,4,9,14,7,6,18,3,25,3,100
POA3542,0,0,0,0,4,0,0,0,0,5,0,0,0,0,6,0,0,0,0,9,0,3,0,5,10,10,3,17,0,60
POA3544,0,0,0,0,0,0,0,3,0,3,0,0,0,0,0,0,0,0,0,5,5,19,11,4,11,25,7,35,0,114
POA3546,0,0,0,0,0,0,0,0,0,0,0,0,0,0,0,0,0,0,4,13,10,22,15,10,16,32,12,49,5,171
POA3549,0,4,4,9,3,5,5,8,0,36,9,21,10,10,36,24,7,9,48,173,60,232,136,119,409,282,107,235,89,1670
POA3550,36,143,92,41,137,113,26,71,7,662,25,76,53,34,104,92,14,65,120,586,1078,3157,2449,1835,4139,3502,1008,2039,256,19460
POA3551,37,118,80,46,119,142,32,86,4,665,15,70,46,32,81,110,22,72,115,574,1033,2686,2132,1563,3454,3494,1035,2187,248,17829
POA3555,21,57,45,35,76,75,11,32,0,364,15,44,26,14,84,65,12,30,49,352,476,1387,1100,869,2099,1714,488,839,129,9108
POA3556,18,44,34,13,60,49,16,14,0,246,21,30,26,18,50,58,11,19,62,290,379,915,735,557,1377,1123,315,568,127,6108
POA3557,3,0,3,0,5,0,0,5,0,17,0,0,0,0,0,0,0,0,4,7,17,66,52,30,70,75,28,72,8,426
POA3558,0,4,3,0,0,9,0,6,0,24,0,4,0,4,4,0,0,4,4,20,23,61,31,30,64,68,18,71,14,365
POA3559,0,0,0,0,4,0,0,4,0,3,0,0,0,0,0,3,4,0,4,9,13,44,26,17,29,47,14,76,6,262
POA3561,4,20,8,3,10,29,8,8,0,94,11,7,0,0,11,6,5,8,22,83,107,299,212,151,271,333,111,395,54,1933
POA3562,0,0,0,0,0,5,0,0,0,6,0,0,0,0,0,0,0,0,0,4,7,16,14,12,15,34,4,23,0,126
POA3563,0,0,0,0,3,0,5,4,0,9,0,0,0,0,4,4,0,3,3,17,24,62,44,23,38,52,27,88,17,369
POA3564,16,70,52,25,61,66,18,33,5,350,16,41,25,11,46,48,11,29,56,280,491,1157,996,690,1560,1516,437,942,148,7929
POA3565,0,0,0,0,0,0,0,0,0,3,0,0,0,0,0,0,0,0,0,3,6,11,5,0,7,14,5,14,0,63
POA3566,0,0,0,0,4,0,0,0,0,8,0,0,0,0,0,0,0,6,7,8,7,36,37,22,32,47,11,55,17,270
POA3567,0,0,3,4,0,0,0,3,0,11,0,0,0,0,0,7,0,0,3,17,11,39,38,27,48,65,25,79,7,327
POA3568,0,4,3,4,9,13,4,7,0,37,8,4,0,7,7,14,0,9,15,72,55,169,141,105,206,235,76,227,27,1242
POA3570,4,0,0,0,4,7,5,3,0,13,0,0,5,0,4,4,0,5,9,23,24,53,44,22,59,69,7,60,13,353
POA3571,0,0,0,0,0,0,0,0,0,3,0,0,0,0,3,0,0,0,0,7,13,17,19,0,20,28,11,40,3,158
POA3572,0,0,0,0,0,0,0,0,0,0,0,0,0,0,0,0,0,0,0,5,4,10,10,4,0,14,10,21,10,71
POA3573,0,0,0,0,0,0,0,0,0,5,0,0,0,0,4,0,0,5,0,7,7,21,24,6,21,28,10,45,5,167
POA3575,0,3,3,0,5,0,0,0,0,9,0,0,0,3,0,0,0,0,10,18,7,48,44,32,40,47,26,99,17,375
POA3576,0,0,0,0,0,0,0,0,0,0,0,0,0,0,0,0,0,4,0,4,0,5,0,0,0,13,0,7,0,34
POA3579,5,16,7,10,17,17,6,15,0,83,3,11,5,4,25,24,3,13,21,108,100,307,266,173,342,428,151,376,52,2195
POA3580,0,5,3,0,0,3,0,0,0,10,3,7,0,4,3,0,3,6,5,22,21,65,79,29,61,76,22,62,7,419
POA3581,0,0,0,0,0,0,0,0,0,3,0,0,0,0,0,0,0,0,0,3,10,3,8,5,9,20,4,15,0,66
POA3583,0,4,0,0,0,0,0,0,0,0,0,0,0,0,0,0,0,0,0,4,0,11,8,6,9,12,4,13,0,75
POA3584,3,3,6,6,7,0,5,8,0,32,0,3,0,0,0,0,0,4,7,21,24,77,66,65,92,92,33,71,16,539
POA3585,20,24,25,14,51,44,13,27,0,215,6,26,17,11,58,41,10,19,53,248,253,750,611,438,1124,1187,292,648,99,5406
POA3586,0,0,4,4,0,5,0,4,0,14,0,0,0,0,9,3,0,0,9,22,23,53,53,38,83,78,25,66,8,431
POA3588,0,0,0,0,0,3,0,0,0,7,3,0,0,0,0,3,0,0,4,11,15,20,16,18,33,36,12,10,10,176
POA3589,0,0,0,0,0,0,0,0,0,4,0,0,0,5,0,4,0,0,3,12,12,19,18,13,38,44,11,28,5,188
POA3590,0,0,0,0,0,0,0,4,0,5,5,0,3,0,0,0,0,0,0,13,14,23,20,15,22,38,9,16,4,163
POA3591,0,0,0,0,0,0,0,0,0,0,0,0,0,0,0,0,0,0,0,0,8,10,13,8,16,13,6,12,0,90
POA3594,0,0,0,0,0,5,0,0,0,12,0,6,0,0,6,0,0,3,3,19,4,42,26,20,60,40,12,33,3,254
POA3595,0,0,0,0,0,3,0,5,0,8,0,0,0,0,0,6,0,0,6,20,7,28,22,24,40,37,16,32,11,217
POA3596,0,0,0,0,0,0,0,0,0,0,0,0,0,0,0,0,0,0,0,0,3,8,3,3,8,9,0,11,0,48
POA3597,0,0,0,0,3,0,0,0,0,8,0,6,0,0,18,4,0,0,4,26,12,16,21,34,60,44,25,48,8,268
POA3599,0,0,0,0,0,0,0,0,0,4,0,0,0,0,0,0,0,0,0,3,0,4,10,0,19,19,8,13,0,64
POA3607,0,0,0,0,0,0,0,0,0,4,0,0,0,0,0,0,0,0,0,0,0,13,10,7,14,17,0,15,0,79
POA3608,5,9,0,0,0,6,5,0,0,28,6,10,3,5,4,10,0,8,12,55,62,171,126,92,212,287,62,170,26,1207
POA3610,0,4,3,0,4,8,0,4,5,17,0,3,6,4,6,13,4,4,9,44,36,90,86,48,101,134,22,90,21,633
POA3612,0,5,0,0,4,4,0,0,0,19,3,8,0,0,9,14,0,0,5,42,34,108,85,61,104,124,23,90,16,639
POA3614,0,3,5,0,3,9,4,4,0,23,0,0,0,0,5,3,0,0,3,18,30,65,43,37,106,100,27,80,12,491
POA3616,3,26,11,10,17,23,8,7,0,104,9,12,11,4,13,19,10,18,12,99,134,348,309,213,416,563,197,343,40,2561
POA3617,0,0,0,0,0,0,0,0,0,3,0,0,0,0,0,0,0,0,0,0,5,12,3,11,9,14,6,20,0,79
POA3618,3,0,0,5,0,0,0,4,0,15,0,0,3,0,3,0,0,4,7,25,14,29,35,26,61,49,14,45,10,290
POA3620,13,31,21,15,28,39,11,25,0,186,10,18,8,12,19,32,9,14,45,166,180,503,436,324,665,684,241,495,124,3653
POA3621,6,6,15,3,6,16,0,9,0,50,0,7,7,5,13,11,3,4,15,71,61,163,117,96,195,208,70,171,42,1128
POA3622,0,0,0,0,0,6,0,0,0,6,0,4,0,4,0,0,0,0,3,11,8,39,30,13,42,53,9,48,8,267
POA3623,0,0,0,0,3,5,0,0,0,14,0,0,0,0,3,0,0,6,3,19,30,48,48,33,55,69,40,68,11,403
POA3624,0,0,0,0,7,0,0,0,0,6,0,4,0,0,0,0,0,0,3,10,12,31,25,14,40,27,14,57,5,225
POA3629,19,27,19,12,48,39,10,17,0,183,7,21,14,9,33,32,16,9,36,178,218,542,431,330,832,809,224,431,81,3893
POA3630,18,96,63,42,136,117,32,51,7,567,27,74,58,27,102,117,26,49,163,622,623,1931,1494,1179,2967,2697,798,1270,313,13262
POA3631,20,39,35,22,82,58,19,41,0,316,9,38,15,14,58,57,18,30,46,278,339,980,772,623,1472,1547,480,989,107,7304
POA3633,0,4,0,0,4,0,0,0,0,15,0,3,3,0,0,0,0,4,3,15,8,59,28,31,61,67,20,63,8,336
POA3634,0,8,8,0,6,9,6,10,0,42,3,6,0,0,3,18,0,8,14,53,55,127,90,88,156,193,57,174,25,953
POA3635,0,3,0,0,0,3,0,0,0,10,0,0,0,0,3,5,0,0,3,11,16,43,31,20,43,67,16,37,7,278
POA3636,0,13,9,4,20,19,3,10,3,94,5,7,9,3,18,13,3,10,28,98,120,293,236,202,408,467,122,309,70,2216
POA3637,0,0,0,0,3,5,0,0,0,12,0,0,3,0,5,0,0,0,0,11,11,44,29,22,48,51,14,72,10,300
POA3638,0,5,3,4,3,13,0,6,0,38,6,3,5,0,3,6,0,9,15,58,39,139,105,107,140,185,62,182,35,1001
POA3639,3,0,0,0,3,0,0,0,0,5,0,0,0,0,0,0,0,0,3,11,19,28,21,21,21,44,9,54,14,223
POA3640,0,3,0,0,4,3,0,9,0,17,0,0,0,0,3,3,0,3,13,24,17,63,49,58,93,79,31,100,20,515
POA3641,0,0,0,0,0,10,0,3,0,18,0,6,0,0,4,5,0,0,0,21,25,86,64,41,78,120,43,93,13,563
POA3644,18,20,17,16,18,36,8,18,5,148,10,18,21,12,21,20,7,6,39,151,201,584,483,345,677,703,255,567,94,3917
POA3646,0,0,0,0,4,5,0,0,0,12,0,0,0,0,3,0,0,4,5,13,14,43,27,22,44,43,18,64,15,288
POA3647,0,0,0,0,0,0,0,0,0,0,0,0,0,0,0,0,0,0,0,0,9,13,3,0,0,7,0,0,0,24
POA3649,0,0,0,0,0,0,0,3,0,5,0,4,0,3,0,0,0,0,3,11,9,40,24,12,35,41,16,39,8,222
POA3658,7,16,15,3,31,19,11,11,3,121,3,27,15,9,23,32,3,24,26,160,176,421,331,209,561,611,183,361,56,2915
POA3659,0,0,0,0,5,5,0,6,0,14,0,0,0,0,0,0,0,0,11,19,19,48,49,23,73,72,27,63,14,381
POA3660,7,15,12,4,23,32,0,14,0,118,9,11,6,8,20,18,4,3,32,108,201,497,388,300,649,652,181,375,75,3328
POA3662,0,0,4,0,0,0,0,0,0,6,0,0,0,0,3,3,0,0,5,17,26,30,36,13,87,237,88,155,12,687
POA3663,0,0,0,0,0,0,0,0,0,0,0,0,5,0,0,3,0,0,0,8,3,12,17,9,13,15,0,23,0,93
POA3664,0,4,0,0,3,0,0,0,0,17,0,0,4,0,4,0,0,3,4,19,35,94,57,37,107,106,35,91,13,563
POA3665,0,0,0,0,0,0,0,0,0,6,0,0,0,0,0,0,0,0,0,3,13,25,22,16,29,29,4,35,7,190
POA3666,5,16,10,8,10,8,0,10,0,66,3,7,7,3,6,20,0,6,17,65,147,315,234,202,324,447,91,341,60,2172
POA3669,0,5,3,0,0,6,0,5,0,21,0,0,0,0,4,4,0,4,6,21,27,97,68,67,75,113,19,99,19,586
POA3670,0,0,3,0,3,0,0,0,0,8,0,0,0,0,4,8,0,6,3,13,16,40,43,25,45,47,12,55,10,297
POA3672,0,34,12,13,22,35,13,16,4,152,13,19,15,7,30,28,10,30,55,211,258,717,535,364,805,835,219,577,129,4437
POA3673,0,14,5,5,3,13,0,4,0,41,0,4,3,0,5,8,3,5,9,35,69,133,103,79,137,185,47,153,15,918
POA3675,5,7,4,4,9,12,0,0,0,39,0,3,6,0,5,0,0,9,4,36,44,137,125,97,188,190,57,147,23,1004
POA3677,24,51,29,18,75,78,18,28,0,325,11,33,31,16,72,69,15,33,58,343,459,1291,1032,870,1896,1625,432,831,135,8563
POA3678,8,9,9,7,22,30,8,18,0,111,14,12,7,7,20,20,3,15,31,128,211,489,421,287,528,623,214,576,68,3419
POA3682,0,4,0,0,6,0,0,5,0,19,0,4,0,0,0,0,0,3,0,13,18,46,34,22,60,59,25,82,4,349
POA3683,0,3,0,0,0,7,0,4,0,25,0,14,0,4,7,15,0,0,3,44,48,127,90,72,152,166,50,111,15,816
POA3685,4,4,5,5,6,12,3,11,0,44,0,7,5,0,5,10,3,3,7,39,75,187,161,106,226,320,76,196,28,1374
POA3687,0,3,0,0,3,3,0,3,0,22,0,5,6,0,0,0,0,0,3,11,29,59,51,39,85,115,28,55,16,473
POA3688,4,3,0,0,5,9,0,3,0,25,5,3,0,0,7,4,0,3,7,32,47,106,65,77,124,146,48,96,15,719
POA3690,41,92,77,39,138,132,35,64,8,631,21,73,48,28,129,112,27,39,129,609,796,2252,1817,1496,3589,3327,1013,1689,287,16278
POA3691,12,41,36,5,32,48,13,28,6,217,9,26,22,15,34,37,9,13,52,205,329,812,684,505,1249,1645,432,962,124,6750
POA3695,0,0,0,0,4,0,0,0,0,9,0,0,0,0,0,3,0,0,6,12,9,41,43,16,46,45,20,54,12,279
POA3697,0,0,3,0,0,0,0,0,0,8,0,0,0,0,0,0,0,0,0,0,20,45,46,22,41,42,10,30,0,263
POA3698,0,3,0,0,0,0,0,0,0,3,0,0,0,0,0,0,0,0,3,16,29,79,57,54,67,84,14,56,18,468
POA3699,0,3,0,0,0,0,0,0,0,9,0,0,0,0,5,0,0,0,3,12,40,124,94,53,96,82,23,59,14,584
POA3700,5,0,4,3,3,5,0,4,0,26,0,3,0,5,0,4,3,4,10,31,41,83,55,58,119,129,36,75,14,605
POA3701,0,0,0,0,0,0,0,0,0,10,0,0,0,0,0,4,0,0,3,12,31,70,47,54,61,78,30,120,7,512
POA3704,0,0,0,0,0,0,0,0,0,0,0,0,0,0,0,0,0,0,0,0,0,5,0,0,0,5,0,4,0,16
POA3705,0,0,0,0,0,0,0,0,0,7,0,0,0,0,0,0,0,0,0,3,0,28,9,14,9,27,5,36,4,128
POA3707,0,9,5,0,3,11,3,5,0,45,9,4,4,5,0,4,0,0,0,25,44,132,103,52,101,152,42,178,21,833
POA3708,0,0,0,0,0,0,0,0,0,0,0,0,0,0,3,0,0,0,0,3,0,3,5,4,5,3,0,9,0,36
POA3709,0,0,0,0,0,0,0,0,0,8,0,0,0,0,0,0,0,0,3,3,15,12,14,9,11,23,7,44,9,138
POA3711,0,4,0,0,3,3,0,3,0,11,3,0,0,3,0,0,0,0,0,8,19,39,38,29,44,46,13,32,5,268
POA3712,0,0,0,0,7,0,0,0,0,8,0,3,0,0,0,0,0,0,6,10,18,29,18,16,36,21,9,17,5,164
POA3713,4,3,0,0,4,0,0,0,0,12,0,4,0,0,0,3,0,3,0,18,36,71,43,31,86,67,19,33,6,390
POA3714,11,14,9,9,9,6,4,7,0,72,0,14,5,3,12,10,0,7,14,75,113,261,192,164,283,296,65,207,43,1624
POA3715,0,0,0,3,6,0,0,0,0,9,0,0,0,0,0,0,0,0,6,12,19,25,26,15,22,35,10,27,7,176
POA3717,3,13,5,0,7,16,5,9,0,60,10,8,6,4,14,15,0,19,11,89,103,241,188,117,205,284,86,217,41,1477
POA3718,0,0,0,0,0,0,0,0,0,0,0,0,0,0,0,3,0,0,0,5,3,5,7,0,8,6,0,11,0,49
POA3719,0,0,0,0,0,0,0,0,0,7,0,0,0,0,0,0,0,0,0,9,14,31,24,27,15,33,17,40,4,207
POA3720,3,3,0,0,0,3,0,0,0,15,0,3,6,0,3,5,0,0,0,14,21,79,39,15,36,72,10,45,13,335
POA3722,4,14,17,14,16,20,11,14,5,115,3,13,8,4,14,13,5,7,21,102,166,431,349,269,400,502,183,359,72,2739
POA3723,0,5,4,0,4,12,0,8,0,38,7,10,8,4,7,8,0,3,21,75,90,281,219,124,229,253,72,241,44,1554
POA3725,0,0,8,0,0,3,0,3,0,14,0,0,0,0,0,0,0,4,0,9,13,36,39,21,56,59,23,51,11,304
POA3726,0,0,0,0,0,0,0,3,0,5,0,0,0,0,0,0,0,0,0,9,3,29,21,10,26,29,16,39,8,176
POA3727,0,0,0,0,3,3,0,0,0,11,0,0,0,0,0,3,0,0,0,5,4,15,11,11,17,26,3,29,0,120
POA3728,0,0,0,0,0,0,0,0,0,4,0,3,3,0,0,5,0,0,5,24,16,60,26,17,47,50,21,46,11,301
POA3730,7,26,12,6,31,35,11,21,0,146,13,17,7,5,19,22,4,9,21,111,270,650,451,342,675,802,231,462,69,3946
POA3732,0,0,0,4,0,4,0,0,0,13,0,0,4,0,3,0,0,0,4,16,17,31,26,34,57,54,13,61,10,301
POA3733,0,0,3,0,0,0,0,0,0,3,0,0,3,0,0,0,0,0,0,6,12,21,21,11,9,16,7,12,0,117
POA3735,0,0,0,0,0,0,0,5,0,10,0,0,0,0,0,4,0,7,3,21,20,48,45,37,38,72,30,60,20,364
POA3737,3,11,11,0,11,14,9,10,4,69,7,9,12,4,7,11,3,5,15,89,143,325,291,196,364,365,106,242,60,2093
POA3738,0,0,0,0,0,0,0,0,0,3,0,0,0,0,0,0,0,0,3,4,3,16,19,8,20,14,3,17,6,108
POA3739,0,0,0,0,0,0,0,0,0,0,0,0,0,0,0,0,0,0,0,7,10,22,20,0,22,20,10,14,0,122
POA3740,0,3,8,0,0,0,0,4,0,24,0,6,0,0,6,4,0,3,3,20,44,101,83,69,90,103,37,94,11,634
POA3741,6,11,8,3,8,3,0,6,0,49,14,13,11,3,5,7,0,4,10,57,147,289,216,157,259,270,82,178,26,1632
POA3744,0,3,0,0,0,0,0,0,0,3,0,0,0,0,0,0,0,0,0,5,27,41,30,28,28,29,10,24,3,223
POA3746,0,0,0,0,0,0,0,0,0,7,0,0,0,0,0,0,0,0,0,3,12,16,16,11,37,33,12,14,0,157
POA3747,3,6,4,3,4,7,0,11,0,46,5,15,4,5,13,10,0,5,19,80,188,372,309,218,404,404,110,298,42,2349
POA3749,0,0,3,4,3,6,0,3,0,28,0,8,5,0,0,9,0,4,3,24,60,167,135,104,143,184,53,148,11,1001
POA3750,26,57,59,22,108,66,15,13,0,371,26,41,56,36,147,123,19,30,126,594,457,1248,1403,971,3093,2491,527,803,257,11246
POA3751,0,0,0,0,0,5,0,0,0,6,0,0,0,0,0,0,0,0,4,5,7,5,7,7,7,21,0,6,4,58
POA3752,23,66,58,34,121,66,26,27,6,419,23,50,40,34,149,111,15,38,106,565,602,1725,1503,1037,3271,2875,659,1059,221,12943
POA3753,9,11,7,5,25,13,9,7,0,85,5,16,12,4,20,38,3,11,27,136,131,239,246,181,570,537,151,265,43,2350
POA3754,77,152,138,59,204,199,46,89,7,975,36,64,67,53,246,207,46,83,153,967,1225,3339,2780,1931,5989,5682,1485,2414,367,25205
POA3755,0,0,0,0,0,3,0,0,0,0,0,0,0,0,0,0,0,0,0,0,0,11,9,8,8,36,11,12,0,100
POA3756,29,43,38,22,75,62,18,26,9,315,12,23,30,23,106,82,23,47,69,415,392,944,824,602,1814,1712,468,830,175,7744
POA3757,18,28,27,13,35,45,14,21,0,207,16,16,13,9,43,54,10,24,32,226,264,657,505,353,831,1005,278,558,94,4548
POA3758,7,11,12,3,15,18,4,8,0,68,5,3,6,7,5,13,0,3,10,55,57,158,131,83,205,234,66,162,25,1117
POA3759,3,0,0,0,0,0,0,0,0,14,3,7,0,0,3,5,0,0,3,21,49,100,48,44,88,130,28,80,10,578
POA3760,0,0,0,0,3,0,0,0,0,5,0,0,0,0,0,0,0,0,0,9,12,47,18,14,24,49,11,26,3,209
POA3761,4,6,11,3,5,7,0,3,0,30,3,6,0,0,4,4,0,4,5,21,36,96,77,45,88,131,29,65,14,587
POA3762,0,0,0,0,0,0,0,0,0,0,0,0,0,0,0,0,0,0,0,0,6,10,7,3,6,10,4,15,3,62
POA3763,9,10,9,0,4,15,3,8,4,49,3,0,0,0,8,4,0,5,8,32,68,125,88,60,165,182,53,90,26,848
POA3764,15,26,21,18,34,50,14,19,4,197,5,27,25,19,37,43,11,26,37,230,255,695,534,373,895,1088,291,644,102,4875
POA3765,17,15,21,19,19,37,10,9,0,152,8,17,13,5,30,31,7,16,19,146,195,522,428,278,598,816,218,383,41,3473
POA3766,0,3,0,0,3,8,0,4,0,20,0,5,0,0,6,5,0,0,0,19,38,122,73,61,120,129,41,75,3,664
POA3767,0,6,4,0,5,5,0,5,0,22,0,7,0,0,0,7,3,7,4,30,34,121,51,47,112,131,44,87,10,640
POA3770,4,17,9,0,10,22,10,16,0,94,3,5,10,3,14,16,3,11,12,76,105,278,192,135,302,376,106,233,42,1765
POA3775,5,22,19,9,22,21,7,18,0,121,6,11,14,3,10,19,7,6,20,93,133,317,238,162,349,451,122,280,46,2097
POA3777,13,45,45,17,39,48,6,29,3,240,13,25,15,17,40,41,6,21,33,213,379,904,689,437,833,1033,262,522,84,5142
POA3778,0,0,0,0,0,3,0,0,0,4,0,0,0,0,0,0,3,3,0,10,15,16,17,12,24,21,3,14,0,117
POA3779,0,0,6,0,0,0,0,0,0,4,0,0,0,0,0,0,0,0,0,0,20,36,32,22,39,18,5,17,0,196
POA3781,9,15,14,6,15,22,9,13,0,96,8,18,12,4,19,34,9,11,18,131,155,318,262,166,424,536,155,251,48,2321
POA3782,10,33,25,12,41,30,9,23,5,190,4,26,20,14,41,44,11,22,21,196,220,665,464,340,707,858,299,523,67,4146
POA3783,7,11,8,3,5,13,0,6,0,51,5,9,3,3,10,23,0,9,4,74,77,196,122,94,234,273,63,155,32,1255
POA3785,0,0,0,0,0,0,0,0,0,0,0,0,0,0,0,0,0,0,0,3,3,0,5,3,10,5,0,0,0,32
POA3786,3,9,0,0,5,4,0,9,0,21,6,4,3,0,10,4,0,7,6,40,58,137,78,55,129,178,51,111,6,808
POA3787,0,0,0,0,5,0,0,4,0,18,0,0,4,0,0,4,0,0,5,16,49,84,61,44,98,85,27,69,4,527
POA3788,3,5,0,5,7,4,5,6,0,32,5,8,6,0,4,14,3,5,5,45,69,162,95,75,134,182,46,114,8,892
POA3789,0,0,0,0,0,0,0,0,0,0,0,0,0,0,0,0,0,0,6,9,9,10,26,8,16,27,5,23,3,137
POA3791,5,0,5,0,7,3,0,0,0,20,0,0,5,3,3,7,6,3,8,32,34,146,82,75,112,142,53,92,9,744
POA3792,0,4,0,0,0,0,0,5,0,14,0,5,4,6,3,4,3,0,0,27,35,102,72,55,78,89,39,59,4,543
POA3793,5,11,11,3,11,19,5,5,0,75,4,5,12,0,13,11,5,9,7,70,121,276,221,151,308,372,103,186,21,1763
POA3795,4,4,4,0,0,14,0,3,0,39,3,3,4,6,3,3,0,0,0,24,35,102,90,56,106,165,36,87,14,691
POA3796,24,49,33,19,36,53,12,27,3,252,11,27,18,13,46,46,11,19,26,233,337,817,685,388,957,1167,297,583,64,5289
POA3797,12,10,4,3,9,16,3,13,0,71,5,13,10,0,17,15,7,7,21,99,110,246,214,132,318,332,93,152,48,1655
POA3799,12,14,14,8,22,30,4,5,7,116,11,31,13,9,33,27,5,21,32,179,186,421,294,227,488,462,115,215,84,2482
POA3802,28,68,71,23,87,95,16,33,5,421,13,59,39,28,169,153,26,48,110,654,439,1588,1292,870,2820,2504,539,855,240,11135
POA3803,21,34,24,12,40,25,8,14,3,178,14,35,31,15,81,72,15,12,56,329,174,635,551,357,1246,966,209,305,124,4572
POA3804,14,36,20,20,30,38,15,28,0,193,4,28,18,13,49,46,13,33,44,249,181,689,480,340,760,944,259,550,74,4277
POA3805,89,182,140,67,283,275,59,81,7,1186,50,132,132,88,452,347,62,127,282,1676,1290,3958,3311,2183,7190,6166,1526,2311,529,28461
POA3806,61,143,122,64,191,170,41,93,11,891,29,118,95,60,282,276,64,100,153,1179,1136,3675,2925,1975,5844,5826,1506,2649,354,25882
POA3807,12,33,27,15,29,27,10,20,0,168,0,23,12,10,42,32,9,26,20,177,199,682,474,309,817,878,296,509,40,4210
POA3808,0,15,14,5,18,7,5,10,0,72,0,10,9,4,9,12,5,10,6,67,80,287,227,113,250,337,102,260,25,1680
POA3809,38,63,51,23,90,64,17,36,0,392,16,33,34,26,137,114,25,42,77,496,540,1196,1089,784,2739,2490,606,936,148,10526
POA3810,100,141,132,62,250,227,60,87,5,1071,44,114,96,75,373,329,53,126,228,1439,1314,3403,2902,2064,6375,5592,1522,2539,467,26180
POA3812,0,13,7,6,9,19,3,8,0,60,4,8,10,0,9,16,4,8,7,65,69,203,160,106,211,256,73,191,22,1291
POA3813,3,4,0,4,5,5,0,5,3,35,0,0,4,0,0,0,0,4,4,20,37,66,58,38,87,105,31,71,12,495
POA3814,0,9,10,4,13,19,3,11,3,70,3,11,0,0,13,13,6,8,9,60,63,201,130,94,202,262,68,208,34,1273
POA3815,3,17,5,3,8,17,3,7,7,73,4,15,8,0,16,19,10,12,23,105,103,272,214,111,305,369,105,236,58,1779
POA3816,0,13,8,9,8,23,7,8,0,70,10,6,5,9,22,23,7,6,22,102,86,201,151,113,266,291,78,235,49,1462
POA3818,25,58,44,29,69,81,8,43,9,360,11,36,21,16,50,62,16,36,61,313,426,1212,947,668,1483,1484,424,987,157,7785
POA3820,30,64,53,44,85,82,32,63,0,452,21,39,16,13,54,66,20,29,54,307,531,1418,1083,816,1818,1809,532,1206,128,9342
POA3821,7,14,4,4,10,16,0,13,0,57,4,7,8,0,13,5,3,13,12,64,109,308,194,139,211,279,76,293,40,1657
POA3822,0,4,0,0,10,7,0,4,0,29,0,3,0,0,5,0,3,0,12,29,23,72,71,35,101,82,32,84,15,508
POA3823,6,0,0,4,6,9,6,3,0,34,3,6,0,0,5,3,0,8,4,30,62,163,124,77,179,161,61,144,13,991
POA3824,4,15,17,7,15,16,4,20,3,96,3,11,4,4,21,19,6,9,28,101,134,380,308,186,453,451,132,361,73,2488
POA3825,12,59,38,27,81,84,11,31,6,348,26,44,23,14,61,79,16,49,89,400,469,1284,1055,719,1707,1519,426,807,213,8196
POA3831,0,9,0,0,10,8,3,7,0,45,0,4,9,0,6,3,0,3,5,31,49,133,117,71,149,160,60,130,16,882
POA3832,0,0,0,0,0,0,0,0,0,0,0,0,0,0,0,0,0,0,0,3,7,26,14,9,15,19,4,24,0,124
POA3833,0,0,0,0,0,0,0,0,0,6,0,0,0,0,4,0,0,0,0,6,5,19,12,6,32,26,4,16,6,128
POA3835,0,0,0,0,0,9,3,0,0,16,0,0,0,0,0,0,0,0,0,6,12,48,33,15,27,36,9,44,8,231
POA3840,12,38,21,10,61,49,10,27,3,237,17,31,25,22,61,64,20,18,61,321,328,996,820,525,1303,1043,318,565,171,6068
POA3842,0,10,6,8,13,10,3,9,0,61,5,9,8,5,8,15,4,4,15,75,110,301,223,175,394,322,92,161,32,1816
POA3844,46,93,74,40,102,122,25,46,4,553,32,55,36,27,79,68,22,72,101,476,843,2104,1679,1264,3109,2804,989,1590,214,14599
POA3847,0,9,4,3,3,3,0,10,0,35,0,3,0,0,11,4,0,6,9,40,56,127,91,64,180,171,61,177,27,960
POA3850,8,46,46,10,45,50,10,15,7,239,10,21,13,14,34,45,6,16,52,223,338,1042,827,537,1257,1365,391,767,124,6654
POA3851,6,13,13,6,6,29,4,4,0,79,6,9,7,10,4,19,4,22,23,117,140,344,292,187,292,408,131,411,59,2267
POA3852,0,0,0,0,0,0,0,0,0,0,0,0,0,0,0,0,0,0,0,0,4,6,0,0,17,54,18,83,0,192
POA3854,0,3,0,0,0,8,3,0,0,22,0,0,0,3,3,13,6,5,6,31,49,103,77,58,94,182,63,108,27,768
POA3856,0,9,0,0,10,4,0,3,0,19,0,0,0,0,7,0,0,4,3,9,33,74,54,42,102,88,27,67,8,511
POA3857,0,0,0,0,0,0,0,0,0,6,0,0,0,0,0,0,0,0,11,14,7,28,23,18,19,31,10,25,16,182
POA3858,9,4,7,0,13,14,3,9,0,54,3,10,3,0,6,6,0,5,8,47,82,192,140,100,178,241,72,251,26,1290
POA3859,5,0,0,0,7,5,0,0,0,14,0,0,4,0,3,4,0,4,4,16,20,53,51,37,58,88,26,104,7,458
POA3860,16,19,21,11,21,34,11,13,0,139,12,16,8,4,10,29,4,18,18,116,248,467,373,286,542,627,188,436,58,3225
POA3862,7,12,8,11,12,15,0,3,0,66,4,13,5,4,12,18,3,15,13,78,92,233,182,139,297,328,92,224,33,1619
POA3864,0,0,0,0,0,0,0,0,0,4,0,0,0,0,0,0,0,0,0,0,6,20,9,6,21,16,3,25,0,103
POA3865,0,4,0,0,3,4,0,0,0,16,3,4,0,0,7,0,0,0,0,12,19,32,33,22,56,46,15,31,5,252
POA3869,0,8,3,0,7,3,6,8,0,43,9,4,0,0,5,3,0,4,6,40,63,114,93,74,179,153,45,128,25,871
POA3870,0,5,3,0,0,0,0,3,0,13,9,6,0,0,6,8,0,8,6,32,31,101,76,35,89,110,23,80,16,560
POA3871,3,4,5,0,9,7,4,4,0,45,0,5,0,0,11,13,4,6,15,52,78,199,184,124,215,213,90,169,40,1306
POA3873,0,0,0,0,0,0,0,0,0,4,0,0,0,0,0,0,0,0,0,0,11,10,18,10,13,35,10,30,3,144
POA3874,0,0,0,0,0,0,0,0,0,0,0,0,0,0,0,0,0,0,0,4,12,41,35,19,24,50,18,43,0,250
POA3875,17,54,48,44,77,78,20,35,4,380,20,42,46,26,68,39,12,41,64,358,464,1308,1147,870,1640,1475,461,929,185,8481
POA3878,0,4,0,9,10,0,4,5,0,27,0,4,0,0,0,0,0,0,8,13,35,89,51,47,94,91,30,55,14,508
POA3880,0,6,4,3,10,9,0,6,0,45,4,9,4,4,3,4,0,6,3,39,96,257,191,133,239,214,55,135,24,1355
POA3882,0,0,6,0,0,4,0,5,3,23,6,0,5,0,6,3,0,0,6,32,38,72,83,46,130,98,38,74,23,605
POA3885,0,5,0,5,6,7,0,11,0,41,0,0,4,4,5,4,0,3,16,40,61,143,111,81,138,164,41,133,23,891
POA3886,0,4,5,0,0,3,0,0,0,9,0,0,0,0,0,0,0,0,4,10,10,25,17,14,23,34,9,31,9,161
POA3887,0,0,0,0,0,0,0,0,0,3,0,0,4,0,0,0,0,0,4,3,7,21,14,4,17,12,7,10,9,105
POA3888,0,10,6,8,8,10,7,0,0,40,4,9,3,0,3,9,0,0,13,42,79,228,183,145,206,203,55,188,30,1314
POA3889,0,0,0,0,0,0,0,0,0,0,0,0,0,0,0,0,0,0,0,0,7,9,4,5,7,3,4,8,0,45
POA3890,0,0,0,0,0,0,0,0,0,0,0,0,0,0,0,0,0,0,0,5,8,23,21,6,16,18,3,16,0,105
POA3891,0,0,0,0,0,0,0,0,0,0,0,0,0,0,0,0,0,0,0,0,0,11,6,5,7,0,0,12,0,38
POA3892,0,5,0,3,0,0,0,0,0,5,0,6,5,0,0,4,0,0,0,20,37,114,78,31,47,73,20,50,8,462
POA3893,0,0,0,0,0,0,0,0,0,0,0,0,0,0,0,0,0,0,0,0,0,0,3,0,0,3,0,10,0,18
POA3895,0,0,0,0,0,0,0,0,0,0,0,0,0,0,4,0,0,4,3,14,4,12,12,9,12,12,3,35,3,98
POA3896,0,0,0,0,0,0,0,0,0,0,0,3,0,0,3,0,0,0,5,16,6,20,21,10,25,27,17,38,10,166
POA3898,0,4,0,0,0,3,0,0,0,8,0,0,0,0,4,0,0,0,6,14,19,58,55,30,36,48,12,62,9,338
POA3900,0,0,0,0,0,0,0,0,0,0,0,0,0,0,0,0,0,0,0,10,3,9,6,3,8,14,4,29,4,73
POA3902,0,0,0,0,0,0,0,3,0,3,0,0,0,0,0,0,0,0,0,4,6,36,16,18,26,35,6,16,5,160
POA3903,0,0,3,0,4,3,5,0,0,16,0,4,0,0,0,0,0,4,17,18,22,51,37,25,54,54,11,47,17,308
POA3904,4,10,0,0,3,7,4,5,0,32,0,11,0,0,0,3,0,6,8,21,63,165,92,68,119,109,38,76,19,756
POA3909,7,20,18,10,20,19,0,4,0,93,13,10,10,10,20,13,0,10,34,116,219,575,411,277,462,510,103,304,76,2939
POA3910,54,68,72,26,85,106,29,54,0,503,17,53,40,21,116,123,31,59,67,528,717,1729,1460,1040,2512,2790,773,1364,134,12506
POA3911,8,24,12,6,21,24,3,11,0,104,3,9,10,9,14,16,4,9,16,89,91,276,230,182,326,433,95,217,33,1884
POA3912,31,54,52,30,77,67,21,40,0,369,15,25,25,13,75,68,9,35,54,330,453,1165,979,745,1481,1701,526,929,113,8095
POA3913,11,21,15,12,23,16,7,12,0,104,4,4,11,3,7,13,0,9,11,65,94,312,252,150,316,328,109,255,34,1847
POA3915,20,24,38,17,42,38,13,14,0,204,13,29,20,13,41,36,3,17,33,201,286,660,529,335,890,863,240,445,68,4321
POA3916,0,5,3,0,3,0,0,0,0,7,0,8,6,3,0,3,0,0,5,23,30,92,78,34,40,96,14,74,9,458
POA3918,9,19,13,8,21,10,0,6,0,94,7,8,8,3,16,11,3,10,11,80,138,323,265,172,368,402,111,227,27,2031
POA3919,3,12,17,0,7,14,5,6,0,66,4,10,3,4,15,13,5,8,5,72,96,262,226,158,303,317,88,151,20,1618
POA3920,0,0,3,0,0,0,0,0,0,3,0,0,0,0,0,0,0,0,6,8,15,22,19,59,216,312,80,192,19,939
POA3921,0,0,0,0,0,0,0,0,0,0,0,0,0,0,0,0,0,0,0,3,4,10,11,4,3,6,6,7,0,57
POA3922,8,26,23,9,18,18,13,17,3,136,16,23,23,11,14,21,10,12,32,166,361,747,547,354,633,651,170,346,97,3902
POA3923,3,5,5,3,0,5,0,0,0,15,4,5,0,0,0,3,0,0,0,7,36,59,43,35,49,62,11,36,4,329
POA3925,3,18,7,0,5,6,0,7,0,58,0,10,9,3,7,9,0,3,13,60,152,376,288,173,306,346,110,212,31,1991
POA3926,0,11,9,3,4,7,0,0,0,34,0,21,7,7,4,5,0,4,14,71,107,292,213,133,215,295,94,191,37,1585
POA3927,7,3,3,4,0,4,0,0,0,24,0,8,5,4,4,3,0,0,5,27,57,180,114,88,100,144,33,96,11,825
POA3928,0,0,0,0,0,0,0,0,0,3,0,3,3,0,5,0,0,0,0,18,16,38,34,20,31,38,9,33,3,225
POA3929,0,0,0,0,0,3,0,0,0,12,4,3,0,0,5,4,0,0,3,22,28,107,72,47,32,71,22,65,13,446
POA3930,23,52,40,26,31,44,8,32,0,256,13,55,30,28,50,62,17,46,47,340,480,1559,1098,736,1153,1810,561,1442,103,8937
POA3931,55,74,55,28,67,72,20,33,4,407,20,57,29,21,81,82,30,45,68,445,720,1803,1349,997,1913,2266,668,1274,181,11179
POA3933,3,4,0,3,0,7,0,0,0,20,0,5,3,0,0,0,0,0,0,16,46,88,63,42,80,117,41,89,4,572
POA3934,35,75,46,32,38,52,16,35,6,320,20,61,27,21,69,91,17,55,47,410,569,1694,1188,793,1417,1905,571,1167,120,9421
POA3936,28,35,38,13,44,37,15,21,0,231,13,42,15,14,32,53,9,26,50,253,433,991,729,505,940,1149,333,632,115,5832
POA3937,0,3,6,0,0,0,4,0,0,16,0,7,3,0,3,4,5,9,10,32,51,141,105,91,94,160,37,118,19,824
POA3938,5,11,10,4,8,12,0,6,0,60,4,19,8,4,3,7,0,3,12,63,127,283,199,109,243,228,73,143,29,1442
POA3939,30,54,32,22,45,38,11,13,3,247,19,46,20,14,35,43,9,21,61,264,543,1169,853,567,1133,1168,310,575,184,6505
POA3940,12,17,5,7,13,11,5,3,0,77,14,10,6,0,8,11,6,6,22,88,127,280,211,156,305,313,70,107,49,1626
POA3941,28,34,34,19,32,22,9,13,0,195,13,46,38,32,37,55,9,19,65,310,477,1026,774,505,873,1115,270,562,133,5732
POA3942,0,9,5,0,0,5,0,0,0,25,6,10,7,0,4,12,3,4,10,58,102,234,141,83,116,197,60,139,25,1092
POA3943,0,0,0,0,0,0,0,4,0,11,6,6,7,0,0,8,0,0,7,41,54,171,117,53,59,140,29,108,10,742
POA3944,0,6,0,0,0,6,0,0,0,7,5,5,5,0,4,0,0,6,3,26,21,67,53,25,32,37,7,63,9,303
POA3945,3,3,4,0,0,4,0,0,0,17,3,3,0,0,3,0,0,6,0,16,35,84,72,40,90,91,25,87,10,530
POA3946,0,0,0,0,0,0,0,3,0,5,0,0,0,0,0,0,0,3,0,5,10,20,24,16,26,29,5,24,3,158
POA3950,6,19,14,7,19,16,8,19,3,102,8,11,20,11,14,24,6,12,21,122,116,375,306,206,375,403,112,284,53,2236
POA3951,0,5,0,3,8,7,0,0,0,18,0,4,4,0,4,0,0,0,0,17,26,101,75,46,56,88,23,81,9,517
POA3953,6,21,18,17,28,37,9,28,8,165,13,18,5,10,27,17,3,11,32,139,188,629,444,303,559,680,221,575,84,3672
POA3954,0,5,0,0,5,5,0,0,0,9,0,3,0,0,0,0,0,0,0,6,10,43,26,22,35,29,3,37,0,207
POA3956,0,11,3,9,4,10,3,0,0,41,3,7,14,5,0,5,3,9,11,56,92,290,148,110,156,220,60,214,32,1320
POA3957,0,4,0,0,0,0,0,0,0,6,0,0,0,0,3,0,0,0,0,8,10,21,28,18,16,21,9,35,0,153
POA3958,0,0,0,0,0,0,0,0,0,6,0,4,0,0,0,0,0,0,5,10,14,27,17,16,6,22,8,33,3,146
POA3959,0,7,0,0,0,0,0,0,0,13,4,0,4,0,0,0,0,0,14,27,41,100,74,53,62,70,26,103,20,556
POA3960,3,4,4,0,3,10,0,0,3,37,0,8,5,0,0,6,0,5,6,31,74,205,148,101,121,166,44,149,28,1045
POA3962,0,0,0,0,3,0,0,0,0,12,3,0,0,0,0,5,0,0,3,18,24,91,46,26,45,68,12,54,9,373
POA3964,0,0,0,0,0,0,0,3,0,3,0,0,0,0,0,0,0,0,0,0,6,21,20,4,11,14,12,9,0,91
POA3965,0,0,0,0,0,0,0,0,0,0,0,0,0,0,0,0,0,0,0,0,4,12,14,9,12,17,3,7,3,71
POA3966,0,0,0,0,0,0,0,0,0,3,0,0,0,0,0,0,0,3,3,10,10,28,37,21,29,47,11,54,11,239
POA3967,0,0,0,0,0,5,0,0,0,4,0,0,0,0,0,0,0,0,0,5,0,4,0,7,0,8,3,23,0,51
POA3971,3,17,8,6,11,11,0,10,0,54,10,8,5,3,7,14,0,8,30,78,82,256,199,156,238,287,74,273,53,1630
POA3975,21,42,32,18,73,59,9,25,3,291,9,50,36,28,151,132,14,46,126,593,354,993,1023,667,2420,2091,417,657,232,8858
POA3976,41,61,54,29,129,88,27,30,5,470,16,84,49,48,275,185,27,45,161,901,447,1420,1257,899,3254,2268,490,780,283,11108
POA3977,151,267,276,139,523,414,114,175,16,2067,109,250,262,198,874,667,139,228,544,3272,2529,6836,6494,4566,14279,12125,3052,4838,1100,55823
POA3978,72,95,109,44,214,141,31,68,11,784,41,103,95,56,287,225,46,64,204,1114,978,2340,2551,1846,6183,4863,1080,1798,419,22062
POA3979,0,0,0,0,0,0,0,0,0,3,0,0,0,0,0,3,0,0,0,8,10,30,26,14,15,43,12,33,9,187
POA3980,7,9,14,3,12,17,6,6,0,75,0,11,12,4,18,20,4,11,18,99,103,240,219,133,398,382,100,202,30,1806
POA3981,11,19,10,10,18,31,7,19,0,128,9,10,11,8,42,32,7,20,29,161,119,355,323,219,513,559,162,418,73,2738
POA3984,14,24,24,17,28,47,3,13,0,175,14,24,12,8,31,35,5,16,34,180,206,449,374,254,624,675,174,407,101,3252
POA3987,3,6,3,3,8,7,0,8,0,42,3,4,4,5,7,7,0,3,10,44,57,92,76,76,147,164,31,136,30,809
POA3988,3,9,4,0,0,7,4,4,0,31,4,3,0,0,3,3,4,0,5,22,39,95,52,43,80,86,35,109,12,558
POA3990,0,0,0,0,0,0,0,0,0,0,0,0,0,0,0,0,0,0,0,0,3,9,7,5,6,5,9,24,3,65
POA3991,3,5,0,0,5,0,0,0,0,14,0,0,0,3,0,0,0,0,6,13,13,37,23,12,25,35,0,22,7,178
POA3992,0,0,3,0,4,0,0,3,0,18,6,6,0,0,7,6,0,0,6,29,44,117,94,58,104,108,23,82,16,641
POA3995,22,43,34,16,44,36,3,23,0,215,13,35,14,13,21,27,3,11,35,182,293,855,636,487,773,848,188,383,87,4555
POA3996,12,18,4,12,6,8,3,5,3,76,7,8,14,3,12,13,0,11,21,90,205,516,373,229,366,483,122,299,50,2652
