POA_CODE_2021,All_inc_NS_Emp_AW,All_inc_NS_E_T,All_inc_NS_UnE_lfw_FTW,All_inc_NS_UnE_lfw_PTW,All_inc_NS_UnE_lfw_Tot,All_inc_NS_T_LF,All_inc_NS_Notin_LF,All_inc_NS_LF_sta_NS,All_inc_NS_Tot,Tot_Emp_WFT,Tot_Emp_WPT,Tot_Emp_AW,Tot_E_T,Tot_UnE_lfw_FTW,Tot_UnE_lfw_PTW,Tot_UnE_lfw_Tot,Tot_T_LF,Tot_Notin_LF,Tot_LF_sta_NS,Tot_Tot
POA3000,0,0,0,0,0,0,0,4,9,163,107,22,288,11,8,21,309,259,5,580
POA3002,0,0,0,0,0,0,5,5,5,33,13,0,46,0,0,5,48,26,5,84
POA3003,0,0,0,0,0,0,0,0,0,49,35,11,92,0,3,0,97,58,0,155
POA3004,0,0,0,0,0,0,0,0,0,95,54,10,163,4,6,12,173,99,3,276
POA3006,0,0,0,0,0,0,0,3,3,175,73,19,268,13,12,26,296,179,8,479
POA3008,0,0,0,0,0,3,0,0,0,95,42,13,148,11,4,13,160,121,0,286
POA3011,0,0,0,0,0,4,0,3,9,243,143,13,399,12,16,30,434,328,9,763
POA3012,0,0,0,0,0,0,3,7,14,355,211,35,602,26,22,48,646,423,15,1083
POA3013,0,0,0,0,0,0,0,0,4,169,112,9,294,11,6,18,313,207,6,522
POA3015,0,0,0,0,0,0,3,0,8,280,141,22,444,13,11,21,465,210,6,680
POA3016,0,0,0,0,0,0,4,3,10,233,114,32,380,15,5,18,398,165,3,566
POA3018,5,6,0,0,0,6,4,3,7,211,102,21,338,11,9,22,355,203,8,567
POA3019,0,0,0,0,0,0,5,8,13,113,95,23,229,23,15,34,263,314,14,589
POA3020,3,8,0,0,0,8,12,33,53,517,412,75,1005,72,81,153,1154,1277,51,2482
POA3021,8,9,0,0,0,8,30,42,87,600,583,125,1311,107,123,225,1538,1812,80,3430
POA3022,0,0,0,0,0,0,0,7,4,43,33,7,86,8,10,15,107,59,7,168
POA3023,5,13,0,0,0,18,14,21,53,854,589,144,1588,84,88,175,1759,1127,36,2926
POA3024,0,8,4,0,4,8,7,10,28,459,335,62,847,44,39,83,931,637,20,1591
POA3025,0,0,0,0,0,0,0,3,5,157,111,21,288,14,12,28,315,295,10,617
POA3026,0,0,0,0,0,0,0,5,3,107,71,15,195,12,11,19,217,115,3,336
POA3027,0,0,0,0,0,0,0,0,6,99,54,16,161,4,0,7,166,80,8,258
POA3028,0,4,0,0,0,6,6,12,25,396,289,57,743,47,23,70,813,618,20,1449
POA3029,7,22,0,0,0,22,18,48,84,1317,851,190,2360,130,121,246,2602,1570,66,4242
POA3030,14,22,0,0,0,30,24,40,88,1552,972,198,2725,126,117,246,2974,1780,65,4815
POA3031,0,0,0,0,0,0,0,7,13,180,124,22,325,19,23,38,363,322,10,701
POA3032,4,3,0,0,0,8,5,10,17,336,208,30,570,36,21,51,622,419,12,1060
POA3033,0,4,0,0,0,4,0,3,5,232,137,18,389,12,7,20,410,252,12,680
POA3034,0,0,0,0,0,0,5,4,7,153,109,21,285,9,8,14,298,249,4,553
POA3036,0,0,0,0,0,0,0,0,4,74,47,13,134,4,6,8,142,82,0,225
POA3037,3,10,0,0,0,12,13,11,35,742,459,105,1303,56,57,112,1414,778,25,2212
POA3038,0,0,4,0,4,6,4,8,14,369,243,40,652,31,12,45,697,435,16,1150
POA3039,0,0,0,0,0,0,0,3,6,155,101,12,264,11,3,15,283,180,3,462
POA3040,0,3,0,0,0,3,6,0,9,354,176,27,556,13,9,23,579,285,0,864
POA3041,0,0,0,0,0,0,0,0,4,185,95,18,301,9,0,10,308,143,5,455
POA3042,4,3,0,0,0,3,4,7,16,270,192,28,494,10,8,20,513,287,10,806
POA3043,0,0,0,0,0,0,6,4,5,296,168,34,504,18,12,35,538,394,10,943
POA3044,5,5,0,0,0,5,0,8,12,366,210,45,622,15,16,30,654,420,6,1084
POA3045,0,0,0,0,0,0,0,0,0,0,0,0,0,0,0,0,0,0,0,0
POA3046,0,4,0,0,0,4,13,9,32,389,276,62,722,33,32,63,786,746,18,1548
POA3047,3,8,0,0,0,8,12,22,41,143,170,41,355,25,26,55,402,766,26,1202
POA3048,4,4,0,0,0,4,10,17,27,160,130,39,320,21,20,42,365,708,22,1098
POA3049,0,0,0,0,0,0,0,0,3,154,100,23,276,11,16,22,296,202,6,509
POA3051,0,0,0,0,0,0,8,4,11,155,128,11,295,9,20,31,325,194,12,530
POA3052,0,0,0,0,0,0,0,0,0,43,24,7,74,0,0,4,80,44,0,123
POA3053,0,0,0,0,0,0,6,6,11,65,70,14,158,5,17,20,180,168,6,350
POA3054,0,0,0,0,0,0,0,6,0,79,52,8,137,5,3,8,148,77,6,228
POA3055,0,0,0,0,0,0,9,3,6,145,99,8,256,5,3,10,267,191,3,460
POA3056,0,0,0,0,0,0,7,0,7,209,132,11,355,6,8,20,368,278,3,653
POA3057,0,0,0,0,0,0,0,0,0,144,91,10,244,9,9,18,260,113,0,371
POA3058,0,0,0,0,0,0,10,5,16,396,246,40,683,22,14,38,719,585,21,1322
POA3059,0,0,0,0,0,0,5,7,7,236,145,32,412,15,9,22,438,268,7,712
POA3060,0,0,0,0,0,0,3,9,12,95,112,20,225,6,22,28,254,336,10,603
POA3061,0,0,0,0,0,0,0,3,8,20,27,9,58,7,7,9,65,171,7,246
POA3062,0,0,0,0,0,0,0,0,0,0,0,0,0,0,0,0,0,0,0,0
POA3063,0,0,0,0,0,0,0,0,0,7,3,5,13,0,0,0,13,6,0,20
POA3064,7,13,0,0,0,13,24,39,71,1109,802,172,2085,85,84,170,2259,1960,63,4285
POA3065,0,0,0,0,0,0,3,4,11,63,73,3,146,10,5,16,159,190,8,364
POA3066,0,0,0,0,0,0,0,9,5,48,56,10,116,13,16,24,138,166,11,315
POA3067,0,0,0,0,0,0,0,0,0,65,33,8,107,0,0,7,107,77,6,185
POA3068,0,0,0,0,0,0,0,0,6,175,109,14,295,6,3,9,305,218,4,524
POA3070,0,0,0,0,0,0,0,3,6,274,181,13,473,13,11,18,497,280,10,784
POA3071,0,4,0,0,0,9,6,0,13,201,161,23,382,5,18,21,402,274,8,682
POA3072,0,10,0,3,3,9,8,10,23,370,293,40,697,21,16,37,734,604,23,1360
POA3073,3,8,0,0,0,8,15,14,38,529,443,67,1032,44,40,89,1124,1162,34,2316
POA3074,0,4,0,0,0,4,6,7,21,205,172,29,404,28,29,57,463,643,14,1120
POA3075,4,4,0,0,0,7,4,15,20,223,199,40,461,26,27,53,507,672,22,1198
POA3076,6,11,0,0,4,8,8,7,24,437,340,42,823,31,28,63,880,709,31,1621
POA3078,0,0,0,0,0,0,0,0,0,124,95,13,232,3,4,4,241,130,0,366
POA3079,0,0,0,0,0,3,4,0,3,205,125,18,345,9,6,14,358,203,6,568
POA3081,0,3,0,0,0,0,8,4,16,160,159,28,347,14,13,30,376,371,15,761
POA3082,0,5,0,0,0,5,13,11,31,394,275,44,710,26,26,51,757,539,12,1316
POA3083,0,5,0,0,0,5,8,6,13,361,290,51,704,25,21,49,749,526,16,1292
POA3084,0,4,0,0,0,0,3,4,10,342,212,25,579,10,14,23,607,306,9,921
POA3085,0,3,0,0,0,3,0,3,4,199,119,15,330,4,7,10,337,189,3,532
POA3087,0,0,0,0,0,0,5,4,6,134,101,16,254,3,0,4,263,155,4,420
POA3088,0,4,0,0,0,4,3,0,9,397,258,37,695,15,21,39,729,349,5,1082
POA3089,0,0,0,0,0,5,4,0,8,196,118,16,332,3,11,12,348,112,0,457
POA3090,0,0,0,0,0,0,0,0,0,11,8,0,20,0,0,0,20,15,0,38
POA3091,0,0,0,0,0,0,0,0,0,10,3,0,16,0,0,0,16,13,0,30
POA3093,0,0,0,0,0,0,0,0,0,52,38,4,90,0,0,0,90,39,0,133
POA3094,0,0,0,0,0,0,0,7,4,156,100,9,271,9,8,14,283,121,3,408
POA3095,4,8,0,0,0,8,0,0,7,395,231,20,649,11,16,26,679,261,5,937
POA3096,0,0,0,0,0,0,0,0,3,28,22,3,51,0,0,0,57,17,0,73
POA3097,0,0,0,0,0,0,0,0,3,11,7,4,25,0,0,0,26,12,0,44
POA3099,0,0,0,0,0,0,0,0,0,71,50,7,130,5,0,5,134,48,3,190
POA3101,0,0,0,0,0,0,0,7,8,326,161,20,510,13,17,31,539,317,3,863
POA3102,0,0,0,0,0,0,0,0,3,100,68,7,169,3,4,9,177,86,5,264
POA3103,0,4,0,0,0,4,0,4,5,200,161,17,384,10,12,20,401,269,7,682
POA3104,0,0,0,0,0,0,0,8,11,220,183,16,421,13,12,32,448,374,9,830
POA3105,0,0,0,0,0,0,0,0,5,134,85,12,225,5,3,8,237,241,12,486
POA3106,0,0,0,0,0,0,0,0,9,145,141,19,305,12,12,25,330,211,3,549
POA3107,4,4,0,0,0,7,3,3,6,172,148,17,340,8,4,15,351,242,7,602
POA3108,0,0,0,0,0,0,0,5,8,308,241,36,582,19,23,38,623,486,7,1114
POA3109,0,0,0,0,0,0,4,5,9,344,291,34,673,20,28,45,721,495,5,1223
POA3111,0,0,0,0,0,0,0,0,3,130,95,18,243,9,12,22,264,140,5,413
POA3113,0,0,0,0,0,0,0,0,0,90,69,14,178,0,3,4,180,83,3,268
POA3114,0,0,0,0,0,0,0,0,4,22,11,0,36,0,0,0,43,27,0,67
POA3115,0,5,0,0,0,5,0,0,4,40,28,5,68,0,0,3,70,22,0,92
POA3116,0,0,0,0,0,0,0,0,8,154,105,28,296,0,9,10,303,161,0,469
POA3121,0,0,0,0,0,0,6,5,18,262,149,19,441,17,26,49,485,420,7,910
POA3122,0,0,0,0,0,0,0,3,7,212,112,14,336,5,12,16,343,182,4,527
POA3123,0,0,0,0,0,0,0,0,0,173,93,8,279,11,4,15,294,137,0,438
POA3124,0,4,0,0,0,4,0,0,9,243,153,21,411,8,14,17,432,246,4,682
POA3125,0,0,0,0,0,0,8,0,12,168,127,17,311,8,12,21,331,234,7,572
POA3126,0,0,0,0,0,0,0,0,3,79,66,11,146,4,5,9,153,107,3,266
POA3127,0,0,0,0,0,0,4,0,4,248,130,16,391,15,11,25,414,187,0,606
POA3128,0,0,0,0,0,0,0,0,7,248,203,25,477,18,17,37,514,370,5,889
POA3129,0,4,0,0,0,4,0,0,10,222,189,21,433,14,9,21,453,317,3,773
POA3130,0,0,0,0,0,0,7,0,6,381,254,43,678,14,25,43,721,438,8,1168
POA3131,0,5,0,0,0,5,0,0,4,294,196,23,506,10,20,24,532,366,3,901
POA3132,0,0,0,0,0,0,5,0,7,209,129,11,349,3,0,10,362,244,3,614
POA3133,0,0,0,0,0,0,6,5,8,286,164,20,464,6,9,19,482,330,3,819
POA3134,0,0,0,0,0,0,14,4,23,457,332,52,842,32,17,47,894,432,19,1334
POA3135,0,0,0,0,0,0,7,0,8,288,191,24,502,9,8,18,522,284,3,812
POA3136,6,12,0,0,0,12,0,9,20,767,536,76,1375,16,31,50,1421,681,22,2125
POA3137,0,0,0,0,0,0,0,3,10,240,183,35,455,6,6,13,473,230,5,714
POA3138,3,5,0,0,0,5,3,10,11,348,281,40,668,12,16,27,698,332,15,1046
POA3139,0,0,0,0,0,0,8,0,13,163,158,22,348,10,8,18,359,176,3,537
POA3140,0,4,0,0,0,4,0,6,11,255,215,23,490,5,10,14,508,227,10,744
POA3141,4,4,0,0,0,4,3,3,15,189,101,25,315,11,8,17,332,251,8,592
POA3142,0,3,0,0,0,4,4,3,9,101,73,11,189,5,6,10,200,173,5,374
POA3143,0,0,0,0,0,0,0,0,0,117,75,12,207,9,5,11,217,93,0,310
POA3144,0,0,0,0,0,0,0,0,3,109,85,6,204,6,7,11,216,127,0,339
POA3145,0,0,0,0,0,0,0,4,7,241,164,17,418,13,15,26,443,242,6,686
POA3146,0,3,0,0,0,3,0,0,4,286,182,25,491,9,15,22,517,246,3,765
POA3147,0,0,0,0,0,0,0,4,5,184,133,13,334,10,13,17,355,224,3,588
POA3148,0,0,0,0,0,0,4,4,7,127,76,14,210,8,12,13,228,168,4,401
POA3149,0,0,0,0,0,0,4,8,10,409,300,39,754,16,22,39,791,523,11,1322
POA3150,3,3,0,0,0,3,9,12,20,614,481,69,1170,23,46,75,1238,1044,22,2307
POA3151,0,4,0,0,0,4,6,0,8,110,86,8,208,5,3,15,217,217,5,441
POA3152,5,3,0,0,0,3,0,0,11,426,268,50,749,20,30,52,797,504,6,1312
POA3153,0,4,0,0,0,4,5,3,10,352,275,44,667,14,14,28,698,405,7,1109
POA3154,0,0,0,0,0,0,0,0,0,60,52,7,112,0,6,8,118,54,0,178
POA3155,0,5,0,0,0,5,7,5,15,373,296,48,718,20,11,33,752,465,4,1224
POA3156,0,9,0,0,0,9,3,4,21,576,433,58,1076,28,24,57,1128,560,9,1696
POA3158,0,0,0,0,0,0,0,0,0,109,86,9,208,0,0,3,213,83,3,298
POA3159,4,4,0,0,0,4,0,0,4,28,25,6,58,0,0,0,57,32,0,89
POA3160,0,0,0,0,0,0,0,0,0,140,121,16,278,0,10,10,288,103,0,391
POA3161,0,8,0,0,0,8,4,0,11,163,105,12,282,9,7,16,298,149,0,450
POA3162,0,0,0,0,0,0,4,0,10,215,130,14,358,7,6,15,372,181,6,563
POA3163,0,0,0,0,0,0,4,0,10,361,204,30,596,11,17,24,620,352,7,983
POA3165,0,5,0,0,0,3,3,3,11,468,285,31,785,22,21,36,822,439,12,1275
POA3166,0,4,0,0,0,4,3,3,9,292,214,26,530,12,17,28,563,383,6,951
POA3167,3,3,0,0,0,3,0,5,6,110,72,20,199,0,5,3,206,168,9,385
POA3168,5,3,0,0,0,3,8,0,7,124,128,24,275,11,9,19,295,263,8,567
POA3169,0,0,0,0,0,0,6,4,10,210,160,31,403,22,14,38,438,476,5,921
POA3170,0,5,0,0,0,5,6,3,7,239,164,35,438,8,14,21,460,318,7,788
POA3171,4,4,0,0,0,3,6,10,22,197,173,24,394,21,19,42,438,602,28,1068
POA3172,0,4,0,0,0,4,3,6,8,310,241,29,579,20,27,48,624,476,13,1118
POA3173,3,7,0,0,0,7,9,6,21,391,239,50,674,24,22,46,727,547,16,1288
POA3174,3,9,0,0,0,12,12,12,38,463,383,57,911,41,43,79,996,989,33,2010
POA3175,5,6,0,0,0,6,18,26,54,535,404,76,1014,71,78,143,1159,1292,57,2508
POA3177,0,0,0,0,0,0,5,10,17,124,90,24,244,10,15,32,265,363,16,646
POA3178,4,9,0,0,0,9,4,4,15,464,272,44,774,22,15,42,817,365,3,1183
POA3179,0,0,0,0,0,0,0,0,0,92,62,6,167,3,3,10,176,90,0,263
POA3180,0,0,0,0,0,0,0,4,9,114,82,15,215,6,3,6,215,117,3,340
POA3181,3,3,0,0,0,3,0,0,7,149,89,12,245,11,6,18,263,176,5,441
POA3182,0,0,0,0,0,0,0,0,0,196,110,23,326,8,11,20,349,156,5,511
POA3183,4,4,0,0,0,4,5,3,13,163,118,13,296,4,9,11,308,136,9,448
POA3184,0,0,0,0,0,0,0,0,3,192,125,26,339,11,8,19,362,122,4,483
POA3185,0,4,0,0,0,4,5,0,0,167,100,11,275,4,0,9,279,143,4,422
POA3186,0,3,0,0,0,3,0,3,6,298,196,27,520,11,7,20,541,240,8,776
POA3187,0,0,0,0,0,0,3,0,10,232,133,22,385,3,8,8,395,197,3,595
POA3188,0,0,0,0,0,0,4,4,9,221,154,20,392,13,5,23,417,249,8,673
POA3189,0,0,0,0,0,0,0,0,0,97,64,7,168,4,0,4,172,96,0,263
POA3190,0,0,0,0,0,4,3,5,13,196,111,17,325,14,5,17,347,163,7,515
POA3191,0,0,0,0,0,0,0,0,0,117,65,18,198,10,7,17,216,119,3,338
POA3192,0,0,0,0,0,0,3,3,12,368,264,30,657,7,15,24,680,354,11,1039
POA3193,0,0,0,0,0,0,5,3,8,200,135,28,359,11,9,18,379,205,3,587
POA3194,0,0,0,0,0,0,0,3,5,246,140,20,404,9,7,16,423,168,3,589
POA3195,8,7,0,0,0,7,8,3,20,522,357,52,927,19,16,36,964,444,7,1407
POA3196,0,4,0,0,0,4,4,5,10,432,316,40,786,14,24,31,815,398,4,1221
POA3197,5,8,0,0,0,8,0,8,15,213,142,27,387,8,14,22,404,188,13,597
POA3198,0,5,0,0,0,8,8,6,19,283,247,33,555,21,26,47,610,381,8,1002
POA3199,8,17,0,0,0,17,28,26,64,951,791,121,1868,49,46,96,1957,1156,39,3160
POA3200,0,0,0,0,0,4,4,7,14,94,71,20,186,11,12,21,207,245,12,457
POA3201,3,6,0,0,0,6,9,6,23,419,357,53,829,23,22,44,864,433,11,1313
POA3202,0,0,0,0,0,0,0,0,0,43,40,4,87,3,0,5,91,26,0,115
POA3204,3,5,0,0,0,5,4,3,21,528,313,48,895,22,19,37,933,418,16,1370
POA3205,0,0,0,0,0,0,0,3,6,120,73,14,200,13,13,25,230,152,3,386
POA3206,0,0,0,0,0,0,0,3,3,137,62,15,217,10,4,12,228,96,3,326
POA3207,0,0,0,0,0,0,6,0,5,244,130,13,394,6,9,16,410,248,4,660
POA3211,0,0,0,0,0,0,0,0,0,8,10,5,20,0,0,0,23,17,0,43
POA3212,0,3,0,0,0,3,0,3,7,287,204,36,522,10,10,21,545,216,8,769
POA3213,0,0,0,0,0,0,0,0,0,56,37,4,92,0,6,8,103,57,0,157
POA3214,3,12,0,0,0,10,23,20,44,311,393,64,769,53,64,117,880,989,41,1912
POA3215,0,5,0,0,0,5,6,5,18,282,272,52,612,19,25,39,655,409,16,1077
POA3216,3,7,0,0,0,7,4,3,18,723,572,90,1391,24,32,53,1446,722,7,2171
POA3217,0,0,0,0,0,0,0,4,3,302,265,41,611,13,8,25,634,150,3,784
POA3218,0,0,0,0,0,6,4,4,8,214,165,30,416,3,5,16,423,156,6,589
POA3219,0,5,0,0,0,5,16,12,33,270,305,44,624,22,27,46,664,503,21,1185
POA3220,0,0,0,0,0,0,0,0,0,212,149,9,372,8,6,18,391,157,6,547
POA3221,0,0,0,0,0,0,0,0,0,8,7,0,21,0,0,0,18,10,0,26
POA3222,3,4,0,0,0,4,3,4,14,221,242,40,505,8,14,23,526,260,8,793
POA3223,0,0,0,0,0,0,6,3,8,54,77,15,139,3,3,12,150,162,5,318
POA3224,0,0,0,0,0,0,4,0,13,216,187,31,431,6,12,15,449,199,0,650
POA3225,0,0,0,0,0,0,0,0,0,44,40,5,84,0,4,4,90,42,0,138
POA3226,0,0,0,0,0,0,9,6,8,198,201,29,429,11,9,19,447,145,8,605
POA3227,0,4,0,0,0,4,0,0,4,53,53,3,112,0,3,5,117,44,0,156
POA3228,0,0,0,0,0,0,0,5,8,270,202,21,490,10,10,21,507,150,10,669
POA3230,0,0,0,0,0,0,0,0,0,22,21,5,51,0,0,0,48,23,0,77
POA3231,0,0,0,0,0,0,0,0,0,20,15,4,33,0,0,0,33,11,0,45
POA3232,0,0,0,0,0,0,0,0,0,14,8,6,23,0,0,0,23,15,0,42
POA3233,0,0,0,0,0,0,0,0,0,18,27,3,51,0,0,5,57,24,0,79
POA3234,0,0,0,0,0,0,0,0,0,0,0,0,0,0,0,0,0,4,0,7
POA3235,0,0,0,0,0,0,0,0,0,4,12,3,19,0,0,0,20,4,0,24
POA3236,0,0,0,0,0,0,0,0,0,3,4,0,8,0,0,0,8,9,0,17
POA3237,0,0,0,0,0,0,0,0,0,0,0,0,0,0,0,0,0,4,0,10
POA3238,0,0,0,0,0,0,0,0,0,0,3,0,3,0,0,0,3,0,0,7
POA3239,0,0,0,0,0,0,0,0,0,0,7,0,10,0,0,0,10,9,0,16
POA3240,0,0,0,0,0,0,0,0,0,14,19,4,38,0,0,0,38,13,0,51
POA3241,0,0,0,0,0,0,0,0,0,22,25,6,58,0,0,0,58,57,0,116
POA3242,0,0,0,0,0,0,0,0,0,12,9,0,14,0,0,0,19,4,0,26
POA3243,0,0,0,0,0,0,0,0,0,4,5,0,6,0,0,0,6,0,0,6
POA3249,0,0,0,0,0,0,0,4,4,21,18,3,43,0,3,3,46,46,0,92
POA3250,0,0,0,0,0,0,5,4,8,135,167,32,336,4,5,5,342,190,9,543
POA3251,0,0,0,0,0,0,0,0,0,5,5,0,9,0,0,0,9,7,0,12
POA3254,0,0,0,0,0,0,0,0,0,11,6,0,12,0,0,0,12,0,0,14
POA3260,0,0,0,0,0,0,4,0,4,48,51,4,100,0,0,3,102,67,5,175
POA3264,0,0,0,0,0,0,0,0,0,26,25,7,57,0,3,6,58,48,3,105
POA3265,0,0,0,0,0,0,0,0,0,23,24,3,49,0,0,0,50,40,0,88
POA3266,0,0,0,0,0,0,0,0,0,27,37,10,70,0,6,6,70,44,0,117
POA3267,0,0,0,0,0,0,0,0,0,5,0,0,6,0,0,0,6,0,0,3
POA3268,0,0,0,0,0,0,0,0,3,20,20,3,42,0,4,4,41,29,3,74
POA3269,0,0,0,0,0,0,0,0,0,4,11,0,15,0,0,0,23,3,0,23
POA3270,0,0,0,0,0,0,0,0,0,0,3,0,6,0,0,0,6,4,0,6
POA3271,0,0,0,0,0,0,0,0,0,5,3,0,4,0,0,0,5,0,0,9
POA3272,0,0,0,0,0,0,0,0,0,18,24,0,44,0,0,0,47,25,0,77
POA3273,0,0,0,0,0,0,0,0,0,6,0,0,6,0,0,0,6,0,0,6
POA3274,0,0,0,0,0,0,0,0,0,6,5,0,9,0,0,0,10,9,0,14
POA3275,0,0,0,0,0,0,0,0,0,0,4,0,8,0,0,0,8,6,0,14
POA3276,0,0,0,0,0,0,0,0,0,3,4,0,15,0,0,0,15,5,0,16
POA3277,0,0,0,0,0,0,0,0,0,27,9,4,35,0,0,0,39,21,0,62
POA3278,0,0,0,0,0,0,0,0,0,0,3,0,3,0,0,0,3,8,0,12
POA3279,0,0,0,0,0,0,0,0,0,0,0,0,7,0,0,0,7,0,0,3
POA3280,0,4,0,0,0,4,11,7,18,441,493,81,1012,21,27,48,1057,492,24,1576
POA3281,0,0,0,0,0,0,0,0,0,20,12,0,29,0,0,0,30,20,0,50
POA3282,0,0,0,0,0,0,0,4,3,21,44,4,67,0,4,5,72,30,5,104
POA3283,0,0,0,0,0,0,0,0,3,14,15,7,34,0,0,0,38,12,0,44
POA3284,0,6,0,0,0,6,0,0,7,29,31,3,71,5,3,7,80,42,3,129
POA3285,0,0,0,0,0,0,0,0,0,4,11,0,17,0,0,0,17,13,0,32
POA3286,0,0,0,0,0,0,0,0,0,4,4,0,11,0,0,0,16,4,0,14
POA3287,0,0,0,0,0,0,0,0,0,5,0,0,6,0,0,0,6,0,0,6
POA3289,0,0,0,0,0,0,0,0,0,0,5,0,5,0,0,0,5,10,0,19
POA3292,0,0,0,0,0,0,0,0,0,0,0,0,0,0,0,0,0,4,0,0
POA3293,0,0,0,0,0,0,0,0,0,3,3,0,3,0,0,0,3,4,0,8
POA3294,0,0,0,0,0,0,0,0,0,9,8,0,18,0,0,0,25,5,0,24
POA3300,0,0,0,0,0,0,3,5,5,119,124,17,256,5,8,13,273,158,8,442
POA3301,0,0,0,0,0,0,0,0,0,10,5,0,15,0,0,0,15,10,0,24
POA3302,0,0,0,0,0,0,0,0,0,0,3,0,4,0,0,0,10,9,0,15
POA3303,0,0,0,0,0,0,0,0,0,0,0,0,4,0,0,0,4,5,0,5
POA3304,0,0,0,0,0,0,0,3,3,32,31,0,69,0,0,3,75,38,3,117
POA3305,0,3,0,0,0,3,5,6,11,143,140,23,314,13,21,28,342,244,11,603
POA3309,0,0,0,0,0,0,0,0,0,0,0,0,5,0,0,0,5,0,0,8
POA3310,0,0,0,0,0,0,0,0,0,3,0,0,3,0,0,0,3,0,0,7
POA3311,0,0,0,0,0,0,0,6,6,14,11,0,25,0,0,0,27,23,4,55
POA3312,0,0,0,0,0,0,0,0,0,6,5,0,13,0,0,0,12,9,0,22
POA3314,0,0,0,0,0,0,0,0,0,8,0,0,6,0,0,0,6,6,0,16
POA3315,0,0,0,0,0,0,0,0,0,20,20,4,45,5,0,5,44,22,0,71
POA3317,0,0,0,0,0,0,0,0,0,0,0,0,0,0,0,0,0,3,0,10
POA3318,0,0,0,0,0,0,0,0,0,4,4,6,19,0,0,0,19,17,0,37
POA3319,0,0,0,0,0,0,0,0,0,0,0,0,4,0,0,0,8,0,0,4
POA3321,0,0,0,0,0,0,0,0,0,13,12,0,28,0,0,0,28,13,0,36
POA3322,0,0,0,0,0,0,0,0,0,0,4,0,4,0,0,0,0,5,0,9
POA3323,0,0,0,0,0,0,0,0,0,0,0,0,0,0,0,0,0,0,0,4
POA3324,0,0,0,0,0,0,0,0,0,3,4,0,10,0,0,0,10,8,0,16
POA3325,0,0,0,0,0,0,0,0,0,0,0,0,0,0,0,0,5,4,0,13
POA3328,0,0,0,0,0,0,0,0,0,12,12,3,35,0,4,4,31,12,5,50
POA3329,0,0,0,0,0,0,0,0,0,5,7,0,8,0,0,0,8,0,0,11
POA3330,0,0,0,0,0,0,0,0,0,0,3,0,3,0,0,0,3,5,0,11
POA3331,0,0,0,0,0,0,0,0,0,77,75,8,166,3,0,0,171,63,5,233
POA3332,0,0,0,0,0,0,0,0,0,18,11,0,27,0,0,0,25,10,0,35
POA3333,0,0,0,0,0,0,0,0,0,10,7,4,15,0,0,0,15,15,0,38
POA3334,0,0,0,0,0,0,0,0,0,12,9,3,18,0,0,0,18,4,0,19
POA3335,0,0,0,0,0,0,0,0,4,71,46,10,127,9,10,13,150,79,0,230
POA3336,5,3,0,0,0,3,4,3,7,225,113,27,366,8,5,18,386,164,3,559
POA3337,3,12,0,0,0,10,21,16,49,540,488,106,1133,69,83,149,1284,1130,24,2439
POA3338,4,5,0,0,0,12,14,9,34,443,334,78,854,58,50,110,956,803,22,1775
POA3340,0,0,0,0,0,6,4,5,15,389,259,41,684,25,23,44,727,420,15,1156
POA3341,0,0,0,0,0,0,0,0,3,19,13,3,32,0,0,0,34,21,0,53
POA3342,0,0,0,0,0,0,0,0,0,52,39,10,96,3,0,3,98,67,0,170
POA3345,0,0,0,0,0,0,0,0,3,13,15,4,26,0,0,0,29,18,0,48
POA3350,0,10,0,0,0,10,10,10,34,900,864,106,1871,71,71,145,2010,1054,21,3091
POA3351,0,3,0,0,0,3,0,4,8,83,74,13,174,0,4,11,182,107,5,298
POA3352,0,0,0,0,0,0,0,8,9,191,145,25,363,5,6,19,379,199,8,581
POA3355,0,3,5,0,5,8,16,16,34,167,205,30,399,18,23,39,440,406,24,869
POA3356,0,3,3,0,3,5,12,11,27,235,295,50,581,28,25,50,636,447,18,1103
POA3357,0,0,0,0,0,0,0,0,0,44,34,4,88,0,0,0,88,41,0,127
POA3358,0,0,0,0,0,0,0,0,0,32,56,7,90,0,3,0,93,47,0,137
POA3360,0,0,0,0,0,0,0,0,3,7,4,3,16,3,0,5,14,16,0,37
POA3361,0,0,0,0,0,0,0,4,7,5,9,0,12,0,0,0,11,15,4,37
POA3363,0,0,0,0,0,0,0,0,0,28,40,9,82,4,0,3,87,62,0,148
POA3364,0,0,0,0,0,0,0,0,0,15,16,0,36,0,0,0,36,24,0,59
POA3370,0,0,0,0,0,0,0,0,0,13,26,5,42,3,0,9,49,47,0,99
POA3371,0,0,0,0,0,0,0,0,0,12,5,0,18,0,0,0,23,26,0,52
POA3373,0,0,0,0,0,0,0,4,3,23,16,5,50,0,0,0,51,47,4,104
POA3374,0,0,0,0,0,0,0,0,0,3,0,0,8,0,0,0,3,4,0,13
POA3375,0,0,0,0,0,0,0,0,0,0,0,0,0,0,0,0,0,8,0,8
POA3377,0,0,0,0,0,0,3,0,6,111,110,18,242,13,9,17,266,158,3,426
POA3378,0,0,0,0,0,0,0,0,0,0,0,0,0,0,0,0,0,0,0,3
POA3379,0,0,0,0,0,0,0,0,0,7,7,0,11,0,0,0,7,15,0,27
POA3380,0,0,0,0,0,0,6,5,10,50,66,9,127,0,0,0,129,121,4,259
POA3381,0,0,0,0,0,0,0,0,0,11,9,0,19,0,0,0,19,14,0,34
POA3384,0,0,0,0,0,0,0,0,0,0,0,0,4,0,0,5,8,13,0,15
POA3385,0,0,0,0,0,0,0,0,0,0,4,0,4,0,0,0,4,8,0,11
POA3387,0,0,0,0,0,0,0,0,0,0,0,0,3,0,0,0,3,3,0,5
POA3388,0,0,0,0,0,0,0,0,0,8,3,0,9,0,0,3,11,8,0,19
POA3390,0,0,0,0,0,0,0,0,4,7,9,0,20,0,0,0,20,27,0,43
POA3391,0,0,0,0,0,0,0,0,0,0,0,0,0,0,0,0,0,6,0,6
POA3392,0,0,0,0,0,0,0,0,0,4,6,0,14,0,0,0,14,12,0,25
POA3393,0,0,0,0,0,0,0,0,4,25,33,8,60,0,0,0,60,45,3,112
POA3395,0,0,0,0,0,0,0,0,0,0,0,0,3,0,0,0,3,3,0,9
POA3396,0,0,0,0,0,0,0,0,0,9,4,0,14,0,0,0,16,10,0,23
POA3400,4,4,0,0,0,4,5,8,10,184,198,36,412,8,13,23,434,286,11,734
POA3401,0,0,0,0,0,0,0,3,3,34,25,3,67,0,0,0,67,34,8,106
POA3407,0,0,0,0,0,0,0,0,0,9,4,0,4,0,0,0,9,0,0,10
POA3409,0,0,0,0,0,0,0,0,0,12,12,0,24,0,0,0,22,8,0,30
POA3412,0,0,0,0,0,0,0,0,0,4,0,0,5,0,0,0,4,5,0,15
POA3413,0,0,0,0,0,0,0,0,0,0,0,0,3,0,0,0,3,0,0,3
POA3414,0,0,0,0,0,0,0,0,3,16,16,3,28,0,6,3,34,30,0,66
POA3415,0,0,0,0,0,0,0,0,0,0,0,0,0,0,0,0,0,0,0,0
POA3418,0,0,0,0,0,0,0,0,0,15,28,3,42,0,0,0,47,33,0,81
POA3419,0,0,0,0,0,0,0,0,0,3,12,0,14,0,3,4,23,7,0,33
POA3420,0,0,0,0,0,0,0,0,0,0,3,0,3,0,0,0,3,0,0,6
POA3423,0,0,0,0,0,0,0,0,0,0,3,0,3,0,0,0,3,11,0,17
POA3424,0,0,0,0,0,0,0,0,0,3,3,0,5,0,0,0,5,9,0,19
POA3427,0,0,0,0,0,0,0,0,0,90,55,11,151,5,3,8,159,72,4,231
POA3428,0,0,0,0,0,0,0,0,0,7,9,0,13,0,0,0,11,9,0,22
POA3429,4,7,0,0,0,7,10,8,22,674,432,88,1197,28,26,56,1254,596,19,1866
POA3430,0,0,0,0,0,0,0,0,0,0,4,0,5,0,0,0,7,6,0,16
POA3431,0,0,0,0,0,0,0,3,3,51,47,6,104,0,4,4,112,42,3,151
POA3432,0,0,0,0,0,0,0,0,0,0,0,0,6,0,0,0,6,0,0,6
POA3433,0,0,0,0,0,0,0,0,0,0,4,0,3,0,0,0,3,0,0,11
POA3434,0,0,0,0,0,0,0,0,0,60,49,10,114,3,8,10,125,88,0,212
POA3435,0,4,0,0,0,4,0,0,4,44,28,3,76,0,0,0,77,50,3,128
POA3437,0,0,0,0,0,0,0,6,4,146,112,15,268,0,7,8,277,76,10,368
POA3438,0,0,0,0,0,0,0,0,0,26,25,0,54,0,0,0,57,16,6,71
POA3440,0,0,0,0,0,0,0,0,0,14,15,5,38,0,0,0,42,18,0,60
POA3441,0,0,0,0,0,0,0,0,0,6,8,0,10,0,0,0,10,16,0,26
POA3442,0,0,0,0,0,0,0,4,5,112,92,9,216,3,3,10,220,110,7,335
POA3444,0,3,0,0,0,3,3,3,8,108,78,20,204,7,4,12,220,128,5,347
POA3446,0,0,0,0,0,0,0,0,0,8,7,0,14,0,0,0,18,12,0,30
POA3447,0,0,0,0,0,0,0,0,0,3,3,0,12,0,0,0,12,8,0,25
POA3448,0,0,0,0,0,0,0,0,0,8,6,0,19,0,0,0,16,13,0,32
POA3450,0,0,0,0,0,0,6,0,3,97,115,15,228,0,0,8,235,133,7,373
POA3451,0,0,0,0,0,0,0,0,0,54,95,11,162,0,4,0,167,82,0,251
POA3453,0,0,0,0,0,0,0,0,0,14,19,0,38,0,0,0,40,25,0,65
POA3458,0,0,0,0,0,0,0,0,0,12,24,3,40,4,0,5,43,25,4,69
POA3460,0,0,0,0,0,0,0,4,0,28,40,0,69,0,3,3,73,57,3,134
POA3461,0,0,0,0,0,0,4,0,0,26,40,5,69,0,4,3,73,58,0,135
POA3462,0,0,0,0,0,0,0,0,0,12,14,0,35,0,0,0,33,11,0,46
POA3463,0,0,0,0,0,0,3,0,3,21,19,4,40,0,0,3,44,37,0,79
POA3464,0,0,0,0,0,0,0,0,0,7,7,0,16,6,0,4,23,12,6,39
POA3465,0,3,0,0,0,3,3,7,13,94,122,21,235,15,8,19,256,273,13,543
POA3467,0,0,0,0,0,0,0,0,0,6,10,0,19,3,0,4,24,36,0,60
POA3468,0,0,0,0,0,0,0,0,0,0,5,0,5,0,0,0,5,3,0,6
POA3469,0,0,0,0,0,0,0,0,0,5,0,0,5,0,0,0,5,4,0,3
POA3472,0,0,0,0,0,0,0,0,3,12,11,0,27,8,0,8,31,47,0,75
POA3475,0,0,0,0,0,0,0,0,0,0,0,0,0,3,0,3,9,9,0,9
POA3477,0,0,0,0,0,0,0,0,0,6,4,0,7,0,0,0,11,7,0,26
POA3478,0,0,0,0,0,0,0,0,0,25,31,3,55,4,7,5,62,47,4,114
POA3480,0,0,0,0,0,0,0,0,0,16,7,0,32,0,0,0,28,24,0,54
POA3482,0,0,0,0,0,0,0,0,0,0,0,0,0,0,0,0,0,4,0,4
POA3483,0,0,0,0,0,0,0,0,0,4,0,0,10,0,0,0,9,14,0,23
POA3485,0,0,0,0,0,0,0,0,0,0,0,0,0,0,0,0,0,6,0,6
POA3487,0,0,0,0,0,0,0,0,0,0,0,0,0,0,0,0,0,0,0,0
POA3488,0,0,0,0,0,0,0,0,0,0,0,0,0,0,0,0,0,0,0,0
POA3489,0,0,0,0,0,0,0,0,0,0,0,0,0,0,0,0,0,0,0,0
POA3490,0,0,0,0,0,0,3,0,4,8,10,0,18,5,0,5,25,14,0,37
POA3491,0,0,0,0,0,0,0,0,0,0,0,0,0,0,0,0,0,5,0,4
POA3494,0,0,0,0,0,0,0,0,0,8,4,0,11,0,0,0,13,6,0,9
POA3496,0,0,0,0,0,0,3,5,6,75,56,6,138,9,4,12,148,118,7,267
POA3498,0,0,0,0,0,0,3,0,3,68,45,7,122,5,0,4,128,64,3,189
POA3500,7,19,0,0,0,19,26,15,50,548,437,76,1054,34,47,76,1136,746,35,1910
POA3501,0,0,0,0,0,0,0,0,0,15,5,0,19,0,0,4,22,22,0,43
POA3505,5,5,0,0,0,5,0,0,7,77,36,14,127,8,5,11,132,70,4,209
POA3506,0,0,0,0,0,0,0,0,0,0,0,0,0,0,0,0,0,0,0,0
POA3507,0,0,0,0,0,0,0,0,0,0,0,0,4,0,0,0,4,5,0,5
POA3509,0,0,0,0,0,0,0,0,0,0,0,0,4,0,0,0,5,4,0,7
POA3512,0,0,0,0,0,0,0,0,0,3,0,0,4,0,0,0,4,4,0,8
POA3515,0,0,0,0,0,0,0,0,0,23,15,6,44,0,0,0,44,9,0,52
POA3516,0,0,0,0,0,0,0,0,0,0,0,0,4,0,0,0,6,8,0,14
POA3517,0,0,0,0,0,0,0,0,0,9,11,0,21,5,0,3,26,27,0,50
POA3518,0,0,0,0,0,0,0,0,8,4,3,0,15,0,0,0,16,32,0,43
POA3520,0,0,0,0,0,0,0,0,0,0,0,0,0,0,0,0,0,5,0,5
POA3521,0,0,0,0,0,0,0,0,4,5,9,0,15,0,0,0,18,17,3,38
POA3522,0,0,0,0,0,0,0,0,0,0,3,0,5,0,0,0,5,7,0,11
POA3523,0,0,0,0,0,0,4,0,5,19,26,10,50,0,0,9,57,78,0,135
POA3525,0,0,0,0,0,0,0,0,3,11,14,0,19,0,4,5,24,14,0,43
POA3527,0,0,0,0,0,0,0,0,0,0,6,0,10,0,5,4,14,12,0,27
POA3529,0,0,0,0,0,0,0,0,0,0,3,0,3,0,0,0,3,3,0,6
POA3530,0,0,0,0,0,0,0,0,0,0,0,0,0,0,0,0,0,0,0,0
POA3531,0,0,0,0,0,0,0,0,0,0,3,0,3,0,0,0,3,3,0,7
POA3533,0,0,0,0,0,0,0,0,0,5,11,0,16,0,0,0,20,12,0,33
POA3537,0,0,0,0,0,0,0,0,0,6,7,3,17,0,0,0,15,15,0,31
POA3540,0,0,0,0,0,0,0,0,0,0,0,0,3,0,0,0,4,5,0,12
POA3542,0,0,0,0,0,0,0,0,0,0,0,0,0,0,0,0,0,0,0,5
POA3544,0,0,0,0,0,0,0,0,0,0,0,0,3,0,0,0,3,0,0,9
POA3546,0,0,0,0,0,0,0,0,0,0,3,0,3,0,0,0,3,9,0,9
POA3549,0,0,0,0,0,0,0,0,0,20,18,0,37,0,7,4,49,62,5,113
POA3550,4,5,0,0,0,11,9,17,34,599,620,77,1301,29,46,77,1379,865,30,2266
POA3551,0,0,0,0,0,3,3,7,12,396,338,55,788,22,20,40,830,345,3,1179
POA3555,0,9,0,0,0,9,9,9,21,312,303,50,663,21,20,37,698,473,12,1182
POA3556,3,3,0,0,0,3,11,6,13,231,211,39,480,8,12,27,504,374,18,891
POA3557,0,0,0,0,0,0,0,0,0,5,5,0,16,0,0,0,16,10,0,24
POA3558,0,0,0,0,0,0,0,0,0,7,12,6,26,0,0,0,23,17,0,48
POA3559,0,0,0,0,0,0,0,0,0,3,11,0,15,0,0,0,14,3,0,18
POA3561,0,0,0,0,0,0,4,4,3,38,51,15,94,0,0,0,97,71,5,172
POA3562,0,0,0,0,0,0,0,0,0,5,0,0,4,0,0,0,4,0,0,10
POA3563,0,0,0,0,0,0,0,0,6,11,13,5,22,0,0,0,23,17,3,43
POA3564,3,4,0,0,0,6,6,7,15,200,203,39,442,10,14,20,461,302,9,778
POA3565,0,0,0,0,0,0,0,0,0,0,0,0,0,0,0,0,0,0,0,0
POA3566,0,0,0,0,0,0,0,0,0,7,3,0,12,0,0,0,12,9,0,23
POA3567,0,0,0,0,0,0,0,0,0,8,6,0,13,0,0,0,13,5,0,19
POA3568,0,0,0,0,0,0,0,0,0,13,21,5,38,0,0,0,44,37,0,86
POA3570,0,0,0,0,0,0,0,0,0,9,8,0,13,0,0,0,15,11,0,30
POA3571,0,0,0,0,0,0,0,0,0,7,0,0,7,0,0,0,7,5,0,10
POA3572,0,0,0,0,0,0,0,0,0,0,3,0,3,0,0,0,3,0,0,3
POA3573,0,0,0,0,0,0,0,0,0,0,3,0,3,0,0,0,3,6,0,12
POA3575,0,0,0,0,0,0,0,0,0,6,8,0,9,0,0,0,12,18,0,32
POA3576,0,0,0,0,0,0,0,0,0,0,0,0,0,0,0,0,0,0,0,0
POA3579,0,3,0,0,0,3,7,3,14,39,41,7,85,9,9,12,98,111,3,216
POA3580,0,0,0,0,0,0,0,3,3,9,16,0,21,0,0,0,25,13,6,43
POA3581,0,0,0,0,0,0,0,0,0,0,0,0,0,0,0,0,0,0,0,0
POA3583,0,0,0,0,0,0,0,0,0,0,0,0,0,0,0,0,0,0,0,0
POA3584,0,0,0,0,0,0,0,0,0,15,11,0,28,0,0,0,27,13,0,40
POA3585,0,4,0,0,0,4,0,3,6,148,130,29,301,10,7,15,317,187,4,509
POA3586,0,0,0,0,0,0,0,0,0,3,3,0,8,0,0,0,8,6,0,12
POA3588,0,0,0,0,0,0,0,0,0,7,9,0,11,0,0,0,8,4,0,16
POA3589,0,0,0,0,0,0,0,0,0,4,4,0,6,0,0,0,6,3,0,6
POA3590,0,0,0,0,0,0,0,0,0,4,0,0,3,0,0,0,3,0,0,3
POA3591,0,0,0,0,0,0,0,0,0,3,0,0,3,0,0,0,3,0,0,3
POA3594,0,0,0,0,0,0,0,0,0,4,6,0,10,0,0,0,14,13,0,18
POA3595,0,0,0,0,0,0,0,0,0,4,4,0,13,0,0,0,14,17,0,33
POA3596,0,0,0,0,0,0,0,0,0,3,0,0,3,0,0,0,3,0,0,4
POA3597,0,0,0,0,0,0,0,0,0,0,0,0,4,0,0,0,4,8,0,10
POA3599,0,0,0,0,0,0,0,0,0,0,0,0,0,0,0,0,0,3,0,0
POA3607,0,0,0,0,0,0,0,4,4,0,0,0,0,0,0,0,0,0,4,8
POA3608,0,0,0,0,0,0,5,0,3,19,19,3,44,7,0,6,51,49,0,105
POA3610,0,0,0,0,0,0,0,4,4,13,15,0,34,0,0,0,31,18,4,49
POA3612,0,0,0,0,0,0,0,0,0,11,19,4,27,0,0,0,27,33,0,66
POA3614,0,0,0,0,0,0,0,0,0,6,5,0,14,0,0,0,14,5,0,16
POA3616,0,0,0,0,0,0,3,3,10,55,46,11,108,4,0,4,113,94,4,212
POA3617,0,0,0,0,0,0,0,0,0,0,0,0,0,0,0,0,0,0,0,5
POA3618,0,0,0,0,0,0,0,0,0,11,7,0,20,0,0,0,20,17,0,35
POA3620,0,3,0,0,0,3,5,0,10,99,98,16,216,0,7,10,225,148,7,380
POA3621,0,0,0,0,0,0,0,7,7,21,20,4,46,0,3,9,53,37,7,90
POA3622,0,0,0,0,0,0,0,0,0,4,0,0,8,0,0,0,12,5,0,16
POA3623,0,0,0,0,0,0,0,0,0,14,10,4,30,0,0,0,27,24,0,50
POA3624,0,0,0,0,0,0,0,0,0,0,4,0,6,0,0,0,7,17,0,22
POA3629,0,0,0,0,0,0,4,9,12,142,116,17,275,14,10,20,294,244,11,552
POA3630,0,3,0,4,4,9,18,18,41,390,426,67,886,30,42,73,959,683,35,1675
POA3631,0,8,0,0,0,8,6,4,12,151,95,17,262,6,3,9,271,128,13,411
POA3633,0,0,0,0,0,0,0,0,0,0,0,0,7,0,0,0,7,6,0,14
POA3634,0,0,0,0,0,0,0,0,0,26,18,5,49,0,4,5,55,21,0,72
POA3635,0,0,0,0,0,0,0,0,0,0,4,0,7,0,0,0,6,8,0,12
POA3636,0,7,0,0,0,7,10,0,18,66,77,7,154,5,3,6,161,94,5,257
POA3637,0,0,0,0,0,0,0,0,0,7,0,0,8,0,0,0,8,11,0,19
POA3638,0,0,0,0,0,0,0,0,0,28,25,0,60,0,0,0,61,34,5,97
POA3639,0,0,0,0,0,0,0,0,0,4,4,0,3,0,0,0,11,12,0,12
POA3640,0,0,0,0,0,0,0,0,0,12,13,0,27,0,0,0,27,15,0,41
POA3641,0,0,0,0,0,0,0,0,0,8,6,0,18,0,0,4,25,24,4,49
POA3644,0,0,0,0,0,0,3,4,8,98,95,13,214,7,7,15,231,146,4,379
POA3646,0,0,0,0,0,0,0,0,0,9,11,0,13,3,0,4,18,11,0,28
POA3647,0,0,0,0,0,0,0,0,0,0,0,0,0,0,0,0,0,0,0,0
POA3649,0,0,0,0,0,0,0,0,0,3,4,0,9,0,0,0,10,11,0,19
POA3658,0,3,0,0,0,3,0,4,6,76,76,15,163,4,3,9,170,133,4,306
POA3659,0,0,0,0,0,0,0,4,4,14,7,0,24,0,0,0,24,16,4,38
POA3660,0,0,0,0,0,4,0,4,10,108,117,24,248,8,15,22,269,191,4,467
POA3662,0,0,0,0,0,0,0,0,0,5,0,0,0,0,0,0,0,3,0,5
POA3663,0,0,0,0,0,0,0,0,0,4,0,0,5,0,0,0,9,3,0,8
POA3664,0,0,0,0,0,0,0,0,0,15,17,3,38,0,0,0,38,13,0,52
POA3665,0,0,0,0,0,0,0,0,4,9,6,0,11,0,0,0,11,0,0,14
POA3666,0,0,0,0,0,0,5,0,10,55,41,10,112,4,0,3,114,98,3,222
POA3669,0,0,0,0,0,0,0,0,0,9,18,0,27,0,0,0,26,26,0,56
POA3670,0,0,0,0,0,0,0,0,0,9,4,0,8,0,0,0,9,12,0,21
POA3672,0,0,0,0,0,0,3,0,11,121,130,20,271,4,13,15,288,227,3,519
POA3673,0,0,0,0,0,0,0,0,0,15,10,3,28,0,0,0,31,19,0,48
POA3675,0,0,0,0,0,0,0,0,0,22,17,4,42,0,0,0,42,17,0,59
POA3677,0,0,0,0,0,0,6,3,11,270,279,38,583,25,18,41,621,388,9,1023
POA3678,0,0,0,0,0,0,0,0,0,63,38,6,107,0,5,5,113,36,0,150
POA3682,0,0,0,0,0,0,0,0,0,5,3,0,8,0,0,0,8,5,0,19
POA3683,0,0,0,0,0,0,4,0,4,11,3,3,23,0,0,0,24,32,3,60
POA3685,0,0,0,0,0,0,3,0,6,47,27,0,70,0,3,3,78,46,0,126
POA3687,0,0,0,0,0,0,0,0,0,16,3,3,19,0,0,0,20,19,3,40
POA3688,0,0,0,0,0,0,0,0,0,5,11,3,18,0,0,0,20,3,0,25
POA3690,7,21,0,0,0,21,9,13,39,575,495,82,1151,39,38,73,1228,758,17,2006
POA3691,0,3,0,0,0,0,0,0,4,118,87,19,225,8,4,7,234,85,0,319
POA3695,0,0,0,0,0,0,0,0,0,3,6,0,5,0,0,0,5,3,0,12
POA3697,0,0,0,0,0,0,0,0,0,8,4,0,11,0,0,0,11,5,0,15
POA3698,0,0,0,0,0,0,0,0,0,10,3,0,17,0,0,0,17,10,0,21
POA3699,0,0,0,0,0,0,0,0,0,19,11,0,31,0,0,0,31,15,0,48
POA3700,0,0,0,0,0,0,0,0,0,10,13,4,27,6,0,6,29,18,4,48
POA3701,0,0,0,0,0,0,0,0,0,9,8,0,10,0,0,0,11,6,0,14
POA3704,0,0,0,0,0,0,0,0,0,0,0,0,0,0,0,0,0,0,0,0
POA3705,0,0,0,0,0,0,0,0,0,0,0,0,6,0,0,0,6,4,0,7
POA3707,0,0,0,0,0,0,0,0,0,15,13,4,38,0,0,0,41,15,0,51
POA3708,0,0,0,0,0,0,0,0,0,0,0,0,0,0,0,0,0,0,0,0
POA3709,0,0,0,0,0,0,0,0,0,0,0,0,3,0,0,0,3,0,0,8
POA3711,0,0,0,0,0,0,0,0,0,6,4,0,8,0,0,0,9,6,0,16
POA3712,0,0,0,0,0,0,0,0,0,3,0,0,3,0,0,0,3,7,0,12
POA3713,0,0,0,0,0,0,0,4,4,3,12,0,16,0,3,3,17,13,4,40
POA3714,4,4,0,0,0,4,3,0,6,36,29,4,76,3,4,8,87,58,0,145
POA3715,0,0,0,0,0,0,0,0,0,0,0,0,3,0,0,0,3,4,3,11
POA3717,0,0,0,0,0,0,3,0,0,26,39,10,81,3,6,5,84,56,0,141
POA3718,0,0,0,0,0,0,0,0,0,0,0,0,0,0,0,0,0,3,0,6
POA3719,0,0,0,0,0,0,0,0,0,8,0,0,8,0,0,0,8,10,0,13
POA3720,0,0,0,0,0,0,0,0,0,5,8,0,15,0,0,0,15,7,0,18
POA3722,0,0,0,0,0,0,0,0,4,53,74,14,137,0,3,3,144,70,0,211
POA3723,0,0,0,0,0,0,0,0,3,25,26,9,60,0,0,0,53,15,0,77
POA3725,0,0,0,0,0,0,0,0,0,3,0,4,3,0,0,0,3,0,0,12
POA3726,0,0,0,0,0,0,0,0,0,4,3,0,4,0,0,0,4,6,0,8
POA3727,0,0,0,0,0,0,0,0,0,3,3,0,8,0,0,0,7,4,0,13
POA3728,0,0,0,0,0,0,0,0,0,9,12,0,20,0,0,0,19,13,0,33
POA3730,0,0,0,0,0,0,4,5,7,83,111,24,212,0,10,10,226,137,5,371
POA3732,0,0,0,0,0,0,0,0,0,12,3,0,14,0,0,0,14,7,0,24
POA3733,0,0,0,0,0,0,0,0,0,7,0,0,8,0,0,0,8,0,0,8
POA3735,0,0,0,0,0,0,0,0,0,8,8,0,12,0,0,0,12,10,0,23
POA3737,0,0,0,0,0,0,0,0,3,38,50,3,99,0,4,4,99,61,0,161
POA3738,0,0,0,0,0,0,0,0,0,3,0,0,6,0,0,0,6,0,0,5
POA3739,0,0,0,0,0,0,0,0,0,0,5,0,9,0,0,0,11,3,0,12
POA3740,0,0,0,0,0,0,0,0,0,7,16,0,20,0,0,0,21,9,0,32
POA3741,0,0,0,0,0,0,0,0,0,27,35,3,63,0,0,6,62,38,3,107
POA3744,0,0,0,0,0,0,0,0,0,4,5,6,9,0,0,0,9,4,0,12
POA3746,0,0,0,0,0,0,0,0,0,5,0,0,5,0,0,0,5,3,0,7
POA3747,0,0,0,0,0,0,0,4,4,56,65,11,132,0,4,0,135,56,8,193
POA3749,0,0,0,0,0,0,0,0,0,24,14,0,39,0,0,0,45,20,0,60
POA3750,3,7,0,0,0,7,9,5,21,217,156,27,405,23,17,37,439,319,5,763
POA3751,0,0,0,0,0,0,0,0,0,0,0,0,0,0,0,0,0,5,0,3
POA3752,0,4,0,0,0,4,6,11,20,357,261,30,646,15,24,35,681,335,17,1034
POA3753,0,0,0,0,0,0,0,4,0,50,26,4,79,4,3,11,87,47,0,137
POA3754,3,4,0,0,0,4,7,23,38,826,599,86,1514,36,46,77,1594,688,21,2303
POA3755,0,0,0,0,0,0,0,0,0,4,0,0,3,0,0,0,3,0,0,7
POA3756,0,3,0,0,0,3,5,5,12,239,158,35,428,8,20,29,465,282,10,746
POA3757,0,0,0,0,0,0,4,6,6,136,106,21,258,8,0,14,269,161,4,429
POA3758,0,0,0,0,0,0,0,0,0,18,16,7,32,0,0,0,32,21,0,56
POA3759,0,0,0,0,0,0,0,0,0,17,14,0,27,0,0,0,27,12,0,41
POA3760,0,0,0,0,0,0,0,0,0,6,0,0,10,0,0,0,11,5,0,11
POA3761,0,0,0,0,0,0,0,0,0,13,17,4,35,0,3,3,37,17,0,55
POA3762,0,0,0,0,0,0,0,0,0,0,0,0,3,0,0,0,3,0,0,0
POA3763,0,0,0,0,0,0,0,0,0,10,16,3,28,0,0,0,29,22,5,57
POA3764,0,3,0,0,0,3,0,5,5,149,108,16,274,5,9,19,289,160,4,453
POA3765,0,0,0,0,0,0,0,0,3,78,52,9,138,0,0,3,139,75,0,218
POA3766,0,0,0,0,0,0,0,0,0,11,12,0,25,0,0,5,32,4,0,34
POA3767,0,0,0,0,0,0,0,0,0,13,5,3,29,0,0,0,28,18,0,44
POA3770,0,0,0,0,0,0,0,0,0,35,30,5,68,0,0,4,76,47,0,116
POA3775,0,0,0,0,0,0,0,0,3,44,40,7,95,4,0,7,94,35,0,127
POA3777,0,4,0,0,0,4,0,0,3,132,142,28,301,0,15,13,315,182,3,496
POA3778,0,0,0,0,0,0,0,0,0,0,0,0,0,0,0,0,0,3,0,4
POA3779,0,0,0,0,0,0,0,0,0,4,0,0,5,0,0,0,7,8,0,13
POA3781,0,0,0,0,0,0,4,0,6,63,52,5,119,3,0,3,121,57,4,179
POA3782,0,0,0,0,0,0,0,0,0,95,64,12,176,3,0,6,181,67,0,249
POA3783,0,5,0,0,0,5,0,0,3,31,26,3,52,0,0,0,52,22,0,75
POA3785,0,0,0,0,0,0,0,0,0,0,4,0,0,0,0,0,0,0,0,3
POA3786,0,0,0,0,0,0,0,0,0,15,8,0,26,0,0,0,26,7,0,31
POA3787,0,0,0,0,0,0,4,0,0,10,13,0,19,0,0,0,19,23,0,46
POA3788,0,0,0,0,0,0,0,0,0,22,20,0,38,3,0,0,45,27,0,73
POA3789,0,0,0,0,0,0,0,0,0,4,7,0,6,0,0,0,6,0,0,6
POA3791,0,0,0,0,0,0,0,0,0,13,7,0,21,0,0,6,30,22,0,49
POA3792,0,0,0,0,0,0,0,0,0,13,11,0,26,0,0,0,26,9,0,38
POA3793,0,0,0,0,0,0,0,0,0,60,49,4,115,0,0,0,119,42,0,160
POA3795,0,0,0,0,0,0,0,0,0,9,10,0,12,0,0,0,12,15,0,29
POA3796,0,0,0,0,0,0,0,0,0,108,113,15,236,8,4,12,250,92,0,339
POA3797,0,0,0,0,0,0,4,0,3,37,47,11,94,0,0,0,94,69,0,158
POA3799,0,0,0,0,0,0,0,4,5,76,87,17,185,3,4,12,194,131,7,334
POA3802,0,0,0,0,0,0,0,8,13,282,195,39,517,25,18,42,560,469,12,1040
POA3803,0,5,0,0,0,5,6,5,14,118,91,16,225,8,15,26,246,229,8,486
POA3804,0,0,0,0,0,0,0,0,6,56,44,9,105,6,4,7,111,59,3,171
POA3805,4,11,0,0,0,11,6,16,37,782,570,85,1437,54,44,94,1533,939,32,2502
POA3806,3,9,0,0,0,9,6,4,21,758,430,68,1256,28,34,62,1313,577,11,1904
POA3807,0,0,0,0,0,0,0,0,3,88,68,10,164,0,0,3,165,64,0,233
POA3808,0,0,0,0,0,0,0,0,0,20,14,5,36,0,0,0,37,13,0,56
POA3809,0,3,0,0,0,3,5,3,10,344,191,42,582,13,19,32,611,189,11,806
POA3810,5,15,0,0,0,15,16,24,45,860,671,137,1670,49,58,116,1780,1021,38,2836
POA3812,0,0,0,0,0,0,0,0,0,22,13,5,46,0,0,5,47,30,0,77
POA3813,0,0,0,0,0,0,0,3,3,14,3,0,20,0,0,0,23,12,3,36
POA3814,0,0,0,0,0,0,0,0,0,17,16,4,43,3,3,3,47,20,0,65
POA3815,0,3,0,0,0,3,0,0,3,33,30,3,68,3,0,3,69,34,0,105
POA3816,0,0,0,0,0,0,4,0,6,43,29,4,78,5,4,7,90,59,5,152
POA3818,0,4,0,0,0,4,3,3,17,186,215,36,438,15,22,35,476,261,9,752
POA3820,0,0,0,0,0,0,5,0,8,251,251,29,533,9,11,24,552,292,11,854
POA3821,0,0,0,0,0,0,0,0,3,27,19,4,48,0,0,4,51,28,0,76
POA3822,0,0,0,0,0,0,0,0,0,8,8,3,18,0,0,0,22,11,0,31
POA3823,0,0,0,0,0,0,0,0,3,20,25,8,48,0,0,5,52,20,0,71
POA3824,0,0,0,0,0,0,0,5,6,63,71,16,150,8,3,12,160,78,7,248
POA3825,3,4,0,0,0,10,16,15,35,243,259,48,551,34,30,62,616,525,26,1165
POA3831,0,0,0,0,0,0,0,0,0,13,14,0,26,0,0,0,32,22,0,54
POA3832,0,0,0,0,0,0,0,0,0,7,0,0,7,0,0,0,7,9,0,11
POA3833,0,0,0,0,0,0,0,0,0,0,0,0,4,0,0,0,4,4,0,8
POA3835,0,0,0,0,0,0,0,0,0,4,6,0,9,0,0,0,9,4,0,21
POA3840,0,6,0,0,0,4,18,13,33,151,204,37,391,37,28,62,453,501,20,976
POA3842,0,0,0,0,0,0,3,0,4,61,76,12,152,8,10,23,168,147,5,320
POA3844,0,6,0,0,0,6,9,15,24,457,412,55,924,40,33,69,990,486,22,1500
POA3847,0,0,0,0,0,0,0,0,4,20,25,0,43,0,0,3,44,36,0,81
POA3850,0,4,0,0,0,4,3,4,10,189,199,30,416,17,16,35,450,298,8,763
POA3851,3,3,0,0,0,3,0,0,7,46,30,7,81,5,6,10,85,65,0,152
POA3852,0,0,0,0,0,0,0,0,0,0,0,0,0,0,0,0,0,0,0,0
POA3854,0,0,0,0,0,0,0,0,0,14,14,0,21,0,0,0,25,15,0,40
POA3856,0,0,0,0,0,0,0,0,0,13,7,0,22,0,0,0,20,11,0,38
POA3857,0,0,0,0,0,0,0,0,0,0,0,0,0,0,0,0,9,3,0,9
POA3858,0,0,0,0,0,0,0,0,0,26,35,6,70,0,6,0,71,33,0,107
POA3859,0,0,0,0,0,0,0,0,0,9,3,3,13,0,0,0,13,4,0,21
POA3860,3,8,0,0,0,8,8,0,7,81,80,16,176,0,12,12,192,113,9,308
POA3862,0,0,0,0,0,0,0,0,3,26,36,5,68,0,0,6,72,31,0,105
POA3864,0,0,0,0,0,0,0,0,0,0,5,0,5,0,0,0,5,4,0,6
POA3865,0,0,0,0,0,0,0,0,0,4,7,0,9,0,0,0,9,4,0,13
POA3869,0,0,0,0,0,0,0,0,0,20,17,0,38,0,0,0,39,25,0,58
POA3870,0,0,0,0,0,0,0,0,0,13,7,0,21,0,0,0,25,22,0,46
POA3871,0,0,0,0,0,0,0,0,0,26,34,5,73,0,0,0,74,37,0,115
POA3873,0,0,0,0,0,0,0,0,0,5,0,0,0,0,0,0,0,4,0,13
POA3874,0,0,0,0,0,0,0,0,0,5,6,0,6,0,0,6,11,9,0,20
POA3875,0,7,0,0,0,7,7,10,25,216,218,35,467,10,22,29,498,357,27,873
POA3878,0,0,0,0,0,0,0,0,0,4,10,3,20,0,0,0,22,28,0,49
POA3880,0,0,0,0,0,0,5,0,7,33,35,9,83,0,3,3,80,53,0,136
POA3882,0,0,0,0,0,0,0,0,3,14,9,0,28,0,0,4,26,16,0,46
POA3885,0,0,0,0,0,0,0,0,0,14,31,3,52,4,5,8,59,19,0,82
POA3886,0,0,0,0,0,0,0,0,3,0,0,6,4,0,0,3,4,9,0,12
POA3887,0,0,0,0,0,0,0,0,0,0,3,0,3,0,0,0,3,3,0,10
POA3888,0,0,0,0,0,0,5,5,8,23,49,3,77,0,0,0,74,52,5,131
POA3889,0,0,0,0,0,0,0,0,0,0,3,0,3,0,0,0,3,5,0,0
POA3890,0,0,0,0,0,0,0,0,0,0,0,0,4,0,0,0,7,4,0,12
POA3891,0,0,0,0,0,0,0,0,0,0,0,0,0,0,0,0,0,0,0,0
POA3892,0,0,0,0,0,0,0,0,0,3,8,0,18,0,0,0,18,13,0,34
POA3893,0,0,0,0,0,0,0,0,0,0,0,0,0,0,0,0,0,0,0,0
POA3895,0,0,0,0,0,0,0,0,0,3,0,0,5,0,0,0,5,0,0,6
POA3896,0,0,0,0,0,0,0,0,0,7,0,0,3,0,0,0,3,10,0,16
POA3898,0,0,0,0,0,0,0,0,0,4,4,4,14,0,0,0,11,11,0,19
POA3900,0,0,0,0,0,0,0,0,0,3,0,0,3,0,0,0,3,0,0,8
POA3902,0,0,0,0,0,0,0,0,0,4,0,0,7,0,0,0,10,3,0,11
POA3903,0,0,0,0,0,0,0,0,4,8,8,0,15,0,4,4,18,10,0,28
POA3904,0,0,0,0,0,0,0,0,0,13,13,0,29,0,0,0,29,20,0,51
POA3909,0,0,0,0,0,0,4,8,11,72,88,26,185,13,7,25,206,162,3,370
POA3910,4,4,0,0,0,4,0,4,5,373,287,54,706,22,10,31,740,322,12,1070
POA3911,0,0,0,0,0,0,4,0,5,52,37,6,97,0,3,5,102,46,5,149
POA3912,0,0,0,0,0,0,4,3,12,186,207,38,429,6,5,15,441,206,6,652
POA3913,0,0,0,0,0,0,0,0,0,51,52,7,115,3,4,7,114,51,0,165
POA3915,0,0,0,0,0,4,11,8,22,148,173,20,344,8,13,21,367,277,12,657
POA3916,0,0,0,0,0,0,0,0,0,5,3,0,9,0,4,4,10,6,0,20
POA3918,0,6,0,0,0,6,0,0,0,38,54,12,98,3,0,5,101,55,0,157
POA3919,0,0,0,0,0,0,0,0,5,47,67,11,130,0,5,5,128,53,7,188
POA3920,0,0,0,0,0,0,0,0,0,4,0,0,3,0,0,0,3,3,0,5
POA3921,0,0,0,0,0,0,0,0,0,0,0,0,0,0,0,0,0,0,0,0
POA3922,0,0,0,0,0,0,0,0,7,88,116,26,230,6,3,7,241,171,8,418
POA3923,0,0,0,0,0,0,0,0,0,3,4,0,12,0,0,0,12,9,0,18
POA3925,0,0,0,0,0,0,0,3,4,41,47,7,96,5,4,3,99,48,3,155
POA3926,0,0,0,0,0,0,0,0,0,38,31,6,78,0,3,4,82,32,0,107
POA3927,0,0,0,0,0,0,0,0,0,19,15,4,41,0,0,0,34,14,0,52
POA3928,0,0,0,0,0,0,0,0,0,6,0,0,8,0,0,0,8,0,0,11
POA3929,0,0,0,0,0,0,0,0,0,4,8,0,13,0,0,0,10,7,0,23
POA3930,0,0,0,0,0,0,0,0,7,187,131,14,336,10,11,14,351,147,4,503
POA3931,0,0,0,0,0,0,11,3,21,365,317,45,727,11,12,22,744,415,10,1166
POA3933,0,0,0,0,0,0,0,0,0,17,10,0,27,0,0,0,26,10,0,34
POA3934,4,0,0,0,0,0,3,3,11,234,198,34,467,4,6,13,482,163,3,655
POA3936,0,4,0,0,0,4,7,3,11,187,156,32,372,10,12,20,389,181,9,581
POA3937,0,0,0,0,0,0,0,0,0,12,13,0,31,0,0,0,31,11,0,46
POA3938,0,0,0,0,0,0,0,0,0,28,43,6,77,0,6,4,82,51,0,125
POA3939,0,0,0,0,0,0,5,7,10,183,203,54,442,11,15,25,463,327,10,806
POA3940,0,0,0,0,0,0,6,0,7,56,75,19,153,7,4,11,160,119,5,292
POA3941,3,7,0,0,0,7,6,3,12,135,153,37,327,12,5,20,343,230,6,584
POA3942,0,0,0,0,0,0,4,0,5,16,13,0,32,0,0,0,32,35,3,64
POA3943,0,0,0,0,0,0,0,0,0,3,13,0,14,0,0,0,14,17,0,38
POA3944,0,0,0,0,0,0,0,0,0,3,0,0,3,0,0,0,3,3,0,8
POA3945,0,0,0,0,0,0,0,0,0,8,4,0,13,0,0,0,15,12,0,25
POA3946,0,0,0,0,0,0,0,0,0,4,0,0,4,0,0,0,4,3,0,9
POA3950,0,0,0,0,0,0,0,0,3,55,74,5,140,3,8,8,148,76,3,227
POA3951,0,0,0,0,0,0,0,0,0,0,6,0,10,0,0,0,10,7,0,17
POA3953,6,0,0,0,0,5,0,0,7,118,87,13,215,3,13,11,235,110,0,346
POA3954,0,0,0,0,0,0,0,0,0,3,4,0,7,0,0,0,7,3,0,10
POA3956,0,0,0,0,0,0,0,0,0,26,28,0,58,0,0,0,56,38,0,97
POA3957,0,0,0,0,0,0,0,0,0,0,0,0,3,0,0,0,3,0,0,8
POA3958,0,0,0,0,0,0,0,0,0,3,0,0,10,0,0,0,10,4,0,7
POA3959,0,0,0,0,0,0,0,0,0,9,10,5,23,0,0,3,26,7,0,31
POA3960,0,0,0,0,0,0,0,3,9,15,16,7,41,0,3,4,51,27,3,79
POA3962,0,0,0,0,0,0,0,0,0,12,11,0,23,0,0,0,24,16,0,42
POA3964,0,0,0,0,0,0,0,0,0,0,0,0,0,0,0,0,0,6,0,0
POA3965,0,0,0,0,0,0,0,0,0,0,0,0,3,0,0,0,3,6,0,8
POA3966,0,0,0,0,0,0,0,3,3,3,3,4,10,0,0,3,12,5,3,16
POA3967,0,0,0,0,0,0,0,0,0,0,0,0,0,0,0,0,0,4,0,6
POA3971,0,0,0,0,0,0,0,0,3,32,39,8,73,5,4,7,76,70,4,150
POA3975,0,5,0,0,0,5,5,0,8,193,82,21,305,4,14,21,322,181,11,505
POA3976,0,0,0,0,0,3,7,11,24,354,255,52,660,29,21,54,720,533,18,1272
POA3977,13,22,0,0,0,22,32,36,87,1631,1102,208,2936,87,96,185,3125,1753,70,4948
POA3978,4,5,0,0,0,5,0,3,15,470,304,52,828,24,21,46,870,372,10,1256
POA3979,0,0,0,0,0,0,0,0,0,0,0,0,3,0,0,0,3,0,0,6
POA3980,0,0,0,0,0,0,3,0,3,39,46,3,95,0,0,0,95,32,4,127
POA3981,0,0,0,0,0,0,0,3,7,78,63,8,146,0,5,3,152,70,3,225
POA3984,0,0,0,0,0,0,4,5,3,72,75,17,166,3,0,3,170,138,0,306
POA3987,0,0,0,0,0,0,0,0,0,15,13,4,28,0,0,3,27,23,0,48
POA3988,0,0,0,0,0,0,0,0,0,12,0,0,12,0,0,3,15,9,0,23
POA3990,0,0,0,0,0,0,0,0,0,0,0,0,0,0,0,0,0,0,0,5
POA3991,0,0,0,0,0,0,0,0,0,0,0,0,7,0,0,0,7,10,0,14
POA3992,0,0,0,0,0,0,0,0,0,17,19,0,40,4,0,4,41,14,0,54
POA3995,0,3,0,0,0,3,4,10,19,115,138,22,277,14,9,25,300,263,7,576
POA3996,0,0,0,0,0,0,0,0,3,41,55,6,106,0,0,0,110,60,3,171
