POA_CODE_2021,P_Oth_scs_15_19,P_Oth_scs_20_24,P_Oth_scs_25_34,P_Oth_scs_35_44,P_Oth_scs_45_54,P_Oth_scs_55_64,P_Oth_scs_65_74,P_Oth_scs_75_84,P_Oth_scs_85ov,P_Oth_scs_Tot,P_ID_NS_15_19,P_ID_NS_20_24,P_ID_NS_25_34,P_ID_NS_35_44,P_ID_NS_45_54,P_ID_NS_55_64,P_ID_NS_65_74,P_ID_NS_75_84,P_ID_NS_85ov,P_ID_NS_Tot,P_Tot_15_19,P_Tot_20_24,P_Tot_25_34,P_Tot_35_44,P_Tot_45_54,P_Tot_55_64,P_Tot_65_74,P_Tot_75_84,P_Tot_85ov,P_Tot_Tot
POA3000,14,119,336,124,42,36,8,0,0,677,19,292,542,165,77,48,17,6,0,1163,677,5588,12560,4237,1597,932,268,41,3,25902
POA3002,0,4,17,24,16,22,9,0,0,91,0,3,19,24,14,16,6,9,0,85,35,208,1002,649,431,451,233,58,5,3078
POA3003,0,16,76,28,10,5,0,0,0,138,5,33,115,39,16,7,6,0,0,214,62,707,2543,1061,523,288,65,11,0,5262
POA3004,0,18,68,34,19,12,12,0,0,168,4,17,131,75,36,28,18,5,3,317,62,484,2679,1714,884,664,364,91,5,6939
POA3006,0,46,164,86,30,19,9,0,0,353,0,71,361,138,41,46,3,0,0,671,154,1930,7718,3396,1318,805,256,31,0,15613
POA3008,0,14,105,43,24,27,10,0,0,226,4,34,191,75,42,16,5,3,0,372,71,822,4400,2192,1018,706,210,24,0,9443
POA3011,0,25,139,103,59,33,12,0,0,381,9,57,207,136,71,53,11,0,0,544,235,1164,4935,3391,1847,1112,214,13,0,12913
POA3012,12,27,169,105,95,47,14,0,0,462,11,57,234,150,103,59,15,9,0,635,369,1079,4812,4039,2624,1382,271,21,5,14603
POA3013,8,24,68,57,47,39,11,0,0,249,3,26,84,97,59,43,15,0,0,320,321,558,2274,2503,2003,1118,209,16,0,8999
POA3015,6,13,55,85,77,47,12,0,0,307,8,20,79,94,72,54,12,6,0,347,376,587,2117,3002,2386,1447,253,18,0,10185
POA3016,7,19,24,44,65,61,18,0,0,248,8,18,38,58,75,46,22,5,0,271,453,649,1031,1631,2234,1759,453,43,0,8257
POA3018,4,16,35,64,40,36,11,0,0,208,6,19,61,70,64,30,16,4,0,264,261,398,1270,1832,1639,1031,245,31,3,6710
POA3019,0,12,63,38,35,20,9,0,0,178,11,31,120,68,53,30,4,0,0,314,135,434,1611,967,681,410,104,5,0,4341
POA3020,9,63,218,181,142,99,28,5,0,739,37,142,457,277,237,169,29,9,0,1351,610,2005,5675,4355,3388,2333,498,40,5,18907
POA3021,25,110,326,249,191,102,28,0,0,1021,41,188,478,382,338,241,47,3,4,1709,649,2391,6000,4291,3592,2658,618,54,4,20252
POA3022,0,4,11,18,16,5,0,0,0,49,0,6,30,25,22,18,0,0,0,108,36,88,410,380,260,138,29,6,0,1355
POA3023,23,98,286,287,271,131,36,0,0,1140,69,167,431,458,368,201,52,3,3,1754,1540,2726,6199,7914,6932,3608,713,40,4,29670
POA3024,21,63,117,124,71,47,13,0,0,459,23,89,254,257,148,45,12,0,0,829,698,1355,4452,5224,2489,1292,252,15,0,15772
POA3025,3,15,56,58,39,21,10,0,0,203,7,28,78,81,49,28,10,0,3,283,158,372,1534,1600,1072,585,139,14,3,5482
POA3026,0,16,41,42,27,12,4,0,0,142,3,17,69,73,48,27,0,0,0,241,174,291,876,1420,848,382,57,4,0,4046
POA3027,0,10,32,41,8,5,0,0,0,104,4,31,92,93,29,12,4,0,0,268,126,452,1473,1809,757,298,62,0,0,4976
POA3028,12,43,125,110,115,86,14,0,0,504,13,51,193,136,124,97,19,4,0,640,536,1110,3295,3176,2606,2144,405,27,0,13291
POA3029,31,202,512,473,297,191,39,0,0,1753,94,420,1171,1006,463,253,42,7,0,3462,2070,5504,16863,19193,9021,5106,912,53,3,58728
POA3030,53,157,464,430,365,212,43,0,0,1725,74,269,772,799,500,264,55,7,3,2737,2342,4634,13362,17719,11194,6070,1258,87,8,56670
POA3031,7,26,83,67,40,31,7,0,0,268,15,25,128,82,68,38,6,0,0,359,227,899,3557,2683,1674,912,217,11,4,10189
POA3032,10,30,130,108,94,80,20,0,0,468,9,56,186,158,116,87,27,4,0,639,486,1569,4864,4029,3217,2087,532,51,4,16835
POA3033,5,8,61,62,64,43,4,6,0,254,8,29,62,63,71,44,18,3,0,297,364,540,1320,1603,1712,1110,289,41,3,6984
POA3034,5,15,40,46,46,48,15,0,0,215,5,26,59,59,67,41,18,12,0,274,222,452,1099,1324,1161,814,264,32,0,5368
POA3036,3,7,9,15,30,18,15,0,0,102,9,12,22,23,37,25,13,6,0,151,175,270,455,538,682,592,195,33,3,2947
POA3037,30,100,197,222,222,118,22,4,0,920,67,130,280,291,326,175,31,0,0,1304,1575,2672,5023,5730,6178,3569,600,30,0,25376
POA3038,15,36,93,70,126,131,22,5,0,492,18,74,132,114,121,127,31,0,0,616,729,1400,2475,2079,2882,2877,661,39,0,13144
POA3039,6,15,66,47,40,44,17,5,0,241,10,31,107,76,62,48,10,0,0,342,330,845,2711,2078,1750,1321,358,29,5,9434
POA3040,13,34,104,83,89,58,25,3,0,403,22,45,118,139,135,72,25,4,3,571,716,1597,3203,3064,3314,2373,636,73,8,14985
POA3041,3,15,38,46,57,40,12,5,0,215,10,28,55,70,71,45,13,3,0,284,397,676,1211,1525,1703,1132,330,41,0,7002
POA3042,4,22,72,71,61,66,13,4,0,308,7,19,82,81,73,64,25,0,0,355,399,665,1899,2070,1882,1266,329,24,0,8531
POA3043,11,24,98,88,49,58,10,0,0,346,11,31,90,76,78,54,25,0,0,367,313,657,1969,1880,1637,1206,339,22,0,8026
POA3044,5,51,137,111,93,72,19,0,0,493,17,48,162,162,115,60,11,4,0,579,592,1253,4025,3929,3126,2041,395,30,4,15393
POA3045,0,0,0,0,0,0,0,0,0,0,0,0,0,0,0,0,0,0,0,0,0,0,0,0,3,0,0,0,0,3
POA3046,5,52,164,128,122,81,22,0,0,569,25,103,298,194,106,81,14,8,0,824,526,1877,5802,4353,2723,1867,350,38,0,17533
POA3047,0,31,64,61,39,26,10,0,0,235,21,75,184,105,89,50,7,0,0,538,224,875,2212,1398,974,698,131,11,0,6531
POA3048,0,23,49,44,53,31,4,0,0,202,19,65,120,99,72,64,10,0,0,456,220,733,1461,1029,975,764,122,11,0,5313
POA3049,10,19,36,30,39,28,16,0,0,179,9,13,50,37,42,42,3,3,0,196,223,429,1014,938,999,865,223,16,0,4710
POA3051,3,25,87,47,30,25,6,0,0,220,12,58,109,67,42,25,8,0,0,321,219,1193,3283,1776,1035,611,185,18,4,8321
POA3052,15,21,29,19,10,6,0,0,0,102,13,23,48,23,14,3,0,0,0,130,499,896,1299,578,325,237,113,24,0,3980
POA3053,10,37,103,40,17,20,4,0,0,228,16,86,170,42,28,24,5,4,0,376,357,1810,3815,1258,625,409,176,34,3,8499
POA3054,0,16,59,24,25,12,9,0,0,145,4,13,78,28,28,19,0,0,0,170,96,666,1886,943,695,565,228,49,3,5130
POA3055,6,22,121,57,36,26,11,0,0,277,5,31,119,64,46,36,12,4,0,320,205,930,3129,2076,1405,863,228,28,0,8863
POA3056,5,54,163,116,73,56,7,0,0,478,3,52,247,121,78,40,12,0,0,555,261,1714,6186,3833,2226,1338,289,27,3,15877
POA3057,3,24,106,70,34,18,13,0,0,265,5,29,156,82,36,16,3,0,0,330,137,788,3835,2271,1134,601,155,18,0,8945
POA3058,4,60,129,162,122,83,15,3,0,581,13,70,203,160,119,82,16,0,0,663,633,1649,5122,4901,3869,2103,469,42,7,18787
POA3059,8,30,83,83,85,68,11,0,0,375,23,62,125,116,104,65,19,0,0,511,515,1093,2444,2291,2100,1618,337,16,0,10419
POA3060,0,17,55,52,43,37,12,0,0,213,12,39,103,92,55,32,12,0,0,348,190,632,1622,1408,972,670,135,10,0,5645
POA3061,0,5,29,21,14,12,3,0,0,84,4,3,33,29,21,11,3,0,0,109,64,155,386,339,262,198,48,4,0,1451
POA3062,0,0,0,0,0,0,0,0,0,0,0,0,0,0,0,0,0,0,0,0,0,0,0,0,4,0,0,0,0,6
POA3063,3,0,0,0,4,5,0,0,0,14,0,0,0,0,0,4,0,0,0,9,27,33,27,47,80,55,12,6,0,284
POA3064,37,195,519,437,278,172,25,0,0,1669,99,314,930,781,491,305,41,3,0,2957,2105,5025,14231,13777,7695,4586,709,33,0,48172
POA3065,4,20,49,52,33,11,5,0,0,174,7,16,116,73,35,23,8,3,0,273,95,497,2536,1435,844,602,156,27,0,6186
POA3066,0,7,60,33,23,12,3,0,0,139,12,19,123,65,37,10,4,0,0,265,65,417,2843,1408,693,356,102,4,0,5889
POA3067,5,16,66,40,19,15,8,0,0,160,6,24,109,66,16,17,6,0,0,243,79,512,2854,1509,664,430,149,17,0,6224
POA3068,12,30,101,74,46,43,22,0,0,325,13,17,160,103,59,30,6,0,0,385,266,856,4020,2712,1949,1323,425,65,0,11618
POA3070,13,29,140,75,88,55,17,0,0,427,17,39,167,115,108,47,24,3,0,517,432,994,4547,3437,3194,1813,459,31,5,14919
POA3071,7,22,99,88,76,42,11,7,0,353,4,39,103,99,61,37,17,5,0,364,310,756,3291,2907,2231,1212,258,21,3,10997
POA3072,5,44,171,152,110,68,11,3,0,561,9,55,248,193,133,83,19,3,0,747,531,1448,5409,4795,3620,2046,401,36,4,18295
POA3073,12,66,248,214,186,114,32,4,0,875,31,138,379,291,202,144,34,16,3,1235,676,2138,7290,6153,4570,2846,658,64,8,24395
POA3074,0,37,82,83,57,51,15,0,0,323,15,60,152,124,96,81,21,4,0,553,273,866,2266,1729,1334,1049,291,20,0,7836
POA3075,12,32,90,105,78,45,12,0,0,372,22,71,139,165,118,80,18,0,0,604,332,1012,2423,2360,1624,1038,232,27,0,9046
POA3076,11,39,154,147,133,84,26,3,0,588,23,87,240,228,174,121,22,3,0,892,587,1447,3737,3965,2849,1990,433,23,0,15040
POA3078,5,13,54,55,38,32,9,0,0,202,0,12,63,50,43,31,17,0,0,219,226,575,1814,1612,1427,1038,290,27,0,7013
POA3079,15,23,49,46,52,37,17,0,0,246,11,27,70,73,73,44,19,5,0,319,430,873,1919,1932,1979,1585,516,82,10,9308
POA3081,4,21,87,62,42,32,8,0,0,262,7,33,87,58,55,50,14,4,0,307,145,628,2231,1567,1059,893,200,12,5,6732
POA3082,8,69,124,109,105,109,13,0,0,536,17,62,182,142,145,139,36,4,0,732,617,1456,3188,2728,2849,2815,582,40,0,14266
POA3083,15,65,117,102,123,94,25,3,0,545,15,95,223,145,151,99,23,7,0,763,689,1929,3863,2988,3086,2134,560,52,3,15305
POA3084,10,37,83,71,88,77,28,5,4,395,8,35,86,122,116,67,24,7,6,468,583,1098,2564,3291,3183,2204,682,86,17,13701
POA3085,11,11,38,43,52,21,12,0,0,189,3,17,47,53,36,39,13,6,0,227,363,630,1467,1779,1686,1011,280,34,0,7253
POA3087,4,14,30,45,31,29,9,0,0,168,6,13,30,44,38,20,12,0,0,158,172,337,1099,1185,991,649,182,14,0,4637
POA3088,11,44,82,119,105,91,26,4,0,486,23,25,67,115,102,68,26,3,0,444,657,1028,2475,3460,3100,2289,707,67,0,13779
POA3089,15,22,47,50,61,56,3,0,0,261,11,33,53,52,68,57,18,3,0,288,476,696,1208,1407,1675,1303,264,29,0,7063
POA3090,3,6,11,5,13,14,0,0,0,62,0,8,7,11,19,7,3,0,0,55,105,175,151,219,398,289,60,8,0,1406
POA3091,0,7,7,5,4,9,3,0,0,41,0,5,8,8,11,9,6,0,0,44,61,109,102,112,233,202,44,14,0,877
POA3093,0,8,12,22,11,11,3,0,0,68,0,6,14,20,17,10,12,0,0,78,99,168,306,411,477,344,133,16,0,1952
POA3094,3,13,27,25,38,24,10,0,0,145,8,8,37,38,35,28,5,3,0,161,224,329,774,1208,1119,782,262,26,0,4736
POA3095,24,54,66,94,120,122,29,7,0,510,23,34,61,106,143,100,35,5,0,494,878,1268,1905,2974,3854,3025,940,120,4,14975
POA3096,4,4,16,7,4,3,6,0,0,47,0,4,6,9,4,4,0,0,0,30,58,128,186,159,236,228,35,9,0,1039
POA3097,0,0,9,8,11,15,3,0,0,40,0,8,0,5,16,12,0,0,0,43,56,69,86,130,212,173,61,6,0,796
POA3099,3,4,22,23,26,15,11,0,0,107,0,3,9,16,19,9,10,0,0,79,151,237,380,479,635,567,181,29,0,2649
POA3101,15,32,82,47,58,55,28,5,0,315,31,43,116,102,117,90,30,7,3,531,540,1318,2682,2333,2685,2083,875,168,11,12700
POA3102,5,10,9,14,17,13,9,0,0,86,4,6,20,25,30,21,8,0,0,126,192,339,546,686,818,643,185,32,3,3449
POA3103,4,20,31,37,38,44,12,4,0,185,13,24,53,85,70,60,24,9,3,333,303,736,1229,1472,1592,1282,449,81,10,7154
POA3104,17,21,35,35,66,55,17,5,0,253,18,45,74,93,122,60,29,3,0,442,575,1026,1454,1811,2630,1965,556,102,7,10130
POA3105,4,16,41,28,53,46,10,6,0,200,8,20,44,33,48,39,11,0,0,209,225,497,1022,1086,1210,922,259,60,0,5276
POA3106,14,25,46,48,58,53,18,4,0,259,11,18,58,77,78,63,28,10,0,348,365,674,1240,1573,1623,1584,585,117,5,7764
POA3107,4,14,30,64,54,33,13,0,0,213,8,17,55,69,68,36,19,5,0,281,289,479,1069,1481,1628,1087,349,66,0,6457
POA3108,9,41,100,83,77,61,20,3,0,393,4,40,158,153,106,70,21,6,0,568,372,1112,2993,2622,2169,1676,509,99,7,11568
POA3109,12,27,83,116,127,102,28,9,0,505,13,51,153,186,142,103,27,7,5,685,545,1212,2646,3587,2952,2358,679,102,15,14104
POA3111,9,8,30,54,54,51,17,6,0,229,10,29,44,60,64,43,20,3,0,285,336,562,851,1235,1462,1081,358,64,0,5957
POA3113,7,16,13,30,56,33,5,0,0,165,12,15,17,40,42,36,12,4,0,170,339,426,468,772,1307,925,280,41,5,4563
POA3114,0,6,4,6,21,14,0,0,0,53,9,10,7,6,14,20,7,4,0,73,187,240,169,273,604,413,113,14,0,2016
POA3115,0,11,3,14,22,12,5,0,0,74,0,9,19,23,21,27,7,0,0,99,152,248,232,319,538,485,151,30,0,2168
POA3116,13,32,51,70,49,43,23,6,0,296,13,27,53,67,60,44,16,5,0,281,371,572,1286,1374,1240,963,295,37,0,6136
POA3121,0,46,216,126,97,66,21,7,0,581,5,69,299,151,101,68,23,0,3,729,332,1951,8908,4389,2770,1801,557,78,5,20792
POA3122,11,48,100,59,52,37,11,3,0,321,14,48,172,97,87,50,22,8,0,500,457,1587,4213,2630,2108,1461,598,112,9,13181
POA3123,4,27,54,26,26,20,9,0,0,177,8,26,90,66,54,32,18,3,0,293,246,903,2527,1796,1528,996,389,68,4,8462
POA3124,17,27,48,37,57,56,17,3,0,261,4,41,62,78,82,75,27,4,0,376,557,1176,1962,2064,2471,1941,734,108,5,11014
POA3125,11,29,66,42,45,32,9,0,0,228,9,52,117,75,48,31,7,5,0,344,378,1190,1981,1394,1333,868,231,36,0,7410
POA3126,3,7,20,5,26,24,9,0,0,95,10,9,30,31,36,25,9,5,0,161,189,388,503,632,886,729,298,58,6,3699
POA3127,11,28,29,46,59,58,17,0,0,243,3,31,59,61,76,54,14,4,0,309,568,981,1647,1860,2355,1721,600,85,8,9830
POA3128,4,43,112,70,71,59,16,5,0,384,11,81,189,124,85,67,19,0,0,575,379,1524,3447,2254,1999,1286,327,43,3,11258
POA3129,0,16,71,56,70,39,10,4,0,271,5,47,117,86,72,37,16,4,0,387,409,826,1949,1964,2023,1347,366,42,0,8928
POA3130,19,52,93,117,141,96,34,8,0,553,16,61,143,138,161,95,27,4,9,644,869,1530,3007,3833,3896,2597,654,94,10,16494
POA3131,10,35,88,85,99,64,14,9,0,393,9,28,112,112,90,72,17,10,4,450,505,940,2414,2831,2437,1539,374,53,6,11103
POA3132,4,25,59,61,69,39,16,3,0,281,4,31,94,95,71,39,11,4,0,349,388,757,1998,2257,1913,1212,345,34,3,8910
POA3133,8,30,66,65,100,78,25,3,0,381,10,45,71,115,123,77,27,11,0,478,572,979,1635,2511,2599,1717,560,82,9,10661
POA3134,14,53,135,137,160,123,39,6,0,658,23,62,184,178,177,97,30,9,0,762,933,1586,3743,4122,3946,2796,759,99,8,17999
POA3135,18,33,72,77,100,70,25,4,0,390,20,37,93,82,102,60,15,3,0,419,575,852,2094,2571,2377,1591,422,59,6,10542
POA3136,26,96,197,210,200,158,38,10,0,931,27,88,246,236,193,152,47,13,6,1014,1141,2005,5007,5496,4864,3762,992,119,11,23386
POA3137,16,34,77,70,46,64,8,0,0,316,14,33,99,89,80,57,24,0,0,386,424,707,1742,1643,1471,1253,283,25,6,7556
POA3138,24,47,147,129,111,94,21,3,0,573,30,72,151,156,119,76,22,4,0,628,635,1134,2822,2764,2373,1728,440,50,3,11955
POA3139,22,45,96,92,80,77,16,4,0,426,15,33,64,55,101,67,26,3,0,355,432,678,1577,1423,1625,1346,373,54,3,7507
POA3140,15,48,102,67,86,75,20,0,0,407,14,36,85,71,86,66,15,0,0,373,562,869,1920,1747,1965,1517,360,32,4,8968
POA3141,8,47,163,93,61,33,13,0,0,411,4,58,291,131,73,54,34,12,0,652,226,1530,7262,3403,1777,1346,599,131,9,16281
POA3142,9,18,46,20,20,25,12,3,0,148,7,27,71,54,69,57,48,17,0,347,137,592,1590,1058,1111,1065,738,221,32,6550
POA3143,5,18,34,20,24,23,9,0,0,129,0,17,74,45,25,26,8,5,0,207,98,498,1730,1143,926,628,322,67,4,5419
POA3144,8,11,25,33,19,15,6,0,0,119,9,21,40,41,51,31,11,12,4,221,233,506,1138,1033,1192,934,423,118,17,5582
POA3145,7,37,60,52,65,46,18,4,3,286,14,41,142,98,131,65,35,9,3,532,593,1396,2877,2497,2723,1859,635,92,13,12683
POA3146,18,47,67,63,81,64,18,8,0,366,20,46,107,113,117,66,15,0,0,496,670,1449,2784,2912,3268,2294,724,112,12,14227
POA3147,5,23,33,41,40,37,9,3,0,193,11,8,79,78,64,48,24,7,0,320,352,659,1385,1695,1798,1171,342,47,4,7454
POA3148,0,18,48,41,24,13,21,0,0,180,5,13,94,65,34,25,10,0,0,244,133,494,1641,1248,837,518,154,14,0,5042
POA3149,14,43,110,91,122,81,25,8,0,493,27,58,171,205,176,103,28,4,5,779,782,1637,3396,3944,3821,2681,660,94,15,17022
POA3150,26,77,143,177,206,160,70,14,0,864,51,109,306,313,302,198,65,32,6,1378,1227,2785,5152,6462,6332,4577,1453,258,23,28271
POA3151,0,21,43,31,30,35,4,5,0,181,3,27,75,64,41,21,10,4,0,249,173,565,1254,1070,1005,710,193,38,0,5015
POA3152,8,64,112,129,145,111,45,3,0,618,27,57,141,213,160,130,46,7,0,783,782,1540,3190,3960,3489,2924,971,69,3,16920
POA3153,16,42,113,108,73,74,22,4,0,455,9,39,145,144,101,91,18,0,0,542,419,860,2737,2768,1999,1548,369,37,0,10741
POA3154,5,3,25,22,25,16,0,0,0,99,5,12,18,23,24,30,7,0,0,124,143,178,425,519,551,390,91,8,0,2319
POA3155,6,44,142,108,96,71,9,6,0,489,6,35,147,149,137,100,27,3,0,611,430,963,3050,2917,2309,1723,482,43,4,11915
POA3156,28,90,156,151,193,158,38,3,0,817,27,65,182,232,223,177,44,9,0,953,1180,1783,3891,4370,4565,3485,854,91,0,20221
POA3158,4,13,29,30,28,32,9,0,0,151,5,10,20,26,41,23,4,3,0,124,214,284,620,815,903,704,179,11,0,3726
POA3159,3,0,3,4,13,10,0,0,0,43,5,3,5,11,11,6,6,0,0,44,81,96,188,327,343,245,74,7,4,1361
POA3160,7,28,43,70,53,46,14,0,0,256,7,4,38,37,47,37,13,4,0,180,251,372,791,1169,1141,897,254,21,0,4896
POA3161,7,14,78,50,36,28,24,4,0,246,5,41,111,108,76,59,43,6,0,446,254,846,2486,1865,1534,1155,714,100,27,8973
POA3162,5,25,62,69,72,50,16,3,0,293,21,34,98,99,84,43,31,8,0,421,339,749,1853,2046,2026,1435,681,126,8,9268
POA3163,8,48,136,105,82,69,25,3,0,471,12,64,282,224,142,76,21,4,3,828,510,1740,5748,4509,3235,2265,655,73,11,18741
POA3165,11,36,76,116,142,99,20,4,0,503,24,37,118,190,144,79,13,7,0,615,777,1177,2574,3977,3972,2344,590,60,5,15473
POA3166,11,41,110,79,118,67,14,4,0,453,6,52,179,134,106,74,14,0,0,577,515,1441,3563,2926,2711,1746,392,31,7,13333
POA3167,8,21,29,43,45,31,6,0,0,173,4,25,66,44,45,34,19,3,0,238,181,431,1194,1182,987,768,195,15,0,4961
POA3168,8,55,107,59,45,24,3,4,0,305,14,124,291,99,63,40,19,3,0,652,494,2329,4458,1839,1006,665,158,26,3,10972
POA3169,10,29,113,93,100,49,16,0,0,414,14,58,234,135,107,78,23,3,0,652,314,1028,3029,2156,1689,1211,336,28,0,9789
POA3170,3,24,65,74,85,79,23,5,0,357,7,35,136,132,120,69,28,7,0,543,355,761,2176,2366,2027,1311,419,53,0,9479
POA3171,3,59,129,111,100,39,14,0,0,463,12,91,308,208,159,137,29,3,0,947,252,1101,3165,1975,1524,1082,262,18,0,9385
POA3172,14,38,91,132,124,83,30,6,0,521,9,61,153,172,150,155,32,3,0,734,525,1045,2113,2344,2375,1822,496,54,9,10786
POA3173,11,46,115,147,147,89,21,0,0,587,31,87,269,252,210,159,45,6,0,1060,579,1343,3362,3711,2969,1928,459,41,0,14400
POA3174,21,80,229,178,166,95,28,0,0,797,28,166,465,338,285,176,38,0,4,1507,524,1907,5336,3978,2924,2121,546,40,3,17381
POA3175,15,67,216,212,141,106,25,7,0,796,34,192,560,414,302,195,40,6,0,1747,695,2182,6210,5003,3593,2572,674,69,7,21005
POA3177,0,18,46,47,20,16,3,0,0,165,9,51,109,95,74,55,5,4,0,406,137,437,1401,1078,726,482,99,9,0,4381
POA3178,15,63,118,126,214,148,34,0,0,721,25,70,166,185,180,166,41,5,0,833,1035,1813,3126,3538,4220,3643,730,58,4,18168
POA3179,3,11,20,20,20,26,6,0,0,107,7,11,27,36,48,40,9,0,0,177,165,297,564,724,724,525,126,4,0,3133
POA3180,5,18,37,24,32,28,15,0,0,153,4,15,37,54,40,28,12,0,0,194,169,325,777,919,808,594,177,16,0,3794
POA3181,4,30,156,59,58,28,9,0,0,358,4,62,233,132,53,35,16,7,0,537,169,1248,5536,2884,1605,1015,361,49,4,12883
POA3182,5,45,202,111,65,55,7,0,0,496,6,30,247,176,84,63,12,3,0,623,201,992,5348,3428,2212,1603,458,64,0,14308
POA3183,4,37,126,80,64,41,12,4,0,363,3,41,154,109,53,36,15,3,0,424,198,911,3840,2592,1692,1046,382,55,7,10733
POA3184,8,21,78,72,61,41,11,0,0,292,4,22,112,115,70,40,17,0,0,380,199,545,2809,2336,1935,1218,343,40,3,9438
POA3185,7,19,64,37,53,32,16,0,0,228,5,22,98,78,63,30,15,3,4,316,261,583,2057,1686,1512,1005,386,53,6,7553
POA3186,11,34,45,31,70,49,37,8,0,272,15,42,89,85,130,96,53,16,6,525,490,905,1535,1987,2797,2272,992,227,22,11235
POA3187,6,18,29,35,66,35,22,7,0,214,7,19,46,68,89,59,37,10,4,347,469,628,921,1573,2200,1515,550,88,7,7960
POA3188,6,45,45,56,57,56,15,0,0,279,12,31,62,86,121,72,19,3,0,414,508,824,1360,1896,2479,1856,473,79,0,9476
POA3189,9,4,23,26,26,23,0,7,0,113,0,10,30,29,30,17,11,0,0,133,127,211,674,880,712,458,139,26,0,3224
POA3190,6,9,36,37,58,42,9,0,0,198,3,20,56,58,50,31,8,5,0,236,263,453,1363,1592,1555,903,254,26,4,6410
POA3191,10,5,13,27,43,26,15,3,0,141,15,17,35,56,55,45,12,4,0,239,323,412,691,1067,1447,1102,351,57,3,5452
POA3192,14,40,83,96,94,64,27,4,0,427,12,37,109,144,115,66,18,7,3,512,578,955,2529,3201,2801,1758,494,56,3,12377
POA3193,12,16,32,43,76,66,19,0,0,267,24,31,47,81,148,107,54,18,3,500,659,853,939,1635,2852,2204,791,118,7,10064
POA3194,4,17,59,62,48,31,14,0,0,235,9,14,59,56,61,39,3,3,0,242,311,494,1487,1653,1692,1083,333,44,10,7109
POA3195,20,63,95,127,141,132,43,0,0,618,28,54,108,167,235,141,43,10,3,796,1187,1646,3047,4378,5251,3434,874,93,6,19910
POA3196,18,41,94,119,96,67,25,4,0,464,14,30,123,155,134,114,26,7,0,608,536,902,2948,3587,3133,2122,561,53,0,13841
POA3197,15,23,52,57,53,45,20,3,0,266,12,15,54,69,94,66,14,0,0,331,309,419,1068,1305,1544,1215,400,47,0,6312
POA3198,6,32,90,81,64,42,6,3,0,320,12,24,82,99,103,70,14,3,0,413,311,579,1893,2110,1817,1227,325,32,6,8309
POA3199,36,80,221,188,202,149,41,11,0,930,34,90,258,251,233,185,73,19,6,1153,1372,2195,5764,5821,5669,4282,1195,145,13,26461
POA3200,7,16,31,12,9,12,5,0,0,85,8,12,41,35,34,28,3,0,0,164,63,201,627,412,347,312,69,4,0,2038
POA3201,7,48,151,113,104,54,26,0,0,502,20,48,160,141,149,108,16,3,0,653,502,973,2993,2565,2232,1677,352,19,0,11311
POA3202,0,3,5,13,9,13,6,0,0,40,4,0,14,13,15,11,5,0,0,60,86,108,220,313,437,221,67,0,0,1462
POA3204,18,31,104,98,120,78,24,0,0,477,22,50,146,160,163,85,23,4,0,656,880,1555,3508,4005,4321,2727,730,70,4,17796
POA3205,0,18,54,41,36,32,5,7,0,187,4,18,75,78,63,32,14,0,0,288,125,448,2133,1630,1237,782,224,45,0,6620
POA3206,3,13,31,16,27,26,11,0,0,121,8,16,27,60,64,33,23,3,5,238,192,262,752,1143,1383,999,360,66,4,5164
POA3207,4,29,77,62,67,51,15,3,0,304,12,24,103,109,107,62,17,7,0,440,243,489,2225,2554,2293,1452,445,82,3,9792
POA3211,7,0,0,4,6,8,0,0,0,17,0,10,5,0,10,7,0,3,0,40,41,68,67,118,146,127,25,5,3,609
POA3212,20,24,87,72,67,47,12,0,0,328,13,29,95,74,64,46,12,0,0,331,570,751,2148,2151,1989,1289,298,16,0,9212
POA3213,5,10,27,11,13,24,3,0,0,97,3,9,18,17,24,25,12,0,0,109,193,269,438,472,608,443,84,7,0,2506
POA3214,14,47,102,71,58,39,7,0,0,326,24,91,154,108,118,88,25,6,0,613,464,1032,2408,1644,1603,1363,289,25,0,8831
POA3215,11,43,94,70,49,47,12,4,0,328,19,39,136,94,79,49,26,3,0,447,515,1007,2691,2122,2070,1550,433,48,3,10451
POA3216,51,138,201,207,179,134,34,6,0,945,33,107,205,205,197,129,39,12,0,927,1997,3477,6803,6313,5909,4261,1193,123,10,30086
POA3217,8,51,150,98,55,33,9,0,0,402,12,28,125,76,51,30,6,0,0,326,504,1336,4141,3010,1513,934,203,22,4,11660
POA3218,8,23,56,52,49,47,5,0,0,242,8,19,68,69,42,41,6,3,0,250,332,709,2152,1964,1577,1154,258,27,0,8176
POA3219,17,37,109,72,59,72,26,3,0,392,15,43,73,50,82,62,17,11,0,351,481,1015,2391,1725,1798,1590,379,37,6,9419
POA3220,10,23,49,25,53,50,9,9,0,224,14,32,79,51,52,44,23,8,0,308,516,924,1977,1730,1865,1522,479,76,6,9091
POA3221,0,0,0,6,3,6,0,0,0,12,0,4,4,5,7,0,4,0,0,17,30,27,46,83,107,87,32,3,3,419
POA3222,15,45,94,73,69,59,17,4,0,378,10,18,45,82,63,48,23,3,3,291,534,661,1504,1735,1814,1633,477,56,13,8416
POA3223,0,10,26,25,29,35,9,0,0,137,6,8,12,22,34,34,13,0,0,139,126,225,490,566,781,919,339,32,0,3485
POA3224,10,43,85,80,69,41,19,3,0,347,14,15,54,46,59,46,13,0,0,250,457,598,1461,1504,1536,1211,294,28,0,7093
POA3225,0,3,4,3,10,13,8,0,0,52,3,5,7,14,18,17,10,3,0,80,100,123,226,335,441,543,273,46,5,2106
POA3226,18,15,49,72,46,44,13,0,0,258,18,10,53,56,59,36,18,6,7,261,526,534,1356,2106,1976,1516,415,49,7,8481
POA3227,0,8,9,21,21,9,7,0,0,71,6,3,12,23,22,15,9,8,0,94,171,131,244,543,705,503,189,32,3,2530
POA3228,11,41,65,99,92,59,11,3,0,373,16,28,74,129,104,46,13,0,0,420,695,833,2035,3333,2921,1792,507,48,0,12168
POA3230,0,3,3,3,4,12,5,0,0,34,3,3,8,12,5,17,6,6,0,55,68,84,208,273,305,364,132,25,0,1460
POA3231,0,0,0,3,3,3,0,3,0,19,0,0,0,5,6,9,0,0,0,27,27,37,77,93,177,229,93,11,0,754
POA3232,0,0,0,0,6,0,3,0,0,10,0,0,0,0,5,8,4,0,0,26,14,36,138,77,96,142,85,6,0,602
POA3233,0,0,0,6,7,4,0,0,0,20,7,0,10,7,7,6,6,0,0,36,54,41,164,180,236,240,105,9,6,1037
POA3234,0,0,0,0,0,0,0,0,0,0,0,0,0,0,0,0,0,0,0,5,5,7,17,11,23,30,17,4,0,116
POA3235,0,0,0,0,0,0,0,0,0,4,0,0,5,0,7,0,0,0,0,14,10,5,27,47,61,57,28,3,0,249
POA3236,0,0,0,4,0,0,0,0,0,4,0,0,0,0,0,0,0,0,0,4,5,3,20,18,19,31,14,6,0,118
POA3237,0,0,0,0,0,0,0,0,0,0,0,0,0,0,5,0,0,0,0,7,8,6,14,19,35,30,11,3,0,119
POA3238,0,0,0,0,0,0,0,0,0,3,0,0,0,0,0,4,0,0,0,3,0,5,9,25,31,49,18,0,0,135
POA3239,0,0,0,0,4,0,0,0,0,10,0,0,4,0,0,0,0,0,0,8,14,12,34,31,48,51,28,0,0,214
POA3240,9,3,9,9,12,8,0,0,0,49,3,0,3,6,11,10,3,0,0,32,90,88,146,273,279,230,78,15,0,1196
POA3241,0,7,8,10,15,6,0,0,0,35,6,3,10,14,14,10,0,0,0,59,68,102,329,285,291,275,99,21,0,1468
POA3242,0,0,5,0,3,3,0,0,0,15,0,0,0,3,4,7,3,6,0,15,23,23,91,102,97,86,37,13,0,475
POA3243,0,0,0,0,0,0,0,0,0,3,3,0,3,0,3,3,3,0,0,16,14,7,30,38,48,40,35,8,0,215
POA3249,4,9,6,10,11,5,4,0,0,45,3,5,13,5,20,15,7,4,0,78,138,102,232,299,375,374,161,36,3,1727
POA3250,9,31,56,42,37,37,15,0,0,227,21,13,39,36,50,27,20,3,3,215,445,548,1306,1124,1156,990,317,31,10,5923
POA3251,0,0,0,3,0,0,3,0,0,9,0,0,6,3,0,3,0,0,0,11,16,10,42,57,62,60,32,7,3,283
POA3254,0,0,4,5,3,0,0,0,0,9,0,0,3,4,0,3,0,0,0,11,15,13,46,31,26,34,4,3,0,172
POA3260,8,5,8,12,13,7,3,0,0,59,8,5,10,8,17,12,14,6,0,78,143,162,347,367,462,460,204,63,3,2203
POA3264,0,5,11,7,12,15,5,0,0,50,6,3,6,10,7,6,11,0,0,49,64,86,176,170,206,216,73,7,0,1008
POA3265,4,8,7,3,10,4,0,0,0,34,13,5,8,8,10,10,4,4,0,54,111,101,260,241,319,345,123,30,0,1525
POA3266,5,8,6,3,3,6,3,0,0,30,3,5,4,5,18,18,3,3,0,61,96,122,229,219,344,304,104,27,0,1441
POA3267,0,0,0,3,0,0,0,0,0,5,0,0,0,0,5,3,0,0,0,11,7,7,20,15,25,38,7,0,0,120
POA3268,0,10,9,0,7,10,0,0,0,44,9,11,3,12,4,8,6,4,0,61,97,106,196,241,268,284,111,25,5,1327
POA3269,0,0,0,0,0,0,0,0,0,4,0,0,4,6,3,6,5,0,0,20,12,23,70,64,78,66,45,8,0,369
POA3270,0,0,0,0,0,3,0,0,0,3,0,0,3,4,4,4,0,0,0,16,5,6,25,22,34,45,19,4,0,156
POA3271,0,0,0,0,0,0,0,0,0,0,0,0,0,0,3,0,0,0,0,4,8,3,5,10,17,30,11,0,0,89
POA3272,3,0,0,0,3,0,0,0,0,19,3,0,4,3,0,0,0,3,0,16,38,54,126,109,136,128,67,12,5,677
POA3273,0,0,0,0,0,0,0,0,0,4,0,0,0,0,0,0,0,0,0,3,0,3,7,3,17,23,7,8,0,70
POA3274,0,0,0,0,0,0,0,0,0,4,0,0,0,0,0,0,0,0,0,7,4,10,15,18,18,20,16,8,0,107
POA3275,0,5,3,0,0,5,0,0,0,18,0,0,0,0,4,0,0,0,0,8,22,35,50,43,62,45,12,0,0,273
POA3276,0,0,0,4,0,0,0,0,0,4,0,0,4,0,0,0,0,0,0,5,12,27,39,40,41,55,25,4,0,234
POA3277,0,0,6,11,12,6,3,0,0,48,0,0,9,6,9,0,6,0,0,36,63,64,180,188,207,183,68,20,0,971
POA3278,0,0,4,0,4,5,0,0,0,13,0,0,0,0,0,0,0,0,0,4,12,6,38,33,48,30,9,6,0,183
POA3279,0,0,0,0,0,0,0,0,0,4,0,0,0,0,0,0,0,0,0,12,22,14,27,19,44,25,12,3,0,168
POA3280,37,69,148,105,101,67,32,8,0,572,30,50,120,98,115,79,20,7,0,525,1185,1372,3499,3154,3260,2866,738,96,3,16169
POA3281,7,7,5,11,14,5,0,0,0,52,0,0,0,9,3,10,8,0,0,38,84,54,141,227,254,185,62,13,0,1022
POA3282,5,0,8,14,18,3,4,0,0,56,0,4,13,6,10,13,4,0,0,63,62,75,230,239,268,261,72,13,0,1213
POA3283,0,0,0,0,5,9,4,0,0,22,0,6,7,4,6,12,0,0,0,41,43,40,101,129,172,175,68,11,0,745
POA3284,0,3,7,15,7,7,4,0,0,42,3,5,3,3,10,7,6,3,0,46,93,63,235,364,354,348,159,28,4,1646
POA3285,0,3,7,0,3,0,0,0,0,19,0,0,0,3,5,4,0,0,0,20,42,35,69,120,150,134,68,7,0,634
POA3286,0,0,0,0,0,0,0,0,0,8,0,0,0,0,0,3,4,0,0,7,17,9,28,41,55,58,36,5,3,248
POA3287,0,0,4,0,0,0,0,0,0,7,0,0,0,0,0,3,0,0,0,3,17,17,39,37,58,54,13,7,0,241
POA3289,0,0,3,3,0,3,0,0,0,10,3,0,0,0,4,4,3,0,0,11,17,18,41,59,74,85,39,7,0,340
POA3292,0,0,0,0,0,0,0,0,0,0,0,0,0,0,0,0,0,0,0,0,5,0,9,9,15,27,8,4,0,76
POA3293,0,0,0,0,0,0,0,0,0,3,0,0,0,0,0,0,0,0,0,6,8,11,20,30,30,31,22,5,4,169
POA3294,0,0,0,3,0,0,0,0,0,3,0,0,0,5,0,10,0,4,0,16,23,23,79,92,95,91,85,15,4,513
POA3300,12,20,26,28,43,44,19,0,0,189,19,9,39,24,31,27,22,7,7,173,306,412,907,841,933,947,324,55,6,4734
POA3301,6,0,7,0,0,0,0,0,0,14,6,0,3,3,4,8,0,3,0,29,45,41,97,96,159,154,99,15,0,708
POA3302,0,0,0,0,0,0,0,0,0,0,0,0,0,0,0,0,0,0,0,5,10,11,31,25,44,39,20,3,0,188
POA3303,0,0,3,0,0,0,0,0,0,3,0,0,0,0,0,0,3,0,0,11,11,7,24,23,39,27,11,3,3,153
POA3304,7,0,7,0,8,7,7,0,0,29,6,8,10,8,16,13,3,7,0,67,65,69,191,213,219,275,124,26,0,1181
POA3305,7,28,40,48,51,32,19,0,0,233,20,22,31,38,55,31,26,4,6,231,412,428,958,1037,1333,1210,384,57,9,5831
POA3309,0,0,0,0,0,0,0,0,0,0,0,0,0,3,0,0,0,0,0,7,0,9,4,8,15,5,0,4,0,43
POA3310,0,0,0,0,0,0,0,0,0,4,0,0,0,0,0,0,4,0,0,0,4,4,10,13,19,39,12,8,0,111
POA3311,0,4,5,5,4,7,0,0,0,24,3,3,3,3,6,7,0,0,0,20,30,46,113,88,127,179,54,10,0,646
POA3312,5,0,3,5,0,0,4,0,0,8,3,0,6,6,3,4,11,4,0,26,23,30,68,79,111,110,76,35,0,530
POA3314,0,0,0,0,0,0,0,0,0,0,0,0,0,0,0,0,0,0,0,9,13,13,42,59,60,60,40,0,3,297
POA3315,4,0,0,0,5,3,0,0,0,14,0,6,3,5,7,6,4,3,3,36,39,53,94,123,135,201,92,22,7,774
POA3317,0,0,0,0,0,0,0,0,0,0,0,0,0,0,0,0,0,0,0,5,4,3,15,9,28,24,8,5,0,97
POA3318,0,0,4,5,4,7,0,0,0,10,3,0,0,0,5,3,0,0,0,21,21,16,103,89,104,133,57,15,4,540
POA3319,0,0,0,0,0,0,0,0,0,0,0,0,0,0,0,0,0,0,0,6,5,8,19,22,30,60,25,9,4,192
POA3321,3,6,5,11,5,0,0,0,0,27,3,0,0,5,4,6,0,0,0,18,50,50,138,237,231,169,48,10,0,939
POA3322,0,0,0,0,0,0,0,0,0,0,0,0,0,0,0,0,0,0,0,0,5,7,13,9,12,20,3,0,0,69
POA3323,0,0,0,0,0,0,0,0,0,0,0,0,0,0,0,0,0,0,0,0,0,3,10,9,10,10,10,6,0,50
POA3324,0,0,0,3,0,0,0,0,0,6,0,0,0,0,0,3,0,0,0,13,9,29,30,49,39,60,29,14,0,267
POA3325,0,0,0,4,0,0,0,0,0,11,0,0,0,0,0,0,0,0,0,7,6,11,23,33,37,61,24,5,0,193
POA3328,4,4,7,14,3,4,0,0,0,43,4,6,13,14,11,5,3,0,0,55,80,82,205,286,272,181,49,4,0,1158
POA3329,0,0,0,0,0,0,0,0,0,5,0,0,0,0,0,0,0,0,0,4,11,7,25,37,27,28,24,0,0,166
POA3330,0,0,0,0,0,0,0,0,0,3,0,0,0,0,0,0,4,0,0,4,6,3,18,17,32,12,9,4,0,99
POA3331,8,10,25,45,34,17,6,0,0,151,4,7,36,30,31,16,3,0,0,136,234,266,770,909,833,436,125,23,0,3597
POA3332,0,0,0,11,4,6,3,0,0,29,0,0,7,4,3,6,0,0,0,27,45,37,103,134,140,108,26,5,0,600
POA3333,0,0,6,4,5,0,0,0,0,11,0,0,5,3,0,8,0,0,0,12,15,22,70,88,91,85,37,10,0,408
POA3334,0,0,0,0,5,0,0,0,0,7,0,0,0,0,8,0,0,0,0,12,21,17,33,40,74,62,19,0,0,264
POA3335,0,10,57,28,12,5,0,0,0,118,4,26,60,53,31,13,0,0,0,193,84,275,1298,830,372,206,46,3,0,3108
POA3336,5,18,98,88,41,11,0,0,0,267,12,36,132,155,46,26,0,0,0,407,321,663,2905,3223,1240,459,75,3,0,8887
POA3337,34,69,162,159,108,84,41,0,0,666,40,103,249,226,170,105,25,4,0,915,938,1606,4006,4154,3345,2213,538,31,3,16839
POA3338,26,58,177,128,97,36,17,0,0,540,26,76,238,236,141,64,12,9,0,804,657,1384,4432,4455,2507,1393,323,24,0,15173
POA3340,21,52,130,121,99,53,27,0,0,508,35,51,115,121,114,75,32,6,3,546,678,1126,2922,2874,2572,1772,476,55,3,12468
POA3341,0,3,6,6,9,9,3,0,0,48,0,5,8,12,15,9,4,0,0,49,53,72,114,176,237,198,41,14,0,891
POA3342,4,5,12,15,25,11,4,0,0,67,0,8,12,13,17,13,4,3,0,68,106,119,323,429,433,381,75,16,4,1884
POA3345,3,0,0,5,3,4,0,0,0,19,7,0,0,6,12,3,5,0,0,33,44,34,100,160,163,164,36,5,0,695
POA3350,43,108,247,202,194,138,53,3,3,992,44,84,199,159,189,139,40,20,8,884,2047,3167,7051,6806,6373,4980,1273,136,13,31839
POA3351,15,24,36,39,40,18,9,0,0,183,14,14,31,46,42,40,9,5,0,203,309,353,713,886,1016,873,236,32,10,4427
POA3352,18,46,78,65,87,59,22,0,0,368,13,32,67,63,71,62,28,8,0,339,682,718,1642,2000,2182,1700,504,85,15,9517
POA3355,9,23,44,26,26,35,6,3,0,173,22,25,59,30,43,48,13,0,0,242,271,498,1178,829,1028,857,233,18,3,4929
POA3356,5,47,79,48,47,42,14,0,0,282,16,33,63,42,49,50,4,4,0,261,371,766,1665,1226,1117,979,233,22,0,6389
POA3357,0,8,8,11,7,18,0,0,0,50,3,0,3,8,8,10,3,0,0,43,138,96,179,388,486,370,82,3,5,1753
POA3358,0,19,20,15,11,6,0,0,0,77,6,12,21,11,0,10,3,0,0,67,88,225,671,423,272,153,36,0,0,1874
POA3360,0,0,0,4,3,3,3,0,0,13,0,0,7,0,3,3,0,0,0,19,13,20,56,40,96,58,22,16,0,328
POA3361,0,0,6,0,0,0,0,0,0,6,3,0,0,3,0,0,0,0,0,8,16,14,38,46,57,72,12,0,0,254
POA3363,5,9,11,16,12,12,9,0,0,76,4,3,9,8,13,18,10,0,0,57,79,82,242,268,353,300,100,8,0,1430
POA3364,0,6,10,6,11,4,0,0,0,38,0,3,6,4,17,12,6,3,0,53,53,59,143,213,248,239,110,28,0,1088
POA3370,0,0,5,12,7,3,0,0,0,30,0,5,4,3,9,9,0,4,0,32,26,47,104,142,156,181,56,9,0,720
POA3371,0,0,0,0,3,6,0,0,0,13,0,6,0,0,0,10,0,6,0,23,16,24,38,49,88,133,27,5,0,388
POA3373,0,5,6,3,11,8,0,0,0,39,0,0,6,11,11,10,4,6,0,51,60,66,132,177,251,225,91,18,0,1025
POA3374,0,0,0,0,0,0,0,0,0,5,0,0,0,0,0,0,0,5,0,11,11,5,20,34,58,42,29,6,0,209
POA3375,0,0,0,0,0,0,0,0,0,0,0,0,0,0,0,0,0,0,0,3,4,8,8,17,23,26,17,0,0,114
POA3377,9,0,34,27,21,28,11,0,0,127,7,17,23,13,17,26,10,7,0,123,244,330,819,657,793,770,264,28,3,3917
POA3378,0,0,0,0,0,0,0,0,0,0,0,0,0,0,0,0,0,0,0,0,5,5,13,17,16,16,4,4,0,82
POA3379,0,0,0,0,0,0,0,0,0,0,0,4,0,0,0,6,0,0,0,11,11,17,38,56,63,85,57,10,7,341
POA3380,0,13,11,12,11,10,5,0,0,58,5,4,19,14,13,11,0,4,5,80,141,260,590,431,511,492,161,19,0,2624
POA3381,3,0,5,0,0,7,0,0,0,14,0,0,3,3,5,0,3,0,0,13,33,37,125,112,148,157,53,6,0,665
POA3384,0,0,4,0,0,0,0,0,0,5,0,0,0,0,0,0,0,0,0,3,15,16,35,31,53,64,22,14,0,252
POA3385,0,0,0,0,4,0,4,0,0,7,0,0,3,0,0,9,5,0,0,17,5,14,23,41,54,65,31,3,0,246
POA3387,0,0,0,0,0,0,0,0,0,0,0,0,0,0,0,0,0,0,0,0,10,7,29,26,31,30,21,6,0,154
POA3388,0,0,0,0,0,3,0,0,0,4,0,4,6,0,0,0,0,0,0,5,8,13,44,37,38,63,21,4,3,230
POA3390,0,0,4,0,0,4,0,0,0,17,0,0,3,5,0,4,0,0,0,16,24,24,56,68,85,90,27,6,0,375
POA3391,0,0,0,0,0,0,0,0,0,0,0,0,0,0,0,4,0,0,0,5,3,5,3,10,15,22,11,13,4,83
POA3392,0,0,0,0,0,0,0,0,0,5,0,0,0,0,0,0,0,3,0,4,15,11,29,38,57,65,18,5,0,229
POA3393,3,11,0,7,7,17,3,0,0,41,5,4,3,0,7,12,0,3,0,31,61,81,194,173,206,276,81,16,3,1086
POA3395,0,0,0,0,0,0,0,0,0,0,0,0,0,0,0,0,0,0,0,0,7,6,34,23,33,37,11,6,0,151
POA3396,0,0,3,0,0,6,0,0,0,10,0,0,7,0,0,5,0,0,0,10,16,14,45,46,41,82,41,5,0,293
POA3400,24,37,84,56,46,33,13,6,0,299,14,21,58,43,34,30,9,11,0,228,427,652,1661,1317,1253,1203,376,81,6,6972
POA3401,11,5,10,19,26,26,4,0,0,103,6,4,16,16,16,15,8,11,0,86,173,169,311,423,628,580,162,44,7,2506
POA3407,0,0,0,0,0,0,0,0,0,3,0,0,0,0,0,5,0,0,0,3,10,10,18,28,54,47,22,8,0,205
POA3409,0,0,4,9,6,7,0,0,0,22,0,0,7,4,0,0,4,0,0,16,24,24,74,80,103,154,56,12,0,534
POA3412,0,0,0,0,0,0,0,0,0,0,0,0,0,0,0,0,0,0,0,0,3,6,16,26,21,21,9,5,0,118
POA3413,0,0,0,0,0,3,0,0,0,6,0,0,0,0,0,0,0,0,0,0,6,4,11,12,32,25,11,8,0,113
POA3414,0,5,5,0,0,4,0,0,0,10,0,0,4,0,0,6,5,3,0,23,31,34,122,111,134,174,36,9,0,654
POA3415,0,0,0,0,0,0,0,0,0,0,0,0,0,0,0,0,0,0,0,0,3,6,3,0,5,8,0,0,0,26
POA3418,4,7,11,9,11,8,3,3,0,41,3,0,14,3,8,5,3,0,0,51,62,107,302,193,263,291,84,40,8,1351
POA3419,0,0,0,0,7,4,0,0,0,14,5,0,0,3,0,7,0,0,0,18,21,34,64,77,84,87,41,4,0,413
POA3420,0,0,0,0,0,0,0,0,0,3,0,0,0,0,0,3,0,0,0,7,4,8,24,29,25,31,14,0,0,150
POA3423,0,0,0,0,0,4,0,0,0,3,0,0,0,0,0,0,6,0,0,4,8,8,19,13,34,59,11,4,0,154
POA3424,0,0,3,0,0,0,0,0,0,7,0,0,8,0,4,4,5,0,0,20,11,10,49,53,52,68,36,9,0,290
POA3427,3,13,53,26,22,15,5,0,0,130,7,16,30,29,21,19,0,0,0,127,90,252,1108,733,442,355,84,8,0,3062
POA3428,0,0,3,4,3,0,0,0,0,12,0,0,0,4,3,5,4,0,0,10,23,33,44,48,83,49,40,6,0,321
POA3429,33,74,187,158,155,107,26,6,0,751,38,71,162,185,169,92,32,3,3,754,1107,1783,4441,4290,4302,3271,782,67,4,20046
POA3430,0,0,0,0,0,0,0,0,0,3,0,0,0,0,0,0,0,0,0,3,8,16,24,23,35,35,10,8,0,154
POA3431,8,9,16,19,22,21,6,0,0,92,0,8,21,13,29,9,4,0,0,87,122,188,330,474,578,465,113,19,0,2289
POA3432,0,0,0,0,0,0,0,0,0,0,0,0,0,0,3,0,0,0,0,3,9,3,5,13,31,25,9,3,0,95
POA3433,0,0,0,0,5,0,0,0,0,9,0,0,0,0,0,5,0,0,0,9,4,6,15,25,36,21,5,0,0,109
POA3434,9,16,37,32,34,28,6,0,0,158,3,8,30,22,30,34,4,5,0,143,185,225,675,642,717,507,132,33,7,3123
POA3435,6,5,27,17,12,15,3,0,0,83,5,9,11,7,12,16,3,0,0,58,86,120,278,307,351,302,101,23,0,1578
POA3437,10,28,23,65,47,44,6,0,0,218,17,14,32,50,51,36,8,3,5,203,424,398,797,1512,1479,1030,227,32,3,5911
POA3438,3,0,3,9,20,9,0,0,0,41,0,0,3,8,5,4,3,0,0,32,104,88,158,291,347,187,44,6,0,1229
POA3440,0,0,4,11,11,4,3,0,0,24,6,0,0,9,15,6,5,0,0,41,61,64,86,228,286,200,81,6,0,1014
POA3441,0,0,3,5,0,8,3,0,0,16,5,0,4,15,5,7,0,0,0,30,32,21,69,142,189,173,75,8,0,708
POA3442,6,7,13,22,41,24,8,0,0,115,3,7,17,29,40,22,15,4,0,142,221,212,435,885,1168,798,284,47,7,4053
POA3444,8,15,22,39,41,32,3,4,0,171,11,8,25,30,38,31,14,12,0,167,271,293,672,973,1221,913,344,70,10,4763
POA3446,0,0,6,0,3,0,3,0,0,13,7,3,3,0,3,5,0,0,0,20,22,21,75,108,143,122,42,8,0,535
POA3447,0,0,3,3,0,0,0,0,0,11,0,0,5,3,0,4,0,0,0,11,15,18,31,39,72,56,22,0,0,253
POA3448,0,3,0,3,8,3,0,0,0,19,0,0,4,3,0,0,3,0,0,17,16,21,65,84,113,112,48,5,0,468
POA3450,4,7,11,16,23,18,10,4,0,85,11,5,11,28,17,27,11,0,0,110,144,109,365,615,672,642,253,29,4,2836
POA3451,3,3,14,25,24,21,6,0,0,112,11,6,12,22,18,22,12,0,0,94,134,143,399,546,689,589,161,16,0,2682
POA3453,3,6,9,7,0,5,9,0,0,31,0,0,5,6,3,4,0,3,0,27,50,53,124,173,210,211,75,15,0,903
POA3458,0,3,4,4,5,9,0,0,0,26,0,0,4,11,6,10,3,0,0,37,30,47,127,202,267,284,91,23,3,1059
POA3460,0,0,7,8,5,9,4,0,0,36,4,6,9,12,9,12,6,0,0,54,45,47,194,198,275,326,87,9,0,1178
POA3461,4,0,11,13,20,10,4,0,0,58,9,8,11,7,27,21,7,4,0,84,92,79,227,389,605,513,181,37,3,2119
POA3462,0,0,9,4,5,3,4,0,0,15,0,0,0,3,4,5,0,0,0,20,26,23,63,88,132,128,58,6,0,522
POA3463,0,0,6,8,8,7,0,0,0,34,0,6,4,8,9,12,9,0,0,46,41,48,133,141,244,320,111,18,0,1060
POA3464,0,5,6,0,0,3,0,0,0,19,0,0,3,4,6,4,0,0,0,18,31,42,88,87,111,114,44,3,0,512
POA3465,9,15,30,24,22,24,13,5,0,134,10,11,32,21,37,29,12,5,0,157,242,280,638,576,774,740,249,39,5,3536
POA3467,0,0,0,4,0,0,5,0,0,17,5,8,6,0,6,4,3,0,0,25,31,28,91,75,112,80,49,3,0,469
POA3468,0,0,0,3,0,0,0,0,0,3,0,0,0,0,0,0,6,0,0,14,4,8,7,28,24,36,16,5,0,115
POA3469,0,0,0,0,0,0,0,0,0,0,0,0,0,0,0,0,0,0,0,3,7,10,8,8,24,25,12,0,0,91
POA3472,0,0,3,3,4,4,0,0,0,14,0,5,8,3,12,9,5,0,0,37,21,25,53,59,106,123,36,5,0,437
POA3475,0,0,0,0,0,0,0,0,0,4,0,0,0,3,0,0,0,0,0,3,0,4,12,17,21,36,24,0,0,114
POA3477,0,0,0,3,0,0,0,0,0,4,0,0,0,0,0,4,3,0,0,5,15,15,36,58,77,113,44,19,0,378
POA3478,0,4,8,4,9,6,5,0,0,32,0,0,8,0,5,5,4,0,0,33,66,81,189,129,231,220,77,28,4,1026
POA3480,3,0,3,3,0,12,6,0,0,27,3,0,4,3,9,7,4,3,0,31,55,51,112,119,157,200,83,11,0,781
POA3482,0,0,0,0,0,0,0,0,0,0,0,0,0,0,0,0,0,0,0,0,5,0,5,12,15,26,0,0,0,60
POA3483,5,0,4,5,0,4,5,0,0,19,4,3,0,3,4,0,9,0,0,18,16,28,84,66,84,89,53,3,0,436
POA3485,0,0,0,0,0,0,0,0,0,6,0,0,0,0,0,5,0,0,0,0,0,7,6,9,23,39,16,0,0,108
POA3487,0,0,0,0,0,0,0,0,0,0,0,0,0,0,0,0,0,0,0,0,5,0,6,9,6,10,4,0,0,41
POA3488,0,0,0,0,0,0,0,0,0,0,0,0,0,0,0,0,0,0,0,0,0,6,9,9,13,16,0,0,0,40
POA3489,0,0,0,0,0,0,0,0,0,0,0,0,0,0,0,0,0,0,0,0,0,0,4,9,3,3,3,0,0,23
POA3490,5,0,0,3,0,0,0,0,0,21,3,0,4,6,8,3,0,5,0,27,26,38,105,79,93,125,61,15,0,550
POA3491,0,0,0,0,0,0,0,0,0,0,0,0,0,0,0,0,0,0,0,0,4,3,6,10,15,13,5,0,0,57
POA3494,0,0,0,0,0,3,0,0,0,8,0,0,6,0,5,0,4,0,0,18,12,18,68,67,50,80,16,3,0,314
POA3496,3,19,31,26,23,30,4,0,0,131,8,21,30,22,36,30,7,0,0,149,167,244,549,571,602,557,139,15,0,2847
POA3498,8,11,36,26,23,27,6,0,0,133,17,18,32,25,36,28,7,0,0,170,222,242,575,538,669,510,157,18,0,2928
POA3500,18,64,154,97,65,67,33,4,0,498,40,71,181,112,147,98,23,10,0,688,849,1409,3554,2905,2898,2463,666,58,12,14809
POA3501,4,0,8,15,6,8,0,0,0,38,0,8,7,10,17,7,3,0,0,51,78,72,137,256,273,214,62,3,0,1104
POA3505,9,8,28,19,15,20,6,0,0,99,3,5,27,17,27,20,5,7,3,112,139,146,404,385,488,443,140,17,4,2170
POA3506,0,0,0,0,0,0,0,0,0,0,0,0,0,0,0,0,0,0,0,0,0,6,6,3,5,3,0,0,0,17
POA3507,0,0,0,0,0,0,0,0,0,0,0,0,0,0,0,0,0,0,0,0,4,3,4,10,3,12,8,4,0,51
POA3509,0,0,0,0,0,0,0,0,0,6,0,0,0,0,0,0,0,0,0,0,0,3,11,14,27,21,17,3,0,104
POA3512,0,0,0,0,5,0,0,0,0,5,0,0,0,0,3,3,0,0,0,11,5,3,23,41,31,48,22,6,0,178
POA3515,3,4,15,14,9,8,0,0,0,53,11,5,6,18,6,0,0,0,0,54,92,86,368,324,206,176,40,9,3,1299
POA3516,0,3,6,0,4,3,0,0,0,13,0,0,3,3,3,0,4,0,0,16,22,27,59,56,73,89,30,10,0,371
POA3517,0,0,4,7,5,5,0,0,0,14,3,5,3,3,13,11,9,0,0,43,18,29,84,101,114,133,46,9,0,538
POA3518,0,0,0,0,0,4,0,0,0,5,0,0,0,3,7,9,0,0,3,19,22,27,59,53,97,150,35,9,5,456
POA3520,0,0,0,0,0,0,0,0,0,0,0,0,0,0,0,0,0,0,0,3,4,5,0,3,3,8,0,0,0,30
POA3521,0,0,0,0,0,0,0,0,0,7,0,0,3,4,7,4,0,4,0,20,15,33,63,63,103,61,26,7,0,377
POA3522,0,0,0,0,3,3,0,0,0,7,0,5,0,0,4,0,3,0,0,9,10,15,17,24,44,33,20,0,0,157
POA3523,5,3,9,9,12,12,4,0,0,54,4,6,8,11,14,18,7,7,0,75,43,71,174,225,349,384,127,32,5,1410
POA3525,0,0,5,4,0,0,0,0,0,12,0,0,5,0,6,0,7,0,0,21,31,30,66,63,126,133,86,14,4,558
POA3527,0,0,0,4,0,0,0,0,0,12,0,0,0,0,0,6,0,6,0,7,13,10,53,30,69,87,35,6,0,311
POA3529,0,0,3,0,0,0,0,0,0,3,0,0,0,0,0,0,0,0,0,0,3,5,9,6,15,12,4,0,0,60
POA3530,0,0,0,0,0,0,0,0,0,0,0,0,0,0,0,0,0,0,0,0,4,3,5,9,16,21,4,5,0,59
POA3531,0,0,0,0,0,0,0,0,0,0,0,0,0,0,0,0,0,0,0,5,3,9,12,10,23,22,3,0,0,80
POA3533,0,0,0,0,0,4,0,0,0,8,0,0,0,7,0,0,0,0,0,13,18,25,47,56,66,64,24,4,0,302
POA3537,0,0,0,0,0,0,5,0,0,5,5,3,5,5,0,3,0,5,0,16,27,24,53,69,83,102,45,10,0,412
POA3540,0,0,0,0,0,0,0,0,0,5,0,0,0,0,0,0,3,0,0,4,6,10,10,8,22,35,10,0,0,100
POA3542,0,0,0,0,0,0,0,0,0,5,0,0,0,0,0,5,0,0,0,9,5,4,9,4,9,19,11,0,0,60
POA3544,0,0,3,0,0,0,0,0,0,3,0,0,0,0,0,0,0,0,0,5,0,15,19,21,12,30,16,4,0,114
POA3546,0,0,0,0,0,0,0,0,0,0,0,0,0,0,0,3,0,0,0,13,7,4,19,23,32,50,26,7,0,171
POA3549,5,3,3,10,10,3,0,0,0,36,6,12,57,52,25,17,9,0,0,173,60,118,451,407,261,263,105,9,0,1670
POA3550,25,67,162,116,117,129,39,3,0,662,27,68,125,107,105,104,27,14,4,586,1194,2260,4493,3552,3731,3228,888,107,4,19460
POA3551,34,47,137,164,142,104,37,0,0,665,42,44,98,117,126,100,33,5,0,574,1304,1345,3292,4248,3924,2883,723,89,11,17829
POA3555,8,32,108,72,53,69,20,0,0,364,16,29,93,81,55,55,14,7,5,352,535,840,2226,1899,1673,1503,381,45,9,9108
POA3556,11,29,75,44,41,39,3,0,0,246,15,19,74,59,49,53,16,4,0,290,356,650,1465,1125,1140,1062,287,24,0,6108
POA3557,0,0,9,4,0,0,0,0,0,17,0,0,0,0,0,0,0,0,0,7,25,28,84,85,85,95,25,5,0,426
POA3558,3,0,6,0,6,6,5,0,0,24,5,0,3,0,0,11,0,0,0,20,19,26,62,40,80,90,37,11,4,365
POA3559,0,0,0,0,0,0,0,0,0,3,0,0,0,3,5,3,3,0,0,9,21,17,28,39,49,68,37,11,0,262
POA3561,5,17,16,18,15,14,3,4,0,94,10,3,13,11,14,16,13,0,0,83,134,158,283,335,411,437,142,27,4,1933
POA3562,0,0,0,0,0,0,0,0,0,6,0,0,0,0,0,0,0,0,0,4,7,6,27,21,21,27,10,0,0,126
POA3563,0,0,4,0,4,4,0,0,0,9,0,0,0,3,0,8,0,0,0,17,22,31,62,63,72,81,33,9,4,369
POA3564,24,28,74,56,70,79,18,0,0,350,13,24,47,40,78,53,16,4,0,280,575,654,1426,1415,1738,1594,468,53,9,7929
POA3565,0,5,0,0,3,0,0,0,0,3,0,0,0,0,0,0,0,0,0,3,7,10,6,9,21,12,4,4,0,63
POA3566,0,0,4,3,0,0,0,0,0,8,0,0,0,0,3,0,5,4,0,8,13,22,37,44,68,53,23,12,0,270
POA3567,0,0,3,3,3,0,0,0,0,11,0,5,0,0,3,10,0,0,0,17,21,25,43,39,85,77,32,11,0,327
POA3568,4,3,7,7,4,3,3,0,0,37,4,11,12,5,14,19,5,9,0,72,47,78,193,222,288,262,120,30,4,1242
POA3570,3,0,0,3,4,7,0,0,0,13,3,0,0,6,5,6,5,0,0,23,21,22,35,64,89,90,26,8,0,353
POA3571,0,0,0,0,0,0,0,0,0,3,0,0,0,0,0,0,0,0,0,7,10,7,33,19,33,22,20,3,7,158
POA3572,0,0,0,0,0,0,0,0,0,0,0,0,0,0,0,0,0,0,0,5,3,0,7,14,19,15,10,3,0,71
POA3573,0,0,0,0,0,0,4,0,0,5,0,0,0,0,0,0,0,3,0,7,4,7,21,34,30,43,20,3,0,167
POA3575,0,0,0,3,4,0,3,0,0,9,0,0,4,0,0,3,5,0,0,18,21,10,47,81,73,84,45,10,0,375
POA3576,0,0,0,0,0,0,0,0,0,0,0,0,0,0,0,0,0,0,0,4,0,0,4,5,5,6,12,0,0,34
POA3579,5,8,19,13,7,22,6,0,0,83,7,7,15,16,33,12,13,7,0,108,114,152,351,395,429,515,187,38,3,2195
POA3580,0,0,0,3,0,5,0,0,0,10,0,0,5,4,3,6,0,0,0,22,23,30,51,82,94,111,19,9,0,419
POA3581,0,0,0,0,0,0,0,0,0,3,0,0,0,0,0,0,0,0,0,3,0,6,9,8,18,22,3,0,0,66
POA3583,0,0,0,0,0,0,0,0,0,0,0,0,0,6,0,0,0,0,0,4,5,8,9,10,18,16,0,6,0,75
POA3584,3,4,5,0,5,6,6,0,0,32,0,0,5,0,3,5,0,0,0,21,36,41,97,93,103,111,40,10,0,539
POA3585,14,30,62,47,28,26,9,0,0,215,13,25,59,60,44,34,11,8,0,248,329,544,1310,1079,904,926,271,39,3,5406
POA3586,0,0,0,0,3,6,0,0,0,14,0,5,0,4,0,9,0,0,0,22,29,32,52,81,87,113,32,4,0,431
POA3588,0,0,0,3,0,4,0,0,0,7,0,0,8,0,3,4,0,0,0,11,13,13,30,33,35,35,11,4,0,176
POA3589,0,0,5,0,0,0,0,0,0,4,0,0,5,3,0,0,0,0,0,12,9,22,40,34,29,40,19,5,0,188
POA3590,0,0,0,4,4,0,0,0,0,5,0,0,0,3,0,0,0,0,0,13,12,10,24,43,28,42,13,0,0,163
POA3591,0,0,0,0,0,0,0,0,0,0,0,0,0,0,0,0,0,0,0,0,7,4,10,10,17,21,15,0,0,90
POA3594,0,0,5,3,0,0,0,0,0,12,0,3,4,4,0,6,0,6,0,19,14,14,68,31,56,55,12,5,0,254
POA3595,0,0,3,7,0,0,0,0,0,8,0,3,0,0,0,6,0,0,0,20,10,13,47,38,49,51,5,0,0,217
POA3596,0,0,0,0,0,0,0,0,0,0,0,0,0,0,0,0,0,0,0,0,8,0,0,5,14,5,4,0,0,48
POA3597,0,4,0,0,0,0,0,0,0,8,0,0,8,5,7,0,3,0,0,26,6,18,60,60,54,45,21,5,3,268
POA3599,0,0,0,0,0,0,0,0,0,4,0,0,5,0,0,0,0,0,0,3,3,0,10,10,14,16,7,0,0,64
POA3607,0,0,0,0,0,0,0,0,0,4,0,0,0,0,0,0,0,0,0,0,10,3,5,14,26,16,3,0,0,79
POA3608,0,3,4,3,6,13,0,0,0,28,5,5,6,11,12,14,4,0,5,55,70,75,219,223,221,290,92,16,9,1207
POA3610,0,5,4,0,7,7,0,0,0,17,0,0,9,6,13,8,0,0,0,44,33,42,92,82,166,153,56,9,0,633
POA3612,0,4,4,5,4,4,0,0,0,19,0,0,7,8,8,3,3,0,0,42,32,33,90,79,187,178,35,4,0,639
POA3614,0,0,5,6,7,3,0,4,0,23,0,0,3,6,0,8,4,0,0,18,28,33,87,104,119,87,28,5,0,491
POA3616,4,17,21,15,25,15,3,0,0,104,0,6,17,13,17,21,11,0,0,99,144,188,545,453,552,484,169,24,0,2561
POA3617,0,0,0,0,0,0,0,0,0,3,0,0,0,0,0,0,0,0,0,0,4,10,0,12,21,18,9,0,0,79
POA3618,0,0,7,5,5,0,0,0,0,15,0,0,3,0,12,8,4,0,0,25,12,20,56,46,68,64,23,0,0,290
POA3620,12,18,30,28,34,45,12,0,0,186,13,15,23,30,31,28,13,11,4,166,223,303,613,658,812,745,252,37,8,3653
POA3621,3,15,14,11,10,9,5,0,0,50,6,3,12,13,10,15,9,3,0,71,78,94,219,203,225,212,85,10,0,1128
POA3622,0,0,6,3,0,0,0,0,0,6,0,0,5,0,0,0,3,0,0,11,14,12,45,53,45,55,36,4,0,267
POA3623,0,0,8,0,4,5,0,0,0,14,0,0,0,5,0,6,0,0,0,19,22,30,73,62,70,98,34,5,3,403
POA3624,0,0,3,0,0,0,5,0,0,6,5,4,4,0,0,0,0,0,0,10,13,22,49,30,38,44,19,6,0,225
POA3629,7,25,29,29,43,28,16,4,0,183,6,10,39,46,33,32,13,0,0,178,232,370,807,696,816,708,227,34,5,3893
POA3630,26,56,147,103,115,81,30,5,0,567,31,59,169,137,115,75,27,3,3,622,797,1298,3227,2543,2523,2154,642,62,10,13262
POA3631,8,35,63,67,72,62,15,3,0,316,12,29,45,73,59,37,8,3,7,278,519,518,1347,1652,1591,1252,358,62,5,7304
POA3633,0,0,5,3,0,4,0,0,0,15,3,0,0,0,7,4,0,0,0,15,27,26,49,60,89,65,20,7,0,336
POA3634,3,5,10,6,9,8,0,0,0,42,4,6,5,3,16,9,3,3,0,53,59,68,126,183,211,201,88,12,4,953
POA3635,0,0,3,0,3,3,0,0,0,10,0,0,3,0,4,4,0,0,0,11,17,25,50,35,62,56,22,6,0,278
POA3636,7,13,22,14,15,16,6,0,0,94,9,9,19,11,30,18,5,3,0,98,124,171,417,370,462,503,137,23,4,2216
POA3637,0,4,0,0,0,0,0,0,0,12,3,3,0,0,5,7,0,0,0,11,24,23,51,57,66,53,20,5,0,300
POA3638,0,6,11,11,3,9,3,0,3,38,3,4,14,14,12,8,6,0,0,58,78,96,167,164,196,203,76,10,6,1001
POA3639,0,0,0,0,4,3,0,0,0,5,0,0,0,0,3,0,0,0,0,11,13,15,34,31,39,66,27,5,0,223
POA3640,0,4,3,3,5,0,0,0,0,17,0,3,4,6,3,4,0,0,0,24,39,45,107,104,97,89,37,5,0,515
POA3641,0,0,0,10,3,0,0,0,0,18,4,0,4,10,4,0,0,0,0,21,36,41,101,113,129,99,40,0,0,563
POA3644,12,8,36,30,33,19,11,5,0,148,15,6,26,35,19,28,10,4,0,151,251,280,763,754,819,742,265,43,5,3917
POA3646,0,5,3,0,3,0,0,0,0,12,0,0,3,3,3,3,4,0,0,13,8,9,26,49,74,81,35,11,0,288
POA3647,0,0,0,0,0,0,0,0,0,0,0,0,0,0,0,0,0,0,0,0,3,6,4,0,7,0,0,0,0,24
POA3649,0,0,0,4,0,0,0,0,0,5,0,0,3,0,0,0,0,0,0,11,15,20,40,26,48,53,13,5,0,222
POA3658,6,16,28,32,24,12,3,0,0,121,8,17,34,25,40,31,12,0,0,160,179,227,609,551,651,547,137,19,0,2915
POA3659,6,0,0,0,4,8,0,0,0,14,0,0,4,0,0,3,0,0,0,19,18,29,56,56,93,94,34,7,0,381
POA3660,3,5,23,12,21,31,6,4,0,118,6,6,22,15,28,14,8,0,0,108,195,285,611,550,716,709,227,28,3,3328
POA3662,0,0,5,0,0,0,0,0,0,6,3,3,5,4,0,0,0,0,0,17,90,148,219,152,70,16,0,0,0,687
POA3663,0,0,0,0,0,0,0,0,0,0,0,0,6,0,0,4,0,0,0,8,7,7,9,9,16,32,11,7,0,93
POA3664,0,0,4,4,4,0,0,0,0,17,0,0,0,4,3,4,3,0,0,19,20,46,75,109,123,123,56,13,0,563
POA3665,0,0,0,0,4,0,0,0,0,6,0,0,0,0,0,0,3,0,0,3,16,10,7,33,51,44,26,6,0,190
POA3666,0,3,13,17,12,16,10,0,0,66,4,6,7,8,12,14,13,3,0,65,120,128,317,375,397,487,269,72,5,2172
POA3669,0,0,0,0,3,8,0,0,0,21,0,0,0,9,9,3,0,0,0,21,15,29,63,87,115,161,105,14,0,586
POA3670,4,0,0,0,0,3,0,0,0,8,0,5,3,0,0,6,4,0,0,13,13,15,43,44,60,80,37,3,0,297
POA3672,6,18,21,21,32,28,13,0,0,152,12,15,43,29,41,35,21,13,0,211,259,353,826,734,875,967,349,56,7,4437
POA3673,3,0,6,3,7,7,5,0,0,41,0,0,3,3,3,13,9,0,0,35,44,37,101,142,192,248,122,23,3,918
POA3675,0,5,10,9,10,7,0,0,0,39,4,0,3,3,7,7,5,0,0,36,58,46,109,198,234,223,116,18,0,1004
POA3677,23,33,75,59,61,45,21,0,0,325,30,41,58,47,85,57,23,6,0,343,626,718,1764,1690,1758,1513,445,47,0,8563
POA3678,8,9,17,22,21,26,4,0,0,111,11,5,9,17,33,28,17,3,0,128,258,160,375,583,824,803,314,83,14,3419
POA3682,0,0,6,0,4,0,0,0,0,19,0,0,0,0,6,0,0,0,0,13,33,16,44,57,98,69,30,8,0,349
POA3683,3,0,0,4,11,5,0,0,0,25,0,9,7,8,3,13,9,3,0,44,60,49,105,115,219,208,59,12,0,816
POA3685,6,3,8,4,11,8,5,0,0,44,0,8,7,3,10,11,0,0,0,39,85,84,237,239,304,294,98,25,3,1374
POA3687,0,4,3,7,7,0,0,0,0,22,0,0,3,4,4,0,4,0,0,11,29,36,77,89,115,94,27,3,3,473
POA3688,0,0,5,5,9,3,0,0,0,25,8,0,9,4,9,0,0,4,0,32,48,40,123,129,168,149,48,18,6,719
POA3690,25,77,157,136,102,94,32,3,0,631,37,60,145,119,118,94,23,7,0,609,1141,1500,3551,3314,3326,2674,691,79,7,16278
POA3691,13,21,56,52,36,23,9,0,0,217,14,14,35,57,35,33,14,5,0,205,531,620,1434,1459,1270,1016,362,58,5,6750
POA3695,0,0,0,0,0,0,0,0,0,9,7,0,0,0,3,5,3,0,0,12,19,14,30,42,68,52,44,11,0,279
POA3697,0,0,0,5,0,0,0,0,0,8,0,0,0,0,0,0,0,0,0,0,15,8,23,49,57,70,30,8,0,263
POA3698,0,0,0,0,0,4,0,0,0,3,0,0,3,3,0,0,0,0,0,16,31,18,63,101,113,97,39,11,0,468
POA3699,0,3,0,0,0,0,0,0,0,9,0,3,0,3,0,0,0,0,0,12,39,75,137,118,96,81,39,0,0,584
POA3700,3,0,3,0,13,4,4,0,0,26,0,0,0,8,9,7,3,0,0,31,29,46,101,80,140,144,54,16,3,605
POA3701,0,0,0,0,0,5,0,0,0,10,0,0,3,0,3,4,0,0,0,12,23,25,52,98,97,130,70,19,0,512
POA3704,0,0,0,0,0,0,0,0,0,0,0,0,0,0,0,0,0,0,0,0,0,0,3,0,3,3,0,0,0,16
POA3705,0,0,0,0,0,0,0,0,0,7,0,0,0,0,0,0,0,0,0,3,4,8,15,12,26,37,22,5,0,128
POA3707,0,3,9,8,8,13,6,0,0,45,3,0,0,4,6,6,0,0,0,25,39,49,118,135,159,206,88,31,6,833
POA3708,0,0,0,0,0,0,0,0,0,0,0,0,0,0,0,0,0,0,0,3,0,0,5,0,3,15,8,0,0,36
POA3709,0,0,0,0,0,0,0,0,0,8,0,0,0,0,0,0,0,0,0,3,6,6,10,18,19,40,29,9,0,138
POA3711,0,4,0,0,5,4,0,0,0,11,0,0,0,0,0,3,0,0,0,8,10,10,40,42,57,73,29,3,0,268
POA3712,0,0,0,0,7,0,0,0,0,8,0,0,5,0,4,0,0,0,0,10,4,11,15,23,37,45,17,8,0,164
POA3713,0,4,5,0,4,5,4,0,0,12,0,0,0,4,6,4,4,0,0,18,10,22,65,64,93,109,30,0,0,390
POA3714,8,0,17,12,12,16,7,0,0,72,5,5,11,10,16,10,9,0,0,75,77,91,236,314,353,350,158,43,4,1624
POA3715,0,0,4,0,0,0,0,0,0,9,0,0,0,4,4,0,4,0,0,12,9,4,22,29,34,42,32,8,0,176
POA3717,0,3,9,9,12,14,3,0,0,60,0,3,5,15,19,23,11,7,0,89,72,96,182,238,324,375,140,44,4,1477
POA3718,0,0,0,0,0,0,0,0,0,0,0,0,0,0,0,0,6,0,0,5,0,0,6,3,9,10,8,9,5,49
POA3719,0,0,0,4,0,0,0,0,0,7,0,0,0,0,3,0,3,0,0,9,16,3,17,31,45,55,29,10,0,207
POA3720,0,0,3,4,4,5,0,0,0,15,0,0,6,0,3,0,6,0,0,14,23,13,62,32,77,82,41,5,0,335
POA3722,8,3,26,24,26,14,6,0,0,115,8,3,12,21,14,21,10,5,0,102,144,148,464,569,558,590,225,31,3,2739
POA3723,0,3,5,5,7,9,7,0,0,38,4,9,14,11,17,13,6,0,0,75,72,102,227,305,319,368,144,20,0,1554
POA3725,0,0,0,4,0,10,0,0,0,14,0,0,0,3,0,3,0,0,0,9,15,15,43,50,62,75,40,0,0,304
POA3726,0,0,0,0,0,0,0,0,0,5,0,0,0,0,0,3,0,0,0,9,14,9,14,22,40,40,25,14,0,176
POA3727,3,0,0,0,0,0,0,0,0,11,0,0,0,0,0,0,0,0,0,5,13,7,22,14,22,37,7,0,0,120
POA3728,0,0,0,0,0,0,0,0,0,4,3,0,6,0,0,5,0,3,0,24,17,23,52,49,56,77,16,8,0,301
POA3730,8,14,38,30,24,24,9,0,0,146,4,12,16,21,21,26,7,4,0,111,264,284,672,733,892,809,252,35,3,3946
POA3732,0,0,5,0,0,5,0,0,0,13,0,0,0,4,4,0,5,3,0,16,19,13,47,50,73,64,26,13,0,301
POA3733,0,0,0,0,0,0,0,0,0,3,0,0,0,0,0,3,0,0,0,6,3,6,18,16,18,30,6,7,0,117
POA3735,0,0,5,3,0,0,0,0,0,10,0,0,4,6,6,7,0,0,0,21,16,17,70,53,78,100,25,4,0,364
POA3737,3,8,13,8,13,13,7,0,0,69,10,7,12,16,17,6,15,6,0,89,123,157,323,350,444,497,179,22,7,2093
POA3738,0,0,0,0,0,0,0,0,0,3,0,0,0,3,0,0,0,0,0,4,5,3,18,18,22,26,13,0,0,108
POA3739,0,0,0,0,0,0,0,0,0,0,0,0,4,0,0,0,0,0,0,7,3,3,9,22,22,28,19,4,0,122
POA3740,0,6,4,4,4,5,4,0,0,24,0,0,3,4,3,4,4,0,0,20,32,33,101,123,160,131,46,5,0,634
POA3741,0,4,3,10,15,9,4,3,0,49,0,7,13,16,9,5,5,0,0,57,71,117,271,328,379,332,108,19,0,1632
POA3744,0,0,0,0,0,0,0,0,0,3,0,0,0,0,4,0,0,0,0,5,13,4,22,57,60,50,10,0,0,223
POA3746,0,0,0,3,0,3,0,0,0,7,0,0,0,0,0,0,0,0,0,3,12,5,18,27,47,35,8,0,0,157
POA3747,0,3,9,9,14,10,4,0,0,46,5,3,12,9,24,16,7,0,0,80,146,105,278,458,596,526,202,31,0,2349
POA3749,0,0,0,6,9,9,4,0,0,28,0,0,0,0,12,9,3,0,0,24,61,42,96,203,240,264,79,15,0,1001
POA3750,7,24,145,112,58,16,8,0,0,371,15,43,216,206,72,35,7,0,0,594,318,876,3838,4031,1438,629,117,4,6,11246
POA3751,0,0,0,0,0,0,0,0,0,6,0,0,0,4,0,0,0,0,0,5,4,4,6,5,16,10,14,0,0,58
POA3752,15,40,93,96,107,66,8,0,0,419,16,64,124,136,145,67,15,0,0,565,781,1265,2622,3219,3046,1687,312,9,4,12943
POA3753,5,3,26,22,20,4,0,0,0,85,4,17,31,37,27,12,4,0,0,136,103,171,721,649,410,223,66,3,3,2350
POA3754,34,62,268,319,191,79,20,0,0,975,34,62,261,334,183,78,15,3,0,967,1213,1919,6039,8122,5041,2322,504,44,3,25205
POA3755,0,0,0,0,0,5,0,0,0,0,0,0,0,0,0,0,0,0,0,0,4,3,21,12,29,17,6,0,0,100
POA3756,9,21,85,83,63,33,8,3,0,315,13,41,119,104,72,54,11,0,0,415,430,657,1945,1899,1495,1046,241,25,0,7744
POA3757,8,24,54,33,49,32,3,0,0,207,9,15,41,49,62,35,9,7,0,226,288,418,808,910,1120,759,211,33,0,4548
POA3758,4,10,10,8,19,10,3,0,0,68,3,8,13,10,11,10,4,0,0,55,58,92,186,226,282,214,53,4,0,1117
POA3759,0,0,3,0,6,5,0,0,0,14,0,0,5,3,3,5,0,0,0,21,25,54,55,88,144,138,47,11,0,578
POA3760,0,0,0,0,4,0,0,0,0,5,0,0,0,0,3,0,0,0,0,9,18,20,16,25,57,63,13,0,0,209
POA3761,0,4,4,6,6,5,7,0,0,30,6,5,0,3,4,4,0,0,0,21,34,53,64,107,151,121,45,9,0,587
POA3762,0,0,0,0,0,0,0,0,0,0,0,0,0,0,0,0,0,0,0,0,0,5,6,9,12,20,10,0,0,62
POA3763,0,9,11,8,9,6,0,0,0,49,0,0,3,11,8,9,0,0,0,32,42,69,149,175,219,156,35,4,0,848
POA3764,9,20,47,44,33,31,10,0,0,197,6,22,47,40,42,45,16,3,0,230,317,445,964,949,1110,821,235,34,3,4875
POA3765,10,21,27,30,30,26,13,0,0,152,9,10,27,34,24,25,14,0,0,146,217,292,638,781,799,555,163,25,3,3473
POA3766,0,0,0,10,4,4,3,0,0,20,0,0,3,3,3,5,5,0,0,19,27,33,92,163,186,103,45,7,0,664
POA3767,4,0,3,11,5,0,5,0,0,22,0,3,4,5,11,0,0,0,0,30,37,52,88,138,151,129,44,10,0,640
POA3770,8,8,17,19,21,16,3,0,0,94,6,4,10,18,15,20,5,4,0,76,108,173,328,310,363,338,123,29,0,1765
POA3775,5,15,17,21,23,26,12,0,0,121,3,7,11,18,16,11,7,0,0,93,133,168,363,382,471,409,152,14,3,2097
POA3777,18,30,43,45,49,50,12,0,0,240,8,16,36,38,48,51,10,4,0,213,299,372,909,971,1148,1110,287,39,0,5142
POA3778,0,0,0,0,4,0,0,0,0,4,0,0,0,0,0,5,0,0,0,10,3,4,16,9,27,34,15,3,0,117
POA3779,0,0,0,0,0,0,0,0,0,4,0,0,0,0,0,0,0,0,0,0,9,13,37,29,35,45,25,8,0,196
POA3781,4,5,23,27,26,16,0,0,0,96,7,11,21,28,36,20,6,0,0,131,131,169,476,520,527,410,83,5,0,2321
POA3782,12,24,31,42,43,33,7,0,0,190,0,15,19,53,45,48,11,0,0,196,256,345,591,841,1048,826,225,19,0,4146
POA3783,3,3,14,10,14,9,6,0,0,51,0,5,11,7,19,19,3,3,0,74,74,103,206,228,302,246,75,16,0,1255
POA3785,0,0,0,0,0,0,0,0,0,0,0,0,0,0,0,0,0,0,0,3,0,0,12,4,3,8,3,0,0,32
POA3786,0,0,0,0,6,12,5,0,0,21,0,0,4,13,10,14,8,0,0,40,50,66,96,154,215,178,57,0,0,808
POA3787,0,5,5,0,4,5,4,0,0,18,0,6,0,0,4,0,0,0,0,16,33,36,64,82,137,118,42,4,0,527
POA3788,0,0,5,6,6,4,0,0,0,32,0,0,3,13,18,6,0,0,0,45,45,53,120,174,239,187,62,10,0,892
POA3789,0,0,0,0,0,0,0,0,0,0,3,0,0,0,3,0,0,0,0,9,7,10,18,12,47,26,12,4,0,137
POA3791,0,0,5,7,5,0,0,0,0,20,0,0,4,11,3,7,5,0,0,32,40,48,88,157,180,151,73,9,0,744
POA3792,0,0,9,3,0,0,0,0,0,14,0,3,3,0,5,9,6,0,0,27,31,23,70,108,137,116,51,4,0,543
POA3793,3,5,15,15,20,11,5,0,0,75,4,5,13,12,14,10,4,0,0,70,108,133,297,374,456,297,93,7,0,1763
POA3795,3,6,10,11,8,3,4,0,0,39,0,0,3,5,8,6,0,0,0,24,37,59,121,134,160,121,54,9,0,691
POA3796,17,21,53,63,48,37,8,3,0,252,12,24,52,47,47,32,13,0,0,233,344,468,1111,1135,1101,888,219,23,0,5289
POA3797,3,12,24,9,15,10,0,0,0,71,11,3,21,12,30,23,7,0,0,99,88,150,322,310,378,272,119,13,0,1655
POA3799,0,3,22,30,29,24,3,0,0,116,5,16,32,35,46,34,13,3,0,179,105,178,428,448,609,548,150,13,0,2482
POA3802,11,34,90,91,95,77,26,0,0,421,19,74,149,158,98,118,32,3,0,654,439,999,2442,2518,2094,2042,564,36,0,11135
POA3803,7,17,45,42,36,20,12,0,0,178,11,31,89,57,49,70,16,7,0,329,185,460,1161,983,799,763,199,18,0,4572
POA3804,9,22,20,29,58,54,13,0,0,193,11,29,31,39,63,50,14,4,0,249,304,516,610,684,1029,874,224,29,3,4277
POA3805,41,129,281,242,278,186,30,0,0,1186,56,168,388,391,365,254,48,9,0,1676,1615,3193,5950,6083,6377,4389,778,64,0,28461
POA3806,30,94,151,213,209,142,46,5,0,891,42,87,207,322,271,205,39,4,0,1179,1606,2364,4370,6412,6272,3874,879,91,12,25882
POA3807,15,14,28,42,43,24,7,0,0,168,7,20,18,39,49,34,9,0,0,177,327,460,607,829,1132,685,140,13,0,4210
POA3808,5,6,8,4,19,18,11,0,0,72,0,5,6,13,25,8,4,0,0,67,139,144,177,347,419,336,101,15,0,1680
POA3809,13,40,142,92,64,34,9,0,0,392,9,39,180,132,70,52,11,0,0,496,430,911,3475,2909,1678,897,208,18,0,10526
POA3810,47,104,358,257,173,102,28,6,0,1071,51,135,397,400,257,156,45,0,0,1439,1324,2453,7354,6683,4784,2839,678,55,4,26180
POA3812,0,3,8,16,18,7,0,0,0,60,4,4,11,11,20,6,8,3,0,65,86,113,205,215,319,260,82,10,8,1291
POA3813,0,5,9,4,9,8,0,0,0,35,0,0,5,0,6,3,0,0,0,20,35,56,86,63,122,106,21,7,0,495
POA3814,6,4,28,5,16,10,3,0,0,70,7,3,8,15,15,14,4,3,0,60,81,103,247,251,276,235,68,17,0,1273
POA3815,0,11,12,15,10,17,3,0,0,73,0,11,15,14,29,18,5,4,0,105,123,160,311,365,381,329,90,18,0,1779
POA3816,0,6,23,9,10,17,3,0,0,70,3,8,24,26,13,11,5,0,0,102,69,135,349,327,252,254,64,8,4,1462
POA3818,13,40,93,59,72,67,14,7,0,360,11,30,64,61,73,62,12,6,0,313,447,655,1802,1496,1553,1341,403,74,5,7785
POA3820,23,44,87,78,96,94,31,0,0,452,19,22,79,60,56,42,11,3,5,307,552,849,2142,1856,1868,1558,442,70,7,9342
POA3821,0,5,6,9,15,11,4,0,0,57,5,4,3,10,14,12,11,0,0,64,119,110,228,261,365,374,160,39,0,1657
POA3822,0,0,5,3,4,3,5,0,0,29,3,3,6,0,9,9,0,3,0,29,25,50,76,92,118,94,33,16,5,508
POA3823,0,6,17,8,10,5,0,0,0,34,4,0,3,12,5,6,0,0,0,30,50,85,218,169,181,218,58,10,3,991
POA3824,0,14,18,18,24,20,10,0,0,96,5,4,26,22,19,13,4,0,0,101,154,199,444,545,541,420,153,22,0,2488
POA3825,22,42,77,57,66,59,18,7,0,348,26,31,93,72,77,57,37,8,0,400,513,734,1739,1514,1698,1524,405,52,10,8196
POA3831,0,6,8,9,12,6,5,0,0,45,4,0,10,6,4,14,5,0,0,31,45,73,143,148,171,211,72,7,0,882
POA3832,0,0,0,0,0,0,0,0,0,0,0,0,0,0,4,0,0,0,0,3,0,10,11,21,16,28,22,5,0,124
POA3833,0,0,0,0,0,0,0,0,0,6,0,0,4,0,0,0,0,0,0,6,4,9,24,21,23,32,16,0,0,128
POA3835,0,4,5,0,0,6,6,0,0,16,0,0,0,0,0,0,0,0,0,6,14,21,39,39,45,44,27,6,0,231
POA3840,10,26,64,40,46,37,11,0,0,237,16,31,66,57,72,51,17,3,0,321,363,573,1247,1124,1278,1146,311,31,0,6068
POA3842,0,9,16,12,11,8,4,0,0,61,4,9,17,18,19,7,5,0,0,75,92,208,407,363,322,317,85,18,0,1816
POA3844,33,60,150,124,90,68,20,0,0,553,20,43,102,91,109,80,24,8,0,476,1033,1244,3319,3121,2875,2349,596,59,5,14599
POA3847,3,4,5,10,4,7,0,0,0,35,0,0,7,7,8,9,0,4,0,40,52,70,191,180,185,197,68,11,0,960
POA3850,9,25,65,47,41,38,10,5,0,239,13,19,49,40,39,38,11,4,3,223,434,561,1432,1337,1388,1154,294,44,3,6654
POA3851,8,8,11,3,23,17,4,0,0,79,11,4,19,20,16,23,10,8,0,117,151,104,265,419,553,547,188,35,3,2267
POA3852,0,0,0,0,0,0,0,0,0,0,0,0,0,0,0,0,0,0,0,0,12,99,63,13,0,0,0,0,0,192
POA3854,5,0,9,3,0,0,0,0,0,22,3,6,6,3,4,5,0,0,0,31,67,52,141,133,161,154,45,10,0,768
POA3856,4,0,0,4,4,3,0,0,0,19,5,0,3,0,0,0,0,0,0,9,31,46,98,125,94,95,19,0,0,511
POA3857,0,0,3,0,0,6,0,0,0,6,0,6,0,0,0,3,0,0,0,14,9,16,30,26,30,45,13,5,0,182
POA3858,8,5,10,7,9,10,0,0,0,54,0,5,13,4,8,16,6,0,0,47,104,89,219,237,265,276,81,15,3,1290
POA3859,3,0,3,0,4,0,0,0,0,14,3,0,3,0,0,3,0,0,0,16,20,42,98,73,94,87,38,10,0,458
POA3860,16,23,34,25,22,22,3,0,0,139,10,7,20,28,28,16,9,0,0,116,211,267,629,651,607,630,196,28,0,3225
POA3862,4,7,22,12,3,9,4,0,0,66,4,11,20,18,8,11,4,3,0,78,97,131,352,313,302,285,106,30,3,1619
POA3864,0,0,0,5,5,0,0,0,0,4,0,0,0,0,0,0,0,0,0,0,5,4,12,17,27,26,14,3,0,103
POA3865,0,0,0,0,4,4,5,0,0,16,0,4,6,3,0,4,0,0,0,12,13,21,55,51,39,46,18,0,0,252
POA3869,0,9,7,7,0,8,0,0,0,43,3,4,4,0,8,5,8,0,0,40,44,69,167,159,170,183,57,13,3,871
POA3870,0,0,0,0,0,3,0,0,0,13,0,4,4,0,3,5,3,0,0,32,26,36,89,97,116,141,49,10,0,560
POA3871,4,3,12,14,5,11,0,0,0,45,0,3,9,10,11,11,5,0,0,52,76,67,183,244,331,284,104,12,0,1306
POA3873,0,0,6,0,0,0,0,0,0,4,0,0,0,4,0,0,0,0,0,0,0,8,24,39,25,35,15,5,0,144
POA3874,0,0,0,0,0,4,0,0,0,0,0,0,0,0,0,0,0,0,0,4,10,14,18,28,62,68,36,10,0,250
POA3875,15,48,81,60,82,62,28,0,0,380,14,30,61,59,77,58,37,14,6,358,578,651,1621,1514,1769,1658,568,99,9,8481
POA3878,0,0,3,4,3,8,4,0,0,27,0,0,3,0,0,4,0,0,0,13,27,38,78,71,105,150,41,7,0,508
POA3880,4,0,3,7,11,10,3,0,0,45,4,3,6,4,10,11,6,0,0,39,70,72,178,187,310,372,148,20,0,1355
POA3882,0,4,5,6,5,4,0,0,0,23,0,0,3,6,12,10,5,0,0,32,42,46,108,105,122,123,39,10,3,605
POA3885,7,4,9,4,5,11,0,0,0,41,8,3,9,5,7,7,0,0,0,40,45,41,156,144,191,225,65,14,3,891
POA3886,0,0,3,3,0,4,0,0,0,9,0,0,0,0,3,5,0,0,0,10,8,13,19,25,36,35,14,3,0,161
POA3887,0,0,0,0,0,0,0,0,0,3,0,0,0,0,7,0,0,0,0,3,9,4,9,23,23,22,10,7,0,105
POA3888,6,0,3,10,13,9,0,0,0,40,5,0,3,11,3,8,3,0,0,42,72,72,207,215,257,354,113,19,7,1314
POA3889,0,0,0,0,0,0,0,0,0,0,0,0,0,0,0,0,0,0,0,0,0,0,4,4,11,16,9,0,0,45
POA3890,0,0,0,0,0,0,0,0,0,0,0,0,0,3,0,0,0,0,0,5,0,10,8,23,20,25,7,3,0,105
POA3891,0,0,0,0,0,0,0,0,0,0,0,0,0,0,0,0,0,0,0,0,0,0,3,7,9,11,13,6,0,38
POA3892,0,0,0,6,0,3,0,0,0,5,0,0,0,3,3,0,5,0,0,20,21,22,63,91,86,135,45,11,0,462
POA3893,0,0,0,0,0,0,0,0,0,0,0,0,0,0,0,0,0,0,0,0,0,0,0,5,0,3,3,0,0,18
POA3895,0,0,0,0,0,0,0,0,0,0,4,0,3,0,0,0,0,3,0,14,4,3,17,8,23,27,12,5,0,98
POA3896,0,0,0,0,0,0,0,0,0,0,0,0,0,0,0,0,0,3,0,16,6,5,21,18,40,35,33,7,0,166
POA3898,0,0,3,0,3,0,0,0,0,8,5,0,7,0,0,0,0,0,0,14,16,30,51,60,83,62,23,11,0,338
POA3900,0,0,0,0,0,0,0,0,0,0,0,0,0,3,0,0,0,0,0,10,0,0,9,8,13,21,22,9,0,73
POA3902,0,0,0,6,0,0,0,0,0,3,0,0,0,0,0,0,0,0,0,4,10,13,22,24,37,40,10,4,0,160
POA3903,0,0,0,0,4,0,3,0,0,16,3,5,0,7,0,6,5,4,0,18,18,10,52,77,65,57,30,3,0,308
POA3904,0,0,3,9,3,10,8,0,0,32,3,0,0,4,9,9,4,4,0,21,32,25,81,122,154,222,104,25,0,756
POA3909,3,10,15,20,25,17,4,0,0,93,14,3,21,13,23,33,8,4,0,116,203,195,427,539,641,664,239,27,3,2939
POA3910,22,51,118,115,78,93,24,8,0,503,17,32,97,159,100,94,20,5,0,528,765,1043,2624,2768,2666,2139,465,31,0,12506
POA3911,7,11,23,14,27,16,9,0,0,104,5,8,14,19,16,21,7,0,0,89,107,176,377,353,417,348,93,13,0,1884
POA3912,13,26,90,69,70,81,17,3,0,369,14,27,75,62,71,53,22,0,0,330,498,711,1703,1567,1666,1514,380,40,5,8095
POA3913,5,10,32,11,26,19,9,3,0,104,0,8,3,20,14,18,3,0,0,65,128,173,371,303,398,356,105,16,0,1847
POA3915,9,10,49,48,45,33,11,0,0,204,13,13,37,42,43,38,9,6,0,201,260,368,1028,889,827,721,200,26,0,4321
POA3916,0,0,0,0,0,0,5,0,0,7,0,0,3,3,4,5,7,3,0,23,13,22,50,52,97,135,72,20,3,458
POA3918,7,15,12,15,21,13,4,4,0,94,4,4,16,10,17,23,4,0,0,80,129,159,348,367,493,415,109,19,0,2031
POA3919,7,3,15,10,14,12,3,0,0,66,6,8,11,10,18,11,0,0,0,72,103,114,369,318,347,264,84,10,0,1618
POA3920,0,0,0,0,0,0,0,0,0,3,0,0,0,0,0,0,0,0,0,8,239,375,196,74,36,12,0,0,0,939
POA3921,0,0,0,0,0,0,0,0,0,0,0,0,0,3,0,0,0,0,0,3,0,0,6,14,13,11,13,3,0,57
POA3922,0,7,40,27,33,24,8,0,0,136,16,11,18,27,32,33,12,5,3,166,186,217,639,769,817,928,296,38,3,3902
POA3923,0,0,0,3,3,5,3,0,0,15,0,0,0,5,0,0,0,0,0,7,23,15,28,53,69,100,44,0,0,329
POA3925,4,5,12,8,9,9,9,0,0,58,6,3,6,14,12,13,3,0,0,60,107,108,308,427,443,446,132,12,3,1991
POA3926,0,0,7,4,6,8,10,0,0,34,8,3,4,12,9,16,5,7,0,71,89,95,157,320,388,352,148,31,0,1585
POA3927,0,0,3,8,9,15,3,0,0,24,0,6,3,3,7,8,5,0,0,27,54,51,77,148,180,213,95,5,0,825
POA3928,0,0,0,0,0,4,0,0,0,3,0,0,0,0,10,5,5,0,0,18,7,12,22,30,52,57,41,9,0,225
POA3929,0,0,0,5,0,4,0,0,0,12,0,4,0,0,5,3,0,4,0,22,17,29,23,53,77,135,96,12,0,446
POA3930,6,20,36,48,81,45,18,6,0,256,12,19,27,77,91,63,31,9,0,340,644,664,738,1834,2520,1778,632,117,8,8937
POA3931,14,45,82,70,100,69,24,8,0,407,17,43,65,77,108,85,30,13,0,445,671,903,1735,2211,2760,2074,719,96,5,11179
POA3933,3,0,0,3,8,9,0,0,0,20,4,0,0,0,0,0,5,0,0,16,47,43,60,79,139,127,65,14,0,572
POA3934,18,37,44,59,87,60,15,0,0,320,23,20,41,94,139,63,22,8,0,410,765,721,946,1935,2648,1763,573,75,8,9421
POA3936,9,19,39,32,58,46,20,0,0,231,12,16,39,39,60,53,24,13,3,253,336,431,915,1029,1382,1230,443,71,4,5832
POA3937,0,0,0,0,3,0,0,0,0,16,0,4,0,0,9,12,0,0,0,32,46,55,76,110,213,196,111,19,0,824
POA3938,4,3,11,11,10,13,4,0,0,60,5,4,9,13,14,10,13,4,0,63,74,115,201,238,318,319,155,16,0,1442
POA3939,5,26,47,44,55,48,16,7,0,247,20,10,39,48,62,56,22,15,0,264,383,463,1186,1219,1404,1316,439,79,0,6505
POA3940,6,7,20,11,17,7,13,3,0,77,13,8,24,17,17,16,3,5,0,88,85,117,372,319,337,285,91,21,0,1626
POA3941,11,22,31,29,53,41,10,0,0,195,20,18,52,59,56,78,20,3,0,310,282,375,939,1047,1400,1226,397,60,0,5732
POA3942,0,0,3,4,0,8,0,0,0,25,6,7,4,5,14,17,6,0,0,58,43,70,119,159,248,285,147,25,0,1092
POA3943,0,5,0,0,0,4,0,0,0,11,0,6,0,6,9,10,10,5,0,41,20,39,65,89,142,184,179,26,0,742
POA3944,0,4,0,0,0,4,0,0,0,7,0,4,0,0,0,16,6,0,0,26,7,11,17,17,43,91,83,29,5,303
POA3945,0,0,4,9,0,3,4,0,0,17,0,0,9,3,7,8,0,0,0,16,12,15,91,90,111,125,64,11,0,530
POA3946,0,0,0,0,0,0,0,0,0,5,0,0,0,0,0,0,0,0,0,5,7,11,31,17,24,45,20,0,4,158
POA3950,0,14,21,22,14,24,5,4,0,102,10,10,17,25,20,32,3,3,0,122,155,157,395,393,518,438,140,31,3,2236
POA3951,0,0,6,0,5,5,0,0,0,18,0,0,0,4,3,3,0,0,0,17,30,42,45,70,139,123,60,8,0,517
POA3953,7,11,41,33,36,30,7,0,0,165,12,9,22,23,17,28,19,3,0,139,259,250,572,713,784,714,311,75,4,3672
POA3954,0,0,0,0,3,0,0,0,0,9,0,0,0,0,0,0,3,0,0,6,19,17,6,24,56,63,15,0,0,207
POA3956,0,8,9,6,6,8,0,0,0,41,3,0,8,12,16,7,9,0,0,56,65,67,183,247,312,282,152,7,6,1320
POA3957,0,0,3,4,0,0,0,0,0,6,0,0,0,0,5,7,0,0,0,8,6,10,29,29,30,32,12,8,0,153
POA3958,0,0,0,0,0,5,0,0,0,6,0,0,0,0,4,0,0,4,0,10,9,16,12,18,38,35,16,10,0,146
POA3959,0,0,0,0,0,4,0,0,0,13,0,4,5,0,7,8,4,4,0,27,36,31,52,96,128,139,57,11,0,556
POA3960,0,3,8,3,6,8,0,0,0,37,0,0,3,0,8,17,4,4,0,31,75,52,123,149,245,262,115,18,0,1045
POA3962,3,0,0,5,0,5,0,0,0,12,0,0,4,5,0,0,3,0,0,18,13,26,52,61,85,93,42,5,0,373
POA3964,0,0,0,3,0,0,0,0,0,3,0,0,0,0,3,0,0,0,0,0,3,11,15,15,13,28,10,0,0,91
POA3965,0,0,0,0,0,0,0,0,0,0,0,0,0,0,0,0,0,0,0,0,0,4,9,9,14,27,10,0,0,71
POA3966,0,0,0,0,3,0,0,0,0,3,3,0,0,0,3,0,4,0,0,10,9,24,34,41,58,48,31,6,0,239
POA3967,0,0,0,0,0,0,0,0,0,4,0,0,0,0,0,0,0,0,0,5,0,3,7,0,9,7,9,0,0,51
POA3971,3,3,12,19,10,15,0,0,0,54,13,3,9,8,11,24,7,0,0,78,61,107,255,264,363,399,156,30,0,1630
POA3975,5,10,69,110,60,26,8,0,0,291,12,62,130,163,135,71,17,0,0,593,363,765,1867,2800,1955,922,172,3,0,8858
POA3976,7,49,134,94,84,68,19,0,0,470,25,106,229,195,181,140,30,0,0,901,430,1289,2775,2398,2144,1734,322,15,0,11108
POA3977,56,221,546,541,385,264,59,3,0,2067,130,293,885,848,608,419,81,9,0,3272,2652,5192,13666,15716,10741,6428,1302,111,11,55823
POA3978,25,88,288,216,111,42,9,0,0,784,23,102,418,338,129,83,11,0,0,1114,714,1853,7470,7223,3178,1348,250,25,4,22062
POA3979,0,0,0,0,0,0,0,0,0,3,0,0,0,0,0,0,0,0,0,8,9,7,27,32,40,38,22,7,0,187
POA3980,3,9,12,18,15,17,3,0,0,75,3,5,17,20,20,24,3,0,0,99,100,150,340,367,398,346,91,11,3,1806
POA3981,7,11,36,15,30,24,8,6,0,128,5,8,25,38,34,34,7,11,0,161,175,237,635,511,542,449,133,43,6,2738
POA3984,5,19,48,35,30,29,6,0,0,175,9,11,38,24,41,38,12,4,0,180,146,247,729,591,657,654,194,19,4,3252
POA3987,0,4,11,8,11,9,0,0,0,42,0,0,10,11,14,10,0,0,0,44,42,66,135,161,209,148,48,5,0,809
POA3988,5,3,6,3,8,6,0,0,0,31,6,0,0,0,4,0,5,0,0,22,36,27,108,102,111,103,52,11,0,558
POA3990,0,0,0,0,0,0,0,0,0,0,0,0,0,0,0,0,0,0,0,0,0,3,7,9,16,15,4,3,0,65
POA3991,0,0,0,0,5,0,0,0,0,14,4,0,0,4,4,3,0,0,0,13,9,10,22,27,43,41,21,0,0,178
POA3992,0,0,5,4,3,0,0,0,0,18,0,0,8,3,4,9,4,0,0,29,32,45,122,120,128,126,57,9,0,641
POA3995,6,10,44,43,56,42,10,0,0,215,14,16,27,24,39,30,25,3,0,182,325,347,798,858,982,927,284,30,5,4555
POA3996,6,3,4,13,23,15,4,0,0,76,3,3,15,18,18,19,12,0,0,90,160,150,391,557,578,582,196,36,3,2652
