POA_CODE_2021,P_EducTrain_GD_GC,P_EducTrain_BD,P_EducTrain_AdD_D,P_EducTrain_Cert,P_EducTrain_ID_NS,P_EducTrain_ToT,P_HealthCareSocA_PD,P_HealthCareSocA_GD_GC,P_HealthCareSocA_BD,P_HealthCareSocA_AdD_D,P_HealthCareSocA_Cert,P_HealthCareSocA_ID_NS,P_HealthCareSocA_ToT,P_ArtRecServ_PD,P_ArtRecServ_GD_GC,P_ArtRecServ_BD,P_ArtRecServ_AdD_D,P_ArtRecServ_Cert,P_ArtRecServ_ID_NS,P_ArtRecServ_ToT,P_OthServ_PD,P_OthServ_GD_GC,P_OthServ_BD,P_OthServ_AdD_D,P_OthServ_Cert,P_OthServ_ID_NS,P_OthServ_ToT,P_ID_NS_PD,P_ID_NS_GD_GC,P_ID_NS_BD,P_ID_NS_AdD_D,P_ID_NS_Cert,P_ID_NS_ID_NS,P_ID_NS_ToT,P_ToT_PD,P_ToT_GD_GC,P_ToT_BD,P_ToT_AdD_D,P_ToT_Cert,P_ToT_ID_NS,P_ToT_ToT
POA3000,109,567,77,49,20,1635,532,114,915,192,140,30,1919,79,16,207,65,41,9,408,83,8,191,133,114,19,544,233,16,350,116,72,124,905,5711,675,9881,2658,1720,572,21224
POA3002,29,85,11,10,4,267,147,25,203,25,13,7,430,15,7,41,5,3,3,78,19,3,38,8,17,0,78,16,5,30,8,0,5,67,719,175,1303,252,169,50,2668
POA3003,32,133,20,10,6,387,164,37,190,45,35,7,478,17,4,49,11,15,0,92,15,0,39,26,26,6,110,37,5,80,20,12,21,182,1183,213,2093,466,391,119,4449
POA3004,50,157,37,25,6,502,245,66,394,76,45,22,844,33,10,62,28,16,5,148,27,9,42,22,40,4,140,63,12,108,22,29,33,262,1555,308,2626,714,605,163,5969
POA3006,67,325,66,34,14,937,341,63,558,108,63,29,1166,73,22,190,88,61,4,438,49,9,98,59,58,15,291,154,13,222,51,53,52,554,3674,587,6128,1504,1137,370,13398
POA3008,41,169,22,14,5,459,200,49,290,62,46,15,649,21,3,64,25,24,5,138,26,5,59,46,47,0,191,76,11,133,35,18,33,303,2168,324,3844,884,736,195,8151
POA3011,185,435,85,50,6,1223,367,141,597,182,144,24,1456,48,24,143,41,36,7,299,47,14,98,55,78,8,303,74,11,147,50,57,63,404,2232,752,4500,1312,1403,234,10439
POA3012,185,507,98,74,21,1301,401,164,677,207,198,23,1671,32,9,117,53,64,0,277,45,14,121,61,118,6,361,59,8,167,66,87,50,438,2142,747,4739,1594,1924,282,11430
POA3013,120,366,56,38,10,843,247,100,431,103,73,21,981,36,15,86,35,38,0,212,23,11,68,41,61,5,201,30,8,108,26,41,23,233,1301,507,3232,923,1109,145,7213
POA3015,132,407,75,56,7,954,234,131,449,113,116,20,1055,21,9,94,37,51,6,214,18,11,71,47,90,6,249,30,6,101,39,46,23,252,1300,572,3436,1143,1493,150,8091
POA3016,119,357,65,43,13,825,194,75,357,99,77,17,819,23,7,60,24,22,5,146,30,8,48,34,77,7,202,29,9,81,21,32,19,189,1142,477,2674,929,1030,130,6377
POA3018,88,278,57,54,3,643,104,73,270,100,83,10,636,6,6,32,13,15,0,74,17,7,31,31,71,0,160,26,4,37,27,58,27,179,731,324,1893,801,1227,114,5095
POA3019,24,69,22,17,3,197,71,27,199,63,67,12,447,7,0,15,16,14,0,50,13,3,24,22,45,9,117,30,5,45,29,33,39,179,531,114,1204,441,546,136,2973
POA3020,137,436,110,118,13,1071,257,108,739,311,381,58,1857,19,6,88,38,44,6,191,33,14,102,108,200,17,471,83,8,198,88,176,110,661,1647,517,4438,2048,3003,481,12122
POA3021,92,334,137,117,18,846,200,104,705,352,493,55,1909,7,3,65,25,41,7,145,24,12,112,134,262,27,576,58,5,166,124,220,166,732,1253,354,3868,2242,3480,554,11742
POA3022,10,33,6,13,0,91,17,11,59,34,33,3,159,0,0,5,4,0,0,16,0,0,5,16,21,0,37,3,0,17,4,22,8,56,121,44,317,154,263,34,931
POA3023,213,762,246,201,33,1807,397,207,1353,573,624,95,3255,18,4,114,63,69,6,271,42,8,151,166,373,31,773,71,10,270,142,268,158,921,2150,746,7145,3497,5227,706,19474
POA3024,95,326,158,143,18,953,218,98,511,390,447,44,1718,22,6,54,32,49,4,160,27,3,48,52,185,5,327,81,4,138,84,164,71,543,2026,407,3576,1911,3187,370,11485
POA3025,59,180,41,37,3,414,81,58,203,75,64,20,498,3,0,38,6,15,3,62,7,4,32,27,78,4,148,27,3,48,38,55,21,194,447,235,1499,638,1005,110,3926
POA3026,18,85,20,18,3,187,50,34,195,70,68,9,431,3,0,21,15,9,4,51,10,0,21,14,49,4,96,13,0,35,22,27,22,123,279,101,1060,487,647,112,2679
POA3027,26,110,21,11,9,271,127,29,205,61,52,9,491,8,0,18,8,9,0,44,15,3,22,21,23,3,83,53,4,73,27,27,22,199,1116,152,1634,531,519,110,4058
POA3028,126,366,139,123,20,942,159,103,402,266,268,41,1229,13,10,49,33,49,8,152,20,20,55,75,199,8,379,50,6,98,56,118,60,385,1167,436,2754,1651,2804,321,9129
POA3029,343,1136,482,315,67,3233,989,404,2495,1356,1207,206,6661,61,17,169,101,109,16,486,146,22,252,315,583,43,1361,431,36,607,367,499,371,2302,8919,1560,14434,7842,9212,1685,43655
POA3030,401,1426,501,407,67,3745,877,424,2205,1034,1060,125,5726,72,25,244,135,158,3,643,117,25,232,264,645,36,1321,299,39,458,269,470,256,1792,7530,1796,14045,6660,10167,1309,41507
POA3031,120,362,62,29,6,1048,425,137,612,113,102,7,1395,42,15,119,35,38,5,247,44,19,73,31,47,5,216,43,13,110,37,42,26,275,2080,589,3873,891,857,138,8426
POA3032,181,580,106,75,21,1415,499,206,907,209,213,48,2077,40,18,153,52,55,0,321,46,10,100,62,131,9,359,88,10,180,62,71,58,464,2597,811,5808,1699,1994,315,13225
POA3033,90,273,67,58,14,619,123,51,295,91,103,12,671,4,6,30,13,15,0,75,11,0,34,42,106,4,200,15,0,51,34,59,22,189,529,276,1890,807,1291,149,4941
POA3034,57,187,43,39,6,415,86,35,247,88,90,20,559,13,0,18,9,15,0,55,6,4,33,23,78,11,148,16,3,71,21,42,20,171,442,172,1528,577,899,112,3731
POA3036,35,117,30,27,6,263,43,24,103,30,47,10,257,0,0,11,3,12,0,30,4,0,15,11,42,0,76,4,0,32,7,29,15,81,172,105,721,310,641,73,2024
POA3037,213,701,239,260,30,1699,260,142,843,452,504,79,2287,10,10,73,47,51,12,200,23,10,86,111,369,13,619,58,11,182,114,252,93,722,1497,656,5250,2950,5470,556,16385
POA3038,103,429,115,145,32,977,159,73,420,202,233,29,1113,8,0,44,22,27,8,104,13,4,54,70,190,16,341,22,3,80,41,134,52,324,695,357,2744,1452,2706,325,8287
POA3039,116,327,68,37,10,869,264,146,530,121,77,19,1156,17,14,77,23,23,0,155,24,18,44,27,74,4,186,46,7,98,35,43,25,246,1441,576,3236,1006,1075,143,7488
POA3040,155,604,99,70,14,1319,407,145,750,211,149,35,1694,22,16,97,41,47,3,223,35,8,79,65,110,8,296,52,12,153,53,74,61,401,1886,764,4875,1628,1928,292,11370
POA3041,75,274,65,56,10,622,153,72,313,99,73,16,720,6,0,54,10,19,0,93,10,4,47,25,73,0,168,27,5,64,22,31,30,179,725,306,2036,826,1099,129,5119
POA3042,96,354,75,68,6,750,143,80,315,154,92,21,800,10,3,44,23,27,0,110,12,6,39,53,135,4,243,12,5,67,35,79,31,230,642,329,2087,1071,1779,171,6081
POA3043,52,258,74,87,7,595,83,53,237,126,165,30,700,0,0,14,15,23,0,59,14,0,28,49,142,6,241,6,3,46,39,74,35,210,424,188,1561,987,1923,195,5288
POA3044,195,632,129,112,12,1493,407,172,729,247,212,44,1808,10,9,116,36,34,4,217,40,9,104,81,151,6,392,33,11,146,65,103,70,432,1890,767,4733,1791,2345,295,11825
POA3045,0,0,0,0,0,0,0,0,0,0,0,0,0,0,0,0,0,0,0,0,0,0,0,0,0,0,0,0,0,0,0,0,0,0,0,0,6,0,0,0,4
POA3046,155,539,160,125,10,1317,411,155,758,383,315,63,2088,26,11,87,30,37,0,198,44,8,112,82,184,5,433,97,18,172,89,98,70,550,2290,644,4745,2175,2770,410,13033
POA3047,37,147,49,44,11,381,88,38,220,142,158,26,665,0,0,13,8,13,0,45,13,0,29,39,73,9,166,36,4,52,42,93,51,277,673,124,1303,778,1116,204,4204
POA3048,47,126,50,53,8,355,65,35,166,119,128,15,530,0,0,8,4,7,0,23,3,4,18,28,73,0,130,13,3,43,32,71,43,210,330,128,894,563,976,160,3056
POA3049,43,146,51,60,3,353,39,27,139,78,97,21,398,0,0,13,12,4,0,37,7,3,15,17,95,3,141,3,0,16,22,46,11,103,206,123,802,615,1166,101,3005
POA3051,60,252,39,19,12,870,406,120,502,82,78,25,1217,33,11,99,28,22,4,196,45,9,65,22,32,4,181,60,0,105,26,28,29,245,2050,413,3140,637,558,136,6932
POA3052,23,137,5,13,6,452,158,26,205,21,25,8,439,15,8,35,5,13,3,77,18,0,30,3,18,0,75,18,3,34,6,5,11,90,936,128,1221,216,233,56,2793
POA3053,61,273,25,25,14,867,275,56,434,76,61,7,907,50,10,103,21,14,3,203,42,6,58,28,35,5,175,73,5,105,29,22,34,269,2114,275,3104,628,521,161,6803
POA3054,49,196,16,18,6,553,234,48,262,39,25,9,616,29,7,89,11,15,0,151,16,8,47,16,27,9,123,24,3,58,16,17,19,141,1176,285,2127,357,339,83,4360
POA3055,133,391,77,34,12,1082,310,128,490,118,96,21,1163,39,14,102,29,37,5,225,39,12,79,32,64,5,229,46,6,104,30,39,30,254,1640,517,3083,847,1003,150,7235
POA3056,224,672,88,46,10,1899,638,214,923,172,129,27,2104,103,33,258,60,24,10,480,62,22,163,51,95,7,399,65,19,215,48,45,41,434,3399,978,6224,1276,1330,200,13401
POA3057,128,355,46,37,9,1024,345,123,493,80,51,10,1101,54,19,157,26,22,0,270,41,9,73,33,59,4,223,43,8,140,29,23,21,269,1938,562,3581,751,754,119,7698
POA3058,329,765,158,119,14,2182,600,239,959,312,244,49,2395,61,32,179,69,49,10,395,73,17,127,85,161,7,470,66,19,170,73,87,47,460,3023,1110,6017,2027,2294,325,14800
POA3059,73,356,80,91,10,761,130,60,370,171,176,23,931,3,0,26,18,16,0,71,8,3,40,59,161,3,271,26,3,102,50,91,49,317,670,256,2359,1317,2081,244,6930
POA3060,59,155,49,41,4,450,113,47,216,120,106,17,618,4,5,24,11,15,0,57,16,0,34,29,75,10,160,31,3,73,30,45,31,222,750,192,1392,617,926,168,4037
POA3061,3,23,17,8,3,63,10,3,29,32,28,5,111,0,0,5,0,4,0,14,0,0,3,11,38,6,57,5,0,11,18,22,7,61,58,22,231,186,280,48,827
POA3062,0,0,0,0,0,0,0,0,0,0,0,0,0,0,0,0,0,0,0,0,0,0,0,0,0,0,0,0,0,0,0,0,0,0,0,0,0,0,3,0,3
POA3063,5,10,4,7,0,16,4,0,9,0,6,0,14,0,0,4,0,0,0,4,0,0,0,0,5,0,4,0,0,0,0,0,0,4,10,5,41,32,86,4,183
POA3064,328,985,426,409,65,2804,733,326,2208,1210,1157,144,5788,21,14,88,63,77,7,273,80,17,171,260,634,46,1197,200,32,346,318,479,296,1666,4526,1180,9981,6690,9234,1275,32888
POA3065,46,187,17,13,3,521,272,60,367,63,48,17,831,40,12,94,24,8,0,176,34,0,49,15,36,4,135,26,6,110,30,21,23,212,1344,320,2576,467,437,103,5251
POA3066,51,179,14,24,3,480,213,49,360,50,57,16,743,51,3,83,22,14,0,179,19,9,27,21,33,4,111,46,8,100,25,20,22,225,1180,283,2469,494,505,100,5035
POA3067,46,192,21,16,4,489,244,65,379,61,57,8,805,23,9,74,18,13,3,143,14,11,52,26,37,6,141,34,10,96,24,23,23,212,1216,317,2653,548,519,99,5358
POA3068,148,436,40,35,13,1205,591,178,744,98,86,15,1712,73,22,189,34,19,7,345,63,16,85,42,58,5,274,71,14,168,29,22,22,319,2720,817,4827,788,780,138,10062
POA3070,242,664,91,49,21,1761,706,233,853,165,137,34,2116,68,34,218,54,33,6,409,50,22,129,50,91,6,346,68,16,194,44,54,33,407,3109,1077,5819,1222,1210,204,12639
POA3071,164,466,74,52,6,1222,414,170,625,170,126,15,1521,65,16,146,28,23,0,287,49,20,86,52,80,4,285,34,11,119,29,42,33,266,1845,728,4015,1082,1164,146,8990
POA3072,315,703,157,106,14,1913,533,210,974,309,261,46,2334,55,24,191,56,49,7,373,54,20,121,100,132,14,437,65,16,201,67,117,67,522,2559,1010,6012,2081,2358,364,14369
POA3073,290,817,200,190,26,2088,540,266,1127,496,531,72,3031,35,16,141,57,49,7,299,60,18,151,127,287,8,653,95,28,214,118,183,141,777,2877,995,6562,2935,4121,596,18078
POA3074,49,137,46,49,9,375,140,43,282,170,187,28,855,6,3,19,13,8,0,55,14,0,25,47,115,18,218,27,4,60,46,96,51,282,697,155,1475,889,1484,239,4940
POA3075,56,170,76,60,7,489,144,59,370,195,219,24,1017,11,3,15,10,19,0,58,8,6,37,50,120,9,236,33,6,76,43,86,53,294,721,209,1804,1083,1658,262,5738
POA3076,98,304,159,136,13,879,234,105,692,377,415,59,1881,3,8,34,21,29,0,97,38,3,55,92,222,20,438,46,5,116,83,169,73,486,1246,396,2893,1947,3075,392,9948
POA3078,116,296,50,29,5,819,319,115,469,88,60,27,1072,26,10,81,12,24,0,143,31,10,52,28,46,8,170,29,3,75,22,18,17,169,1334,514,2615,596,629,111,5798
POA3079,115,365,57,40,16,936,392,127,618,131,75,24,1375,19,7,72,21,22,3,148,31,9,63,24,71,0,199,46,0,95,28,41,18,232,1700,532,3419,834,882,167,7538
POA3081,82,238,48,35,9,603,248,102,436,128,159,22,1096,6,4,43,15,11,0,83,26,7,48,47,72,4,200,32,5,55,29,55,31,195,924,329,1989,744,1037,152,5178
POA3082,121,387,134,168,19,1044,232,106,592,348,379,66,1722,8,0,37,29,34,0,119,28,7,57,77,210,20,389,36,8,118,92,126,57,429,1102,389,2962,1763,2945,349,9506
POA3083,136,484,152,125,21,1258,363,130,759,321,326,65,1968,7,3,70,18,47,3,146,42,11,87,76,178,14,401,86,16,134,55,114,62,472,1879,482,3807,1814,2512,367,10866
POA3084,206,533,89,93,11,1415,532,223,953,236,214,51,2202,36,16,88,32,28,0,189,35,17,87,49,114,4,310,54,8,143,46,53,39,340,2332,803,4636,1264,1720,239,10998
POA3085,94,304,75,57,5,752,194,101,365,155,124,22,959,10,5,39,11,16,0,76,20,5,32,28,79,0,156,18,5,60,20,38,19,155,956,380,2130,890,1152,111,5613
POA3087,61,191,48,49,12,463,113,68,232,106,115,16,658,5,3,30,14,8,0,56,7,3,29,20,63,0,130,11,0,33,15,26,11,101,478,224,1227,554,930,80,3500
POA3088,235,646,161,119,15,1504,269,155,711,297,298,31,1757,22,4,73,34,50,3,191,26,8,70,67,203,5,385,29,5,106,38,96,29,305,1368,677,3692,1673,2746,207,10359
POA3089,90,335,87,91,11,729,106,88,287,177,175,21,854,3,5,36,12,28,0,90,11,5,24,35,113,7,196,11,7,39,29,77,17,182,461,313,1541,913,1759,122,5113
POA3090,14,48,7,8,3,99,17,8,57,14,15,3,119,0,0,4,5,0,0,10,0,0,12,6,25,3,42,6,0,5,3,8,5,31,88,42,296,153,308,35,920
POA3091,3,30,9,0,0,58,12,8,22,14,17,3,83,0,0,9,3,4,0,8,0,0,4,8,18,4,31,4,0,4,9,4,8,26,42,21,165,95,241,18,594
POA3093,32,82,23,18,3,201,47,25,108,38,32,5,242,3,5,14,3,4,0,36,9,0,8,12,24,0,54,7,0,18,4,17,3,52,195,104,572,227,344,32,1475
POA3094,84,243,45,45,4,541,101,72,235,91,99,8,611,10,0,28,14,8,0,59,15,3,21,25,58,0,123,10,9,42,12,33,18,120,498,285,1293,588,880,65,3605
POA3095,244,710,160,120,25,1646,359,192,710,289,297,55,1901,32,10,81,32,44,5,208,42,15,75,59,197,9,398,38,14,97,47,89,31,320,1643,794,4124,1759,2752,282,11356
POA3096,11,40,6,19,0,98,10,11,45,25,21,3,124,0,0,7,0,4,0,13,0,0,0,4,27,0,33,0,0,5,4,9,0,22,55,42,209,131,296,13,741
POA3097,9,30,14,6,0,83,16,3,37,7,5,5,83,3,0,5,0,0,0,8,10,3,9,4,11,0,31,8,3,9,3,9,7,29,95,32,214,89,137,21,590
POA3099,48,119,28,30,0,277,48,23,122,67,49,7,317,4,3,13,9,12,0,36,8,0,17,22,50,0,92,0,0,22,13,20,4,57,181,118,597,355,712,42,1996
POA3101,122,414,72,41,10,1065,676,142,996,150,91,61,2117,36,7,97,29,19,3,193,39,10,78,48,66,0,243,81,14,173,44,39,49,401,2511,664,4892,1101,918,251,10341
POA3102,35,134,19,22,3,340,153,42,231,48,32,12,522,7,4,28,5,0,3,49,7,4,13,13,19,3,59,15,4,45,10,19,4,95,589,181,1289,286,306,56,2708
POA3103,57,233,48,33,9,613,302,73,536,109,55,23,1096,10,6,46,15,8,0,80,19,7,49,25,36,3,146,44,9,113,18,28,27,242,1388,323,2729,685,505,146,5774
POA3104,120,337,45,38,6,819,367,115,713,144,86,32,1457,17,4,53,12,8,0,97,35,11,71,25,39,0,180,47,14,161,29,35,35,321,1713,512,3855,920,764,194,7957
POA3105,48,143,41,37,4,392,139,53,269,91,95,14,666,3,3,24,12,11,0,51,10,7,42,23,57,3,146,18,4,56,18,27,19,147,638,209,1715,592,712,119,3981
POA3106,62,241,45,34,3,537,211,64,458,112,89,33,967,4,3,30,5,10,5,55,27,6,46,38,89,3,201,34,4,78,36,41,39,233,1094,278,2586,782,922,196,5861
POA3107,63,217,58,36,5,557,180,68,384,95,76,26,827,11,9,42,16,13,0,85,21,8,48,30,60,4,174,23,0,58,35,37,28,178,894,285,2129,730,812,151,5001
POA3108,78,338,84,54,5,851,366,106,675,189,160,22,1517,14,5,45,15,15,0,91,39,10,83,64,99,9,310,88,10,175,39,55,56,417,2020,416,3968,1268,1189,244,9101
POA3109,101,419,109,71,15,1063,396,127,769,240,222,51,1792,18,4,43,20,20,0,112,49,12,108,76,144,7,400,89,13,210,62,66,52,494,2358,525,4679,1518,1537,293,10916
POA3111,68,192,42,43,6,467,165,66,315,101,69,19,736,11,0,34,11,18,4,75,26,6,45,36,69,5,189,23,6,87,34,35,25,213,746,273,1909,647,779,130,4478
POA3113,64,183,52,27,8,436,125,68,241,86,66,11,603,7,9,25,13,13,0,63,7,9,21,32,55,6,130,12,4,52,18,24,3,116,491,254,1271,553,768,76,3412
POA3114,21,78,17,20,0,164,38,23,113,26,25,8,230,0,0,10,5,3,0,20,4,0,9,4,23,0,45,0,6,15,10,5,0,36,167,97,596,205,328,37,1421
POA3115,18,69,24,19,5,153,22,14,86,35,31,10,204,0,0,12,0,5,0,20,0,4,8,7,33,0,51,4,0,17,11,24,3,67,102,71,498,246,532,34,1482
POA3116,69,198,71,77,4,481,84,60,231,141,172,18,703,4,0,11,16,19,0,43,13,6,30,44,119,5,220,16,0,37,24,82,21,177,360,206,1176,787,1613,125,4262
POA3121,171,663,92,61,11,1601,625,223,1250,184,144,26,2450,70,22,284,79,44,8,508,59,18,142,81,160,20,483,74,20,278,65,62,63,557,3339,1093,9011,1804,1912,307,17466
POA3122,136,457,50,35,17,1221,537,146,786,151,82,44,1739,29,9,115,28,19,5,204,32,13,88,48,74,7,260,83,11,174,50,29,42,388,2662,747,5308,1092,936,203,10938
POA3123,101,309,41,31,5,796,340,88,495,79,49,27,1077,14,11,74,23,14,4,145,15,4,50,25,37,6,144,45,17,117,21,14,22,238,1750,491,3487,693,586,136,7141
POA3124,118,429,70,32,15,1031,455,129,752,161,75,30,1609,23,5,82,22,16,3,152,36,4,84,28,51,4,206,51,15,161,33,25,28,314,2149,605,4328,971,745,172,8967
POA3125,77,254,47,34,7,703,209,70,430,121,83,23,935,10,0,42,14,11,0,70,24,10,61,39,51,6,190,76,5,101,31,29,23,259,1467,322,2442,760,681,131,5799
POA3126,36,134,9,17,0,314,191,56,264,35,26,13,588,4,3,14,6,6,0,31,17,0,28,17,9,0,76,34,8,58,9,9,3,123,796,205,1451,261,237,57,3003
POA3127,122,385,75,36,13,971,385,119,623,140,69,27,1364,21,17,59,25,17,0,141,17,17,74,29,48,3,189,46,3,110,33,31,19,238,1903,604,3632,883,723,141,7893
POA3128,103,330,73,47,7,908,330,104,701,190,141,28,1504,32,8,51,17,16,0,123,49,14,107,57,64,11,294,77,12,131,62,36,61,384,2153,443,3641,1234,1022,222,8721
POA3129,98,336,77,45,15,839,279,111,604,142,139,29,1297,15,11,42,16,20,0,100,29,18,64,44,75,5,234,44,6,110,41,42,19,266,1522,466,3006,934,940,165,7037
POA3130,196,637,123,94,18,1544,411,208,951,291,237,50,2142,28,9,103,22,32,0,192,53,23,129,81,131,8,436,88,12,177,63,71,48,458,2639,881,5522,1683,1883,264,12867
POA3131,113,404,113,63,12,1030,276,103,598,230,197,25,1425,20,5,48,24,22,0,118,39,16,92,51,106,5,318,47,3,121,41,50,23,289,1724,472,3646,1261,1380,176,8677
POA3132,107,337,80,72,5,844,208,107,439,164,130,19,1062,11,4,35,15,12,7,87,39,18,63,38,69,4,224,48,4,95,43,43,19,254,1316,456,2918,974,1175,141,6996
POA3133,121,388,76,90,10,982,247,103,588,207,158,22,1320,9,0,38,23,17,0,92,47,10,87,51,113,9,309,62,8,129,59,48,28,348,1726,458,3352,1195,1345,180,8258
POA3134,210,673,203,149,25,1682,326,214,889,392,377,49,2253,23,8,78,43,47,0,197,59,22,120,113,215,7,533,52,8,155,78,123,63,492,2000,782,4906,2250,3236,325,13499
POA3135,178,483,90,72,3,1139,215,144,546,246,242,22,1424,16,4,44,17,13,0,98,34,13,78,56,133,5,317,28,9,91,45,65,27,261,1247,529,2934,1256,1866,173,8006
POA3136,300,902,241,200,24,2101,374,272,1036,574,626,76,2966,23,8,81,49,60,0,230,52,25,141,132,348,12,714,61,12,172,92,196,66,602,1893,999,5436,2972,5139,397,16832
POA3137,73,282,77,72,10,592,85,81,277,196,263,20,934,0,6,16,13,19,3,53,11,0,23,37,161,0,230,10,5,34,39,105,16,217,347,237,1279,977,2160,117,5114
POA3138,117,457,117,143,13,1022,111,109,406,312,403,37,1383,3,0,30,23,29,3,93,22,7,51,85,271,7,444,19,8,68,52,156,41,340,620,390,2239,1493,3314,230,8290
POA3139,63,190,99,95,7,509,44,55,205,218,244,26,784,5,0,19,18,26,3,73,4,4,24,40,250,8,334,5,4,21,26,118,30,196,183,187,875,925,2714,159,5047
POA3140,84,302,116,103,10,718,69,62,336,240,301,32,1039,3,4,22,18,31,0,75,12,0,40,64,187,3,320,8,5,54,32,109,27,240,363,246,1554,1197,2596,178,6132
POA3141,134,446,60,38,7,1211,558,119,927,116,85,35,1839,63,20,186,54,29,8,360,58,10,113,59,98,10,339,115,14,262,44,45,39,527,3355,757,7041,1351,1130,287,13919
POA3142,32,183,28,18,9,434,290,62,436,51,46,35,922,14,3,61,6,10,4,99,15,0,37,23,31,4,117,48,9,126,32,20,29,267,1198,293,2732,580,440,171,5417
POA3143,59,145,27,17,8,388,207,56,337,53,30,18,699,13,3,67,26,13,0,116,13,3,36,20,31,0,97,28,4,89,14,9,12,164,1037,285,2303,458,360,95,4540
POA3144,48,164,24,9,7,402,231,61,413,77,36,24,839,9,9,43,7,12,0,78,12,9,28,19,21,5,95,39,4,78,19,9,21,176,998,298,2356,452,352,107,4562
POA3145,143,457,71,48,20,1129,438,141,784,171,119,27,1681,26,10,74,36,33,6,177,37,0,57,37,71,4,212,80,19,203,42,40,42,422,2227,667,4749,1186,1085,232,10146
POA3146,157,549,88,36,7,1260,545,168,952,179,99,28,1971,35,15,100,34,19,3,213,47,17,106,48,74,9,295,85,15,178,34,34,37,385,2612,798,5722,1250,1059,210,11647
POA3147,92,314,60,27,5,714,206,83,436,102,88,26,942,17,10,47,16,15,0,107,22,9,64,23,46,3,166,34,15,104,29,33,21,239,1269,450,2759,698,709,110,5991
POA3148,30,159,46,23,4,413,137,36,280,83,83,12,635,6,3,34,15,8,0,66,18,4,41,24,51,7,143,36,7,61,13,32,24,177,858,188,1772,562,582,114,4076
POA3149,163,532,87,106,16,1496,444,141,909,254,198,43,1992,24,7,66,24,35,0,153,55,21,126,75,122,6,407,138,24,226,75,61,69,591,3385,718,5803,1696,1722,362,13683
POA3150,213,898,184,133,37,2320,728,238,1576,429,343,90,3421,41,14,85,40,34,4,221,91,23,193,143,211,18,667,241,21,380,119,123,116,1003,5283,1067,9580,2988,2674,620,22208
POA3151,30,160,38,30,0,413,113,45,300,89,63,11,617,6,3,24,6,3,0,47,23,3,37,23,54,4,142,33,6,65,31,32,23,184,891,164,1663,553,554,96,3918
POA3152,153,555,142,139,15,1349,342,164,878,354,335,52,2131,16,4,67,20,31,0,137,53,10,103,102,212,7,491,90,12,172,69,113,57,517,2176,618,4950,1970,2619,329,12660
POA3153,95,306,79,84,13,752,166,96,502,262,363,29,1419,3,4,43,27,32,0,109,28,11,61,74,172,6,351,40,8,70,54,120,38,333,901,353,2393,1354,2453,214,7663
POA3154,28,77,22,21,0,192,30,14,92,62,59,8,266,0,0,8,6,10,0,30,0,0,8,21,38,0,67,6,0,13,15,31,15,80,125,80,430,342,616,47,1632
POA3155,131,418,128,110,15,1000,178,118,463,316,356,30,1463,12,4,37,22,36,6,109,18,8,59,70,217,6,384,41,10,106,57,146,35,395,941,416,2590,1513,2880,219,8565
POA3156,181,618,174,191,22,1508,258,174,819,471,513,72,2309,16,8,64,44,53,8,192,28,5,96,109,373,15,632,44,14,148,100,221,60,587,1363,631,4288,2590,4830,352,14056
POA3158,58,173,44,43,0,408,50,42,168,88,105,5,452,3,0,18,8,13,5,48,8,4,21,21,63,4,116,9,0,20,17,24,19,86,297,157,863,497,893,71,2783
POA3159,18,61,16,24,0,166,21,18,46,31,30,0,138,0,3,8,6,7,0,28,3,0,8,3,15,0,34,0,0,10,7,12,9,32,119,66,311,197,319,28,1034
POA3160,86,224,69,65,6,599,87,64,193,127,113,10,599,10,5,25,25,25,4,89,15,6,35,37,104,5,201,14,3,35,21,35,11,122,427,246,1101,659,1160,89,3688
POA3161,93,343,56,52,13,873,347,86,645,118,70,36,1301,28,7,68,19,16,0,135,26,3,65,45,50,8,199,61,12,157,44,35,42,351,1692,403,3640,812,704,205,7455
POA3162,103,398,95,47,21,924,308,96,565,155,87,34,1241,21,10,65,18,18,11,140,21,10,81,31,68,9,227,47,10,149,49,42,33,330,1412,480,3625,936,840,239,7535
POA3163,206,761,123,93,19,1848,526,196,1034,260,229,45,2291,36,19,116,38,29,4,242,47,12,111,73,127,11,382,144,27,251,90,78,80,659,3631,917,6942,1851,1834,366,15539
POA3165,181,543,126,111,17,1363,338,144,769,279,212,39,1780,23,3,84,36,28,11,187,34,11,100,80,178,8,411,69,10,161,64,72,57,429,2057,693,4875,1797,2144,325,11887
POA3166,135,521,106,79,6,1292,335,107,683,196,214,29,1569,13,3,60,24,31,5,139,40,10,81,66,156,8,358,77,6,162,49,67,49,415,2156,531,4315,1421,1678,228,10330
POA3167,43,147,43,18,5,387,92,39,245,91,86,7,553,9,3,14,4,14,0,42,10,0,25,28,65,0,130,28,8,50,24,28,20,158,726,183,1436,555,714,99,3711
POA3168,47,330,66,48,7,1021,317,58,628,160,152,30,1350,18,0,28,14,18,0,75,40,9,54,39,70,7,227,152,4,157,56,53,77,499,2654,238,3316,990,968,277,8445
POA3169,41,212,59,32,3,562,180,56,513,194,215,47,1206,13,3,30,12,18,0,72,19,5,64,59,112,16,275,80,7,130,52,75,68,415,1471,223,2754,1097,1346,285,7164
POA3170,98,279,87,61,17,760,194,81,476,190,147,28,1113,6,7,25,20,11,0,66,26,4,65,54,128,13,291,45,5,118,56,77,53,357,1236,345,2723,1166,1356,236,7056
POA3171,30,139,39,35,5,341,135,37,374,158,144,16,865,6,0,15,8,10,0,41,15,0,41,73,123,15,268,67,8,110,60,96,98,444,894,166,2189,1024,1141,305,5714
POA3172,72,239,79,76,8,590,114,70,405,199,192,43,1022,6,0,29,15,29,0,85,8,10,68,68,163,3,332,26,6,71,59,122,57,337,573,257,2173,1280,1861,257,6399
POA3173,76,290,89,63,17,677,241,96,592,252,238,46,1473,9,0,33,16,30,0,85,22,3,73,83,184,7,380,49,7,147,83,153,83,522,1257,355,3546,1629,2072,352,9213
POA3174,91,273,125,88,12,833,245,99,783,414,463,64,2062,10,4,30,22,29,7,99,37,13,103,103,218,22,494,87,5,188,123,185,130,728,1621,359,3665,2091,2769,485,10981
POA3175,110,350,147,115,22,984,310,116,851,539,585,85,2483,6,5,33,25,30,3,105,33,6,107,132,282,17,583,91,7,212,148,251,150,858,1753,411,4136,2644,3786,621,13349
POA3177,15,70,29,25,4,181,42,26,136,90,137,16,454,0,0,5,4,10,0,21,9,0,20,28,62,10,121,16,3,50,39,60,35,192,248,68,749,492,900,139,2598
POA3178,116,566,199,144,16,1354,281,147,754,398,337,62,1961,4,4,57,31,48,0,146,41,9,88,95,304,10,542,59,14,169,73,165,46,523,1615,520,4377,2284,3494,357,12653
POA3179,24,79,37,29,3,215,48,29,161,68,76,8,396,5,0,8,6,4,0,27,3,0,17,13,46,0,77,17,0,31,21,44,6,119,288,103,786,377,624,49,2230
POA3180,45,145,36,34,3,321,61,33,175,74,104,10,467,4,0,10,5,6,0,27,9,10,25,19,53,3,124,16,6,31,25,37,8,120,382,140,986,468,743,64,2785
POA3181,82,344,62,27,9,868,349,143,725,147,100,29,1493,28,12,175,35,32,5,298,35,11,101,55,95,0,295,58,12,220,46,48,47,432,1972,583,5559,1275,1180,227,10788
POA3182,122,413,92,67,13,1141,408,133,687,210,124,43,1595,44,16,189,57,55,8,374,48,7,115,71,154,6,406,95,12,197,88,72,43,513,2381,665,5162,1624,1729,286,11838
POA3183,120,417,106,89,23,1078,343,110,587,142,110,28,1318,35,12,116,41,31,4,241,31,9,104,58,101,5,312,39,15,145,41,37,47,324,1713,543,4047,1140,1149,218,8802
POA3184,95,357,55,29,5,878,312,100,517,132,78,23,1148,43,17,137,40,33,5,268,23,8,91,53,64,7,251,61,17,118,43,50,27,319,1549,486,3710,1010,990,168,7914
POA3185,87,252,59,49,15,672,223,83,440,90,95,19,942,16,8,77,30,13,3,148,17,13,60,29,62,6,186,42,5,113,36,26,22,245,1177,448,2972,713,733,127,6173
POA3186,90,318,77,37,18,792,332,100,601,136,70,43,1278,28,12,88,11,31,0,171,21,3,74,33,72,3,213,69,16,182,65,33,45,407,1803,561,4282,1076,928,266,8912
POA3187,76,274,52,31,7,614,206,56,417,96,59,19,855,20,9,62,18,14,5,128,20,7,67,23,48,4,164,36,13,115,38,25,27,261,1167,372,2946,810,719,162,6180
POA3188,110,297,71,46,6,774,224,93,457,144,96,26,1041,27,8,74,23,18,0,157,30,8,60,55,53,8,212,48,17,127,41,54,30,313,1361,519,3400,1017,997,155,7456
POA3189,45,109,23,24,4,276,66,42,160,75,57,12,409,6,4,26,7,6,0,44,10,4,20,20,40,0,96,16,4,31,16,23,12,106,369,146,1013,437,497,59,2527
POA3190,75,229,63,36,8,563,136,73,278,135,104,19,738,8,6,34,19,27,0,99,12,4,41,31,62,9,164,23,3,67,14,34,16,164,776,319,2126,798,929,104,5054
POA3191,68,170,39,25,8,457,124,51,263,88,55,12,603,14,0,42,18,14,0,91,5,9,32,21,35,0,112,34,12,70,21,21,17,170,789,300,1887,590,573,104,4244
POA3192,141,482,108,91,9,1090,254,122,577,246,206,31,1439,17,12,77,34,28,12,181,24,12,80,65,129,9,322,50,8,128,64,76,36,362,1427,533,3747,1558,1955,229,9440
POA3193,116,413,85,54,18,929,238,83,437,144,91,32,1018,17,7,75,23,19,3,150,19,7,63,29,66,8,201,56,10,151,45,59,44,364,1250,481,3421,1137,1164,216,7665
POA3194,103,269,88,46,4,675,135,65,366,125,122,15,826,14,6,31,21,11,3,89,17,3,53,36,81,4,192,11,8,63,28,43,19,178,749,338,2106,914,1166,139,5412
POA3195,249,820,193,164,21,1881,361,219,923,339,337,40,2221,20,16,103,49,70,4,264,29,18,79,99,242,8,481,53,25,185,91,148,54,562,1851,884,5559,2495,3501,367,14654
POA3196,178,622,162,135,17,1431,244,147,624,260,322,41,1647,11,0,63,38,34,6,156,20,15,54,72,193,11,357,27,5,130,61,131,51,397,1109,565,3517,1854,3061,248,10355
POA3197,53,199,74,53,11,457,95,53,236,168,141,25,719,6,0,29,8,19,0,61,10,9,22,36,116,5,194,17,6,57,38,77,36,219,365,213,1300,822,1594,155,4444
POA3198,97,312,91,84,7,726,92,84,321,254,232,25,1016,9,4,35,11,38,0,95,6,3,33,46,138,4,229,18,0,36,41,94,26,229,453,296,1607,1144,2196,165,5854
POA3199,303,948,296,252,40,2283,400,292,1314,762,907,98,3772,22,11,80,77,83,9,286,39,15,95,151,381,19,701,37,26,147,144,281,97,728,1524,979,5228,3698,6750,564,18740
POA3200,19,27,17,23,0,93,14,17,44,62,103,8,247,0,0,0,0,9,0,18,0,0,9,11,39,0,57,0,0,8,11,55,11,85,41,48,201,225,684,66,1264
POA3201,74,241,113,140,13,682,107,85,367,334,431,45,1360,0,0,17,14,35,3,73,6,8,30,60,266,0,373,8,10,59,63,183,48,376,416,229,1511,1463,3456,275,7344
POA3202,16,22,16,11,0,94,30,11,82,27,44,3,201,0,0,5,0,4,0,20,0,0,10,10,11,0,34,6,0,17,8,7,3,38,146,55,388,180,254,34,1055
POA3204,200,627,171,103,12,1627,429,183,923,313,229,62,2131,30,13,116,30,40,4,240,46,12,115,68,148,8,395,90,14,208,67,58,54,496,2878,863,6222,1902,1900,336,14109
POA3205,53,179,36,11,5,448,169,55,274,59,32,12,599,26,11,82,34,18,0,176,22,9,43,33,50,0,155,50,7,103,22,23,25,229,1229,331,2657,669,540,150,5571
POA3206,46,139,20,8,4,351,193,39,243,48,30,8,564,20,5,53,11,13,0,98,17,6,23,14,28,0,90,33,12,82,30,13,15,176,1031,278,1933,436,420,85,4188
POA3207,75,242,69,35,13,635,218,97,390,97,66,18,877,25,8,76,40,30,4,187,37,7,71,59,68,3,248,49,11,140,49,50,27,329,1487,497,3441,1148,1125,208,7909
POA3211,3,12,8,4,0,31,10,6,9,13,9,0,46,0,0,0,8,3,0,6,0,0,3,0,7,0,10,0,0,3,3,12,3,22,34,18,64,82,177,14,386
POA3212,78,275,113,114,6,707,84,100,298,224,301,26,1038,3,3,13,16,27,4,68,14,4,28,43,154,3,239,11,5,31,23,90,35,187,398,275,1543,1172,2624,175,6191
POA3213,15,68,16,22,3,143,21,19,84,40,79,9,256,0,0,0,13,5,0,19,4,0,3,11,54,0,74,0,0,8,13,34,11,62,108,54,392,285,706,56,1600
POA3214,50,132,82,97,9,426,46,21,190,224,465,41,984,0,0,11,7,27,0,51,11,3,8,36,154,9,224,12,0,24,29,125,54,256,339,125,848,832,2525,241,4913
POA3215,118,350,129,121,12,872,165,112,468,276,371,46,1443,4,0,36,14,30,3,88,8,4,30,36,149,9,243,30,8,37,35,108,36,259,677,382,2067,1280,2614,243,7267
POA3216,357,1417,355,322,26,3217,621,438,1967,780,990,90,4898,30,10,105,42,77,10,277,50,17,124,150,378,13,734,57,12,177,103,210,73,634,2721,1286,7513,3578,6592,451,22152
POA3217,129,539,147,113,13,1141,215,160,802,330,403,32,1950,3,7,38,27,39,0,124,14,6,46,73,171,13,324,15,0,64,31,86,25,221,822,434,2875,1544,2907,189,8773
POA3218,112,365,91,72,10,856,189,124,501,181,219,23,1239,10,3,47,16,22,4,102,9,6,37,41,93,7,191,19,4,51,25,42,30,171,832,413,2228,964,1677,143,6260
POA3219,73,202,93,104,6,556,125,106,462,261,527,45,1523,12,3,27,27,44,7,109,11,5,51,41,186,10,301,11,0,24,29,81,24,184,512,297,1595,1060,2744,189,6402
POA3220,112,405,77,72,4,923,351,154,750,161,172,23,1604,22,12,53,19,22,0,125,12,3,30,41,81,9,175,17,11,72,24,49,19,188,1122,478,2804,965,1419,144,6935
POA3221,6,17,4,5,0,42,4,12,31,4,3,0,57,0,0,0,0,0,0,6,0,0,6,0,5,0,11,0,0,10,0,9,0,20,37,27,117,35,88,9,312
POA3222,93,246,89,93,6,636,99,108,397,265,385,21,1278,3,3,22,18,27,0,76,3,0,38,56,192,8,301,9,6,32,33,85,27,186,384,298,1362,1078,2590,146,5856
POA3223,34,89,38,40,4,268,53,35,125,103,120,11,457,5,3,14,12,14,4,52,3,5,17,20,66,0,108,8,0,10,16,33,10,78,231,124,567,486,976,77,2471
POA3224,63,202,87,115,9,546,71,77,348,219,316,24,1054,0,5,15,16,22,0,54,4,8,29,53,172,9,279,0,0,22,29,67,29,152,245,212,1124,898,2256,136,4873
POA3225,26,104,18,16,9,218,38,23,140,51,38,13,299,3,4,20,6,7,0,43,7,7,9,7,9,0,43,4,5,15,11,24,8,65,215,118,651,251,362,49,1645
POA3226,135,443,115,99,14,989,183,162,458,224,199,36,1261,8,4,44,22,31,10,115,8,5,48,36,92,8,202,14,5,51,42,56,20,188,643,467,2066,1135,1916,173,6393
POA3227,27,110,21,22,3,243,61,39,166,43,36,8,357,3,0,20,8,8,0,39,8,3,12,13,25,3,57,8,3,23,5,23,4,69,235,123,801,302,432,60,1956
POA3228,175,603,128,91,14,1299,245,197,681,223,190,29,1563,30,13,89,44,50,8,231,9,8,64,76,132,11,305,21,11,114,49,86,41,315,1086,636,3518,1528,2431,224,9429
POA3230,23,54,10,7,0,166,44,14,79,27,22,0,190,3,0,8,3,6,0,28,4,0,12,0,15,0,35,0,7,19,10,6,0,42,184,90,442,159,253,23,1154
POA3231,14,32,8,5,0,75,17,6,40,12,0,0,81,0,0,17,3,0,0,22,5,3,5,0,3,0,12,10,0,4,0,0,7,23,91,55,251,76,112,16,602
POA3232,0,19,3,0,0,27,7,8,13,10,9,0,48,0,0,8,0,0,0,8,0,0,0,0,0,0,5,0,0,3,0,3,0,15,47,22,159,72,134,21,456
POA3233,13,26,5,0,0,61,13,8,34,20,20,0,91,0,0,6,0,7,0,20,5,0,0,6,7,3,11,0,0,10,3,7,3,28,82,40,201,124,256,28,723
POA3234,0,4,0,0,0,10,0,4,7,0,0,0,11,0,0,0,0,0,0,0,0,0,0,0,0,0,0,0,0,0,0,0,0,0,12,4,32,14,18,0,84
POA3235,4,6,3,0,0,18,10,5,12,8,5,3,38,0,0,0,0,0,0,5,0,0,0,0,0,0,4,0,0,0,3,7,0,15,29,13,55,38,52,4,191
POA3236,0,3,0,0,0,10,0,0,6,4,0,0,18,0,0,0,0,0,0,3,0,0,0,0,0,0,4,0,0,0,0,0,0,0,14,0,25,16,23,0,86
POA3237,0,5,0,4,0,8,3,0,0,0,0,0,7,0,0,0,6,5,0,9,0,0,0,0,0,0,0,0,0,0,0,3,0,10,8,0,17,21,33,3,83
POA3238,0,8,0,0,0,18,3,0,3,0,4,0,11,0,0,3,0,0,0,4,0,0,0,0,3,0,3,0,0,3,0,0,0,3,12,3,36,20,27,0,101
POA3239,0,3,0,0,0,9,0,0,7,3,6,0,21,0,0,0,0,0,0,0,0,0,0,0,5,0,4,0,0,0,0,0,0,0,6,4,28,21,61,7,129
POA3240,16,45,14,13,0,112,8,14,54,24,21,0,128,0,0,4,3,9,0,19,0,0,0,8,31,0,36,0,0,4,0,4,0,20,61,46,241,147,328,30,846
POA3241,10,44,24,11,0,102,8,15,66,39,61,9,196,0,0,5,4,8,0,14,0,0,0,9,23,0,28,4,0,7,8,18,3,38,54,40,239,194,462,34,1021
POA3242,5,14,8,4,0,36,7,10,29,9,14,5,71,0,0,5,3,0,0,8,0,0,0,3,6,0,15,0,0,0,0,5,0,6,21,21,98,49,133,18,339
POA3243,0,0,0,0,0,7,0,7,9,3,4,0,24,0,0,0,0,0,0,0,0,0,0,0,3,0,3,0,0,4,0,0,4,12,13,13,31,20,59,14,149
POA3249,15,34,10,25,0,100,12,15,49,33,45,10,168,4,0,4,5,4,0,17,0,0,0,10,18,0,30,0,0,7,6,19,13,37,56,38,191,194,540,50,1071
POA3250,43,152,40,71,0,337,46,30,150,153,263,23,668,0,0,10,6,14,0,27,3,0,5,24,130,3,163,0,0,0,11,47,25,84,143,103,616,542,1837,144,3389
POA3251,0,7,0,4,0,11,0,3,4,3,9,0,27,0,0,0,0,0,0,5,0,0,0,0,4,0,8,0,0,0,0,3,0,3,11,7,24,31,87,11,174
POA3254,0,4,0,0,0,11,0,0,8,5,6,0,20,0,0,0,0,0,0,0,0,0,0,0,10,0,7,0,0,0,0,3,0,4,3,4,20,16,69,7,115
POA3260,13,79,12,24,3,148,19,17,61,41,94,14,252,0,0,3,0,10,0,12,3,0,3,3,22,0,35,0,0,4,0,22,11,40,64,54,295,179,659,67,1324
POA3264,9,22,7,10,0,44,9,5,29,29,58,8,142,0,0,4,0,8,0,5,0,0,0,4,23,0,38,0,0,5,3,8,8,20,23,28,113,92,323,29,622
POA3265,3,38,11,12,0,86,6,12,47,27,43,7,142,0,0,3,0,0,0,9,0,0,3,3,15,0,20,0,0,3,5,22,0,30,31,33,202,164,427,52,921
POA3266,10,25,13,15,0,73,6,7,28,18,46,5,112,0,0,0,0,4,0,3,0,0,0,7,15,0,24,0,0,3,0,14,7,33,18,22,139,127,457,34,795
POA3267,0,0,0,0,0,8,0,0,6,3,9,0,10,0,0,0,0,0,0,0,0,0,0,0,4,0,4,0,0,0,0,0,4,6,5,4,9,7,30,0,62
POA3268,7,37,6,4,0,61,7,3,29,24,30,0,94,0,0,0,0,5,0,3,0,0,0,0,25,0,25,0,0,4,0,15,5,28,28,21,190,128,371,43,784
POA3269,4,9,3,0,0,16,0,0,11,0,8,0,21,0,5,3,0,0,0,9,0,0,0,0,0,0,4,3,0,0,0,3,0,14,15,13,64,38,109,18,259
POA3270,0,7,0,0,0,9,0,0,3,8,9,0,14,0,0,4,0,0,0,7,0,0,0,0,3,0,4,0,0,4,0,3,0,9,0,3,40,19,50,3,114
POA3271,5,0,0,0,0,3,0,0,0,0,4,0,0,0,0,0,0,0,0,0,0,0,0,0,0,0,0,0,0,0,0,0,0,0,0,4,4,12,18,3,48
POA3272,4,18,7,6,0,46,6,4,25,24,24,0,80,0,0,0,0,0,0,0,0,0,0,0,3,0,6,0,0,6,0,3,0,10,23,14,91,87,193,17,413
POA3273,0,0,0,0,0,0,0,0,0,0,0,0,0,0,0,0,0,0,0,0,0,0,0,0,0,0,0,0,0,0,0,0,0,0,4,0,13,9,24,0,50
POA3274,0,0,0,0,0,3,0,0,3,5,0,0,6,0,0,0,0,0,0,0,0,0,0,0,0,0,0,0,0,0,0,0,0,0,3,0,13,17,25,6,70
POA3275,0,11,3,10,0,19,0,3,4,3,5,0,26,0,0,0,0,0,0,0,0,0,0,5,9,0,11,0,0,0,0,6,0,6,4,4,23,23,99,4,168
POA3276,6,7,0,0,0,10,3,0,5,0,4,0,14,0,0,0,0,0,0,0,0,0,0,0,4,0,4,0,0,0,0,0,0,6,5,10,24,27,73,0,133
POA3277,0,30,6,15,0,61,8,3,35,27,27,3,107,0,0,0,0,3,0,7,0,0,3,0,23,0,31,0,0,0,0,13,7,18,28,13,125,102,309,28,606
POA3278,0,0,0,0,0,5,0,0,9,0,5,0,14,0,0,0,0,4,0,7,0,0,0,0,0,0,9,0,0,0,0,0,0,0,5,4,14,24,60,8,121
POA3279,0,4,0,0,0,8,4,3,0,0,7,4,17,0,0,0,0,4,0,6,0,0,0,0,0,0,0,0,0,0,0,0,0,6,4,3,25,16,47,10,96
POA3280,165,581,137,219,20,1345,300,238,883,489,702,60,2673,8,3,29,26,54,4,130,8,4,38,63,291,12,414,7,6,36,38,151,46,290,769,580,2767,1741,4420,322,10601
POA3281,6,46,11,9,0,82,13,17,52,32,31,5,140,0,0,5,0,3,0,10,0,0,8,0,21,0,29,0,0,0,0,13,8,12,43,29,184,112,306,24,699
POA3282,12,40,9,14,3,85,19,13,46,34,63,10,188,0,0,0,0,4,0,5,0,0,6,13,31,4,47,0,0,3,5,20,13,42,53,36,175,114,419,34,837
POA3283,10,14,4,3,0,41,11,6,45,19,25,9,109,0,0,0,0,4,0,11,0,0,6,0,12,0,16,0,0,6,0,12,7,26,35,22,126,83,200,20,490
POA3284,15,68,18,3,0,127,37,26,98,45,39,4,261,0,0,5,3,10,0,17,0,0,5,4,15,0,25,0,0,8,5,6,3,28,104,71,380,201,405,53,1206
POA3285,3,10,9,8,0,46,9,4,27,14,12,4,71,0,0,0,3,0,0,5,0,0,0,0,8,0,15,0,0,0,0,3,0,12,40,23,90,57,197,22,420
POA3286,0,3,3,3,0,16,5,0,0,10,4,0,15,0,0,0,0,0,0,5,0,0,0,0,5,0,8,0,0,0,0,5,0,10,7,10,26,33,69,3,155
POA3287,0,14,4,5,0,15,0,0,3,0,6,0,13,0,0,0,0,0,0,0,0,0,0,0,5,0,5,0,0,0,0,0,0,0,4,0,39,15,69,3,129
POA3289,3,3,0,8,0,24,0,0,5,8,14,3,29,0,0,3,0,0,0,3,0,0,0,0,3,0,4,0,0,0,0,5,0,5,8,9,44,47,104,15,221
POA3292,0,0,0,0,0,0,0,0,0,0,4,0,4,0,0,0,0,0,0,7,0,0,0,0,0,0,0,0,0,0,0,0,0,0,0,4,8,10,20,0,40
POA3293,0,5,0,0,0,5,0,0,0,7,4,0,17,0,0,0,0,0,0,0,0,0,0,0,3,0,3,0,0,0,0,3,0,3,6,0,26,21,57,8,116
POA3294,3,24,6,5,0,39,9,8,9,8,0,3,33,0,0,4,0,0,0,8,0,0,0,0,3,0,3,0,0,0,0,0,0,5,22,20,117,61,134,15,369
POA3300,44,140,33,68,3,360,50,61,237,161,213,24,763,0,0,8,4,9,0,21,0,0,10,21,99,0,134,5,0,12,10,49,12,84,185,157,678,459,1504,97,3083
POA3301,9,26,8,9,0,51,7,5,22,11,23,0,71,0,0,0,0,8,0,5,0,0,0,0,5,0,5,0,0,0,0,6,3,14,27,22,109,91,189,22,460
POA3302,0,3,0,0,0,6,0,4,8,5,4,0,21,0,0,0,0,0,0,0,0,0,0,0,0,0,0,0,0,0,0,0,0,0,6,9,25,32,56,4,124
POA3303,0,6,0,3,0,10,0,0,3,5,6,0,12,0,0,0,0,0,0,0,0,0,0,0,3,0,3,0,0,0,0,4,0,0,4,3,16,15,49,4,94
POA3304,6,13,5,10,0,30,4,9,13,21,59,0,110,0,0,0,0,3,0,4,0,0,0,0,19,0,26,0,0,4,0,19,12,34,17,26,78,97,390,43,644
POA3305,40,176,47,82,10,399,44,60,214,163,258,29,767,4,0,8,9,23,0,55,0,0,15,21,124,3,171,0,4,6,8,72,19,114,136,137,675,572,1919,149,3590
POA3309,0,0,0,0,0,0,0,0,0,0,5,0,4,0,0,0,0,0,0,0,0,0,0,0,0,0,0,0,0,0,0,6,0,6,0,0,6,9,16,3,31
POA3310,0,0,0,0,0,4,0,0,4,7,3,0,18,0,0,0,0,0,0,0,0,0,0,0,0,0,0,0,0,0,0,0,0,0,0,0,11,15,33,5,60
POA3311,0,20,6,7,0,47,8,7,30,24,36,0,106,0,0,0,0,3,0,7,0,0,0,4,12,0,19,0,0,0,0,5,6,14,16,18,73,55,208,13,377
POA3312,0,8,0,8,0,18,0,0,8,14,11,3,41,0,0,0,0,0,0,0,0,0,0,0,13,0,13,3,0,0,0,7,3,17,5,10,59,51,162,24,308
POA3314,3,3,0,0,0,13,0,0,5,0,4,0,14,0,0,0,0,0,0,0,0,0,0,0,0,0,0,0,0,0,0,0,0,4,6,10,44,60,67,11,198
POA3315,0,16,8,4,5,39,0,4,27,15,31,0,91,0,0,0,0,0,0,0,0,0,0,0,5,0,8,0,0,0,0,10,4,15,12,12,104,91,219,26,461
POA3317,0,0,0,0,0,0,0,5,7,9,3,0,14,0,0,0,0,0,0,0,0,0,0,0,0,0,0,0,0,0,0,0,0,4,0,5,12,14,29,0,59
POA3318,6,17,0,3,0,38,7,9,24,11,20,0,63,0,0,0,0,0,0,3,0,0,0,0,8,0,11,0,0,0,0,0,0,7,9,18,81,62,138,10,323
POA3319,0,5,0,0,0,7,0,0,8,4,4,0,22,0,0,0,0,0,0,0,0,0,0,0,0,0,0,0,0,0,0,6,0,6,0,3,22,17,48,15,104
POA3321,14,40,11,10,0,88,7,8,41,19,15,5,96,0,0,7,3,7,0,15,0,0,0,4,10,0,23,0,0,4,3,0,0,13,35,41,198,125,279,24,706
POA3322,3,0,0,0,0,0,0,0,4,3,6,0,9,0,0,0,0,0,0,0,0,0,0,0,0,0,0,0,0,0,0,0,0,0,0,0,6,9,30,0,48
POA3323,0,0,0,0,0,0,0,0,0,0,0,0,3,0,0,0,0,0,0,0,0,0,0,0,0,0,0,0,0,0,0,0,0,0,0,0,12,6,15,4,35
POA3324,0,3,0,0,0,10,0,0,6,0,0,4,9,0,0,3,0,0,0,6,0,0,0,0,5,0,5,0,0,3,0,0,0,6,6,4,42,23,60,15,149
POA3325,0,0,0,0,0,3,3,4,3,0,9,0,17,0,0,0,0,0,0,0,0,0,0,0,6,0,11,0,0,0,0,3,0,7,6,3,33,24,50,5,123
POA3328,13,42,15,13,0,95,10,16,43,22,53,3,143,0,0,0,0,4,0,5,3,0,0,4,27,0,37,0,4,10,3,23,4,44,27,62,172,129,409,15,816
POA3329,4,5,0,0,4,15,0,0,5,6,4,0,18,0,0,0,0,0,0,0,0,0,0,3,5,0,7,0,0,0,0,0,0,0,7,6,20,24,61,4,122
POA3330,0,0,0,0,0,4,0,0,0,0,0,0,6,0,0,0,0,0,0,4,0,0,0,0,3,0,3,0,0,0,0,0,0,0,0,3,9,5,30,3,45
POA3331,39,107,51,48,0,293,23,40,117,95,159,4,442,0,3,7,10,10,0,28,3,7,6,17,76,0,106,3,5,13,9,52,11,93,110,126,491,488,1227,77,2513
POA3332,3,9,0,10,0,28,0,4,16,19,25,0,60,0,0,0,5,0,0,0,0,0,0,0,16,0,21,0,0,4,0,8,3,12,16,11,70,78,221,20,417
POA3333,0,14,4,5,0,28,5,5,12,7,9,0,42,0,0,0,0,3,0,3,0,0,0,0,5,0,13,0,0,0,0,3,0,13,18,6,57,59,128,14,292
POA3334,0,9,3,8,0,17,0,0,9,9,6,0,23,0,0,0,0,0,0,0,0,0,0,0,4,0,4,0,0,0,4,5,0,11,11,0,29,23,80,7,153
POA3335,18,46,22,22,0,146,48,29,143,69,79,9,371,0,0,11,8,7,0,28,3,0,16,28,38,4,85,16,0,25,13,38,18,108,275,78,715,467,639,66,2240
POA3336,72,252,54,66,6,562,179,78,552,226,181,23,1234,4,3,26,11,18,5,66,3,0,41,48,85,12,195,35,0,75,54,65,34,271,904,261,2490,1281,1569,209,6722
POA3337,128,385,192,239,16,1071,101,83,437,412,543,63,1629,5,6,33,26,63,4,131,16,6,26,63,350,12,474,27,5,67,67,233,92,490,574,349,2080,1958,4944,430,10338
POA3338,117,352,156,138,19,964,171,113,558,378,434,46,1704,4,0,25,26,43,5,104,23,3,63,69,235,13,394,24,9,74,81,173,78,437,1099,348,2609,2075,3704,389,10212
POA3340,156,453,138,181,14,1096,111,89,365,265,293,27,1151,8,4,34,26,58,3,128,13,3,40,64,251,10,378,10,0,42,44,166,58,324,575,381,1908,1525,3725,263,8364
POA3341,8,33,11,14,0,72,5,12,24,25,21,0,80,0,0,0,5,0,0,8,0,0,0,7,27,0,34,0,0,3,4,21,0,33,43,30,115,114,276,20,607
POA3342,35,45,18,22,0,139,17,17,52,36,57,9,190,0,0,6,0,9,0,18,0,0,7,7,29,0,46,4,0,8,0,15,7,42,81,78,274,195,585,50,1261
POA3345,11,19,6,5,0,60,8,6,27,17,19,0,73,0,0,4,5,0,0,8,0,0,4,0,12,0,11,0,0,0,7,11,0,18,40,29,118,91,198,22,496
POA3350,480,1482,309,399,25,3430,877,540,2031,862,1033,116,5455,42,22,163,66,111,8,419,49,21,115,126,404,14,730,33,8,130,85,213,64,531,2765,1556,7250,3540,7155,521,22782
POA3351,35,125,50,43,7,299,45,48,171,119,201,12,592,0,0,5,5,19,3,39,0,3,3,18,98,8,130,0,0,17,13,67,22,124,132,128,584,500,1467,126,2940
POA3352,85,287,122,121,14,750,128,124,415,241,315,33,1254,8,4,28,20,60,6,118,7,4,13,44,207,0,278,12,0,31,33,96,27,192,438,315,1426,1090,2918,196,6389
POA3355,36,137,37,81,3,345,49,51,200,133,218,13,672,5,0,16,7,22,3,47,11,3,11,22,74,9,126,6,0,18,22,60,19,122,210,148,694,500,1430,113,3098
POA3356,52,143,59,76,5,379,51,66,261,172,369,22,940,0,0,8,8,19,0,42,0,0,14,37,131,3,187,5,0,15,12,72,22,125,170,160,806,613,2085,110,3947
POA3357,39,120,26,24,5,267,34,35,103,42,42,4,263,3,0,10,0,3,0,19,5,0,3,4,15,0,32,3,0,6,0,10,5,33,147,108,440,207,393,29,1327
POA3358,15,81,26,24,0,165,29,25,123,50,83,9,317,0,0,3,4,8,0,7,0,0,4,8,38,0,49,0,0,4,7,15,13,38,95,53,355,220,555,39,1315
POA3360,4,5,0,0,0,18,0,5,11,5,16,0,39,0,0,0,0,0,0,0,0,0,0,0,0,0,7,0,0,0,0,6,4,11,7,8,42,37,104,7,208
POA3361,0,3,4,4,0,15,4,0,8,10,13,0,35,0,0,0,0,0,0,0,0,0,0,0,6,0,6,0,0,0,0,3,0,4,4,7,34,27,77,0,159
POA3363,21,32,10,16,3,96,21,16,50,54,55,3,197,0,0,8,11,10,0,30,4,4,0,11,40,0,57,0,0,5,3,21,0,33,62,54,189,182,456,24,970
POA3364,8,31,10,8,4,70,8,14,47,19,23,6,117,0,4,5,8,3,0,19,0,0,5,10,19,0,25,0,0,11,0,8,3,29,53,43,197,113,311,46,761
POA3370,16,17,9,12,0,70,12,0,35,20,31,0,102,0,0,4,0,5,3,15,0,0,0,0,10,0,20,0,0,4,8,12,8,21,48,23,107,84,206,26,495
POA3371,0,4,6,4,0,17,3,0,16,12,16,0,45,0,0,0,0,5,0,3,0,0,0,0,9,0,14,0,0,0,0,4,0,9,14,9,44,41,119,6,229
POA3373,6,21,4,6,0,50,5,12,30,26,33,0,113,0,0,0,0,3,0,3,0,0,3,4,16,0,26,0,0,4,6,13,9,23,35,31,114,140,302,19,633
POA3374,0,0,0,4,0,7,3,0,13,3,14,6,37,0,0,0,0,0,0,3,0,0,0,0,0,0,7,0,0,0,0,0,0,0,10,7,22,19,73,15,151
POA3375,0,5,0,0,0,5,0,0,0,0,0,0,7,0,0,0,0,0,0,0,0,0,0,0,0,0,0,0,0,0,0,0,0,0,3,7,12,16,26,3,74
POA3377,24,111,25,29,4,216,34,41,132,158,200,16,578,0,3,10,9,14,0,32,0,0,10,14,70,0,88,0,3,0,8,34,18,67,127,100,495,445,1149,112,2419
POA3378,0,3,0,0,0,8,0,0,3,3,0,0,6,0,0,0,0,0,0,0,0,0,0,0,0,0,0,0,0,0,0,0,0,0,0,0,12,18,27,0,60
POA3379,3,5,0,0,0,14,0,3,5,0,5,0,23,0,0,0,4,0,0,7,0,0,0,0,0,0,0,0,0,0,0,0,0,7,8,12,69,41,72,10,207
POA3380,12,59,15,24,5,128,24,18,93,85,162,13,395,0,3,8,12,12,0,29,0,0,3,9,24,0,34,7,0,4,3,10,10,34,72,53,309,267,760,80,1543
POA3381,6,19,5,5,0,43,4,12,31,10,21,0,76,0,0,20,5,12,0,35,0,0,0,5,4,0,11,0,0,0,4,0,0,7,33,32,133,80,182,15,472
POA3384,0,7,0,5,0,15,0,3,10,9,17,0,33,0,0,0,0,0,0,0,0,0,0,0,4,0,4,0,0,0,0,0,0,0,6,11,29,26,88,8,171
POA3385,0,3,6,4,0,12,0,0,4,11,10,0,21,0,0,3,0,0,0,3,0,0,0,3,4,0,5,0,0,0,0,5,0,4,3,3,28,41,78,0,168
POA3387,0,0,0,0,0,5,0,0,3,6,10,0,12,0,0,0,0,0,0,0,0,0,0,0,0,0,0,0,0,0,0,0,0,0,0,5,9,25,47,3,84
POA3388,3,4,6,3,0,14,0,0,7,4,10,0,30,0,0,0,0,0,0,0,0,0,0,0,8,0,4,0,0,0,0,6,0,7,6,5,32,39,68,10,160
POA3390,6,17,3,7,0,38,0,7,18,14,16,4,50,0,0,0,0,0,0,0,0,0,0,3,9,0,7,0,0,0,0,0,3,8,12,14,50,45,105,8,233
POA3391,0,0,0,0,0,0,0,0,0,4,8,0,8,0,0,0,0,0,0,0,0,0,0,0,0,0,0,0,0,0,0,4,0,4,0,4,5,9,26,0,33
POA3392,0,3,0,5,0,7,0,3,11,8,10,0,33,0,0,0,0,0,0,3,0,0,0,0,0,0,0,0,0,0,0,0,0,0,0,13,28,33,62,5,135
POA3393,13,24,13,17,0,74,7,16,40,39,75,10,181,0,0,0,0,5,0,4,0,0,9,0,20,0,30,0,0,0,0,11,5,19,25,30,119,106,359,31,676
POA3395,0,0,0,0,0,3,0,0,4,3,3,0,14,0,0,0,0,0,0,0,0,0,0,0,0,0,0,0,0,0,0,0,0,0,0,0,14,19,55,3,79
POA3396,3,14,0,0,0,24,4,0,9,9,17,3,40,0,0,0,0,0,0,0,0,0,0,0,4,0,9,0,0,0,0,5,0,5,8,3,30,26,82,7,165
POA3400,67,240,58,82,11,507,105,62,336,260,356,23,1139,0,0,11,10,22,0,40,9,4,22,31,148,3,215,0,0,17,15,56,24,113,292,191,1004,783,2096,141,4504
POA3401,23,62,15,31,4,152,13,32,77,90,79,6,292,0,3,3,0,9,0,16,0,4,0,9,55,5,76,0,0,0,13,21,3,46,62,83,277,323,785,65,1594
POA3407,3,3,0,0,0,13,0,0,5,0,6,0,14,0,0,0,0,0,0,0,0,0,0,0,0,0,0,0,0,0,0,0,0,0,0,5,20,32,61,6,129
POA3409,3,15,3,5,0,34,5,6,15,7,22,0,55,0,0,4,0,0,0,12,0,0,4,0,12,0,16,0,0,4,0,4,0,8,23,27,76,47,133,10,320
POA3412,4,3,0,0,0,14,0,0,6,0,4,0,10,0,0,0,0,0,0,0,0,0,0,0,0,0,0,0,0,0,0,0,0,0,0,11,19,9,26,3,67
POA3413,0,3,0,0,0,0,0,0,0,0,0,0,3,0,0,0,0,0,0,0,0,0,0,0,0,0,0,0,0,0,0,0,0,0,0,6,10,22,22,0,58
POA3414,10,23,7,11,0,54,5,0,18,29,21,6,72,0,0,0,3,3,0,4,0,0,0,0,4,0,12,0,0,0,0,5,0,9,21,16,63,85,196,13,395
POA3415,0,0,0,0,0,0,0,0,0,0,0,0,0,0,0,0,0,0,0,0,0,0,0,0,0,0,0,0,0,0,0,0,0,0,0,0,3,3,9,4,22
POA3418,12,36,12,17,0,89,21,9,67,42,72,8,215,0,0,0,0,0,0,4,0,0,5,3,20,0,24,0,0,5,0,11,5,26,34,29,165,123,417,32,798
POA3419,3,24,0,8,0,40,0,0,8,9,18,5,44,0,0,0,0,0,0,0,0,0,0,0,6,0,14,0,0,0,0,3,0,3,3,11,55,38,126,16,248
POA3420,0,6,0,0,0,7,0,0,5,4,3,0,6,0,0,0,0,0,0,0,0,0,0,0,3,0,3,0,0,0,3,0,0,8,0,0,14,16,53,4,91
POA3423,0,4,0,0,0,5,0,0,6,7,12,0,31,0,0,0,0,0,0,0,0,0,0,0,0,0,0,0,0,0,0,4,0,4,6,0,14,22,47,5,88
POA3424,6,11,0,0,0,20,0,4,11,9,12,0,33,0,0,0,0,0,0,0,0,0,0,0,0,0,5,0,0,0,0,3,0,8,3,9,39,26,85,10,171
POA3427,28,105,25,31,0,224,28,33,94,57,80,12,303,3,0,7,10,10,0,33,0,0,9,15,68,0,99,4,0,12,4,21,12,63,173,98,588,402,796,75,2141
POA3428,0,7,7,4,0,17,4,0,8,4,3,0,24,0,0,3,0,0,0,3,0,0,0,0,5,0,10,0,0,0,0,3,0,5,13,8,40,39,90,4,196
POA3429,216,670,236,290,26,1689,188,186,672,406,523,55,2037,10,9,63,39,61,6,190,16,6,60,100,341,16,542,18,8,67,60,245,59,449,893,664,3265,2621,5732,369,13542
POA3430,0,0,0,0,0,6,0,0,7,0,0,0,8,0,0,0,0,0,0,3,0,0,0,0,3,0,3,0,0,0,0,0,0,5,0,0,21,13,39,4,83
POA3431,25,70,27,43,5,202,19,25,73,40,57,9,227,0,0,4,13,12,0,35,3,0,4,10,52,0,67,4,0,8,9,27,13,52,121,95,408,295,680,54,1651
POA3432,3,0,3,0,0,3,0,0,4,3,0,0,9,0,0,0,4,3,0,4,0,0,0,0,0,0,0,0,0,0,0,0,0,6,3,0,23,16,11,7,62
POA3433,0,0,0,0,0,9,5,0,3,4,0,0,11,0,0,0,0,0,0,0,0,0,0,0,5,0,7,0,0,0,0,7,0,7,8,5,15,9,30,3,79
POA3434,46,94,29,39,0,245,17,35,77,60,74,10,268,0,0,11,3,12,0,29,5,0,15,15,84,0,118,3,0,14,9,50,14,91,115,114,482,383,1011,47,2153
POA3435,21,56,16,18,0,134,14,14,50,36,28,5,146,0,6,4,6,7,0,25,0,6,6,9,43,5,69,0,0,4,0,11,3,29,71,59,273,193,452,39,1093
POA3437,96,238,68,71,6,588,78,75,224,96,94,14,587,3,8,23,8,10,0,56,6,8,23,32,102,0,165,10,4,27,24,52,23,137,361,298,1238,761,1471,100,4234
POA3438,15,56,17,12,0,116,20,15,55,25,17,4,139,0,0,7,0,0,0,15,0,0,3,10,15,0,30,0,0,5,0,13,0,20,78,64,280,166,276,22,888
POA3440,17,47,16,11,0,120,18,13,45,10,11,4,98,3,5,12,0,0,0,23,0,0,12,4,6,0,23,3,0,9,0,13,0,24,122,63,271,98,186,22,769
POA3441,9,31,5,0,0,60,9,3,30,14,5,7,75,0,4,3,0,0,0,12,0,0,5,5,9,0,20,4,3,9,4,4,4,22,96,36,214,77,106,26,552
POA3442,56,146,26,46,4,399,97,63,168,70,70,15,477,11,4,19,8,17,0,68,3,0,22,14,31,0,72,13,5,30,12,37,8,100,489,251,1064,467,741,80,3094
POA3444,75,137,36,51,7,389,61,51,174,59,100,10,468,8,5,30,10,21,0,74,3,3,26,18,76,0,132,3,3,26,10,35,10,93,370,248,1022,552,1047,116,3353
POA3446,10,21,0,10,3,61,11,6,24,5,13,0,62,3,0,4,0,0,0,18,0,0,0,0,8,0,11,0,0,4,0,3,0,9,61,29,123,47,141,15,410
POA3447,3,10,0,0,0,19,3,4,11,9,18,5,41,0,0,0,0,0,0,3,0,0,0,0,7,0,7,0,0,0,0,0,0,5,18,13,50,34,68,8,188
POA3448,7,12,5,9,0,44,9,10,15,17,8,0,56,3,0,0,3,3,0,12,0,0,4,0,5,0,17,0,0,4,0,0,0,9,31,28,82,64,110,12,339
POA3450,61,108,19,23,0,325,96,53,149,72,60,7,442,17,15,39,14,9,0,92,8,4,20,9,27,0,65,13,5,24,10,17,10,77,393,214,716,329,446,57,2153
POA3451,42,99,17,24,0,277,66,57,128,69,86,13,414,9,5,22,7,8,0,56,4,4,16,12,51,0,95,9,4,20,7,13,9,54,275,161,546,319,647,46,1991
POA3453,15,29,5,5,0,73,17,20,46,31,31,0,144,3,0,0,4,0,0,15,0,0,4,6,15,0,19,0,0,3,0,7,4,12,65,50,181,106,214,20,631
POA3458,11,37,6,12,0,99,19,15,59,25,20,0,133,3,0,15,3,4,0,26,4,0,0,3,10,0,21,5,0,8,0,10,3,20,109,56,255,128,234,23,806
POA3460,16,20,11,4,0,78,21,15,52,32,28,4,156,0,0,4,4,9,0,21,3,0,8,8,15,0,28,0,0,16,6,15,5,38,114,58,283,162,225,27,872
POA3461,34,55,9,11,0,151,44,14,82,59,44,15,257,3,4,19,9,10,0,45,3,0,5,14,27,0,53,5,4,12,9,18,6,47,203,115,446,271,444,48,1532
POA3462,9,23,3,0,0,50,8,7,18,18,6,0,58,0,3,6,3,0,0,10,0,0,5,3,7,0,13,0,3,6,0,7,0,12,42,31,100,58,125,11,356
POA3463,18,27,12,12,0,75,20,6,48,27,34,5,136,3,4,7,0,0,0,14,0,0,4,4,13,0,26,3,0,10,3,17,3,34,83,46,189,116,306,36,773
POA3464,3,13,3,8,0,30,3,3,17,22,20,3,71,0,0,0,0,5,0,3,0,0,0,0,13,0,17,0,0,0,0,6,0,10,8,11,51,61,161,11,309
POA3465,22,97,25,44,3,213,29,26,128,104,195,19,498,0,0,12,4,6,0,20,6,3,7,10,73,4,96,0,0,3,6,44,16,68,66,85,393,305,1158,104,2111
POA3467,4,12,0,4,0,20,0,5,12,18,21,0,63,0,0,4,0,0,0,7,0,0,0,0,8,0,15,0,0,0,4,3,5,12,14,13,56,47,151,13,294
POA3468,0,4,0,0,0,3,0,0,5,4,4,0,12,0,0,0,0,0,0,4,0,0,0,0,3,0,3,0,0,0,3,4,0,9,5,3,15,12,33,0,71
POA3469,0,3,0,0,0,6,4,3,8,0,8,0,19,0,0,0,0,0,0,0,0,0,0,0,0,0,0,0,0,0,0,0,0,0,8,9,13,12,24,0,64
POA3472,4,11,4,0,0,17,5,0,8,16,13,0,43,0,0,3,0,0,0,6,0,0,0,0,11,0,12,0,0,0,3,10,7,18,7,8,39,54,145,11,259
POA3475,0,0,0,0,0,6,0,0,0,5,0,0,7,0,0,0,0,0,0,0,0,0,0,0,0,0,4,0,0,0,0,0,0,6,0,0,6,16,40,3,69
POA3477,0,10,8,0,0,19,0,3,3,5,9,3,27,0,0,0,0,0,0,0,0,0,0,0,4,0,4,0,0,0,0,5,0,3,5,10,47,40,116,12,239
POA3478,4,21,7,8,0,50,8,10,38,34,58,5,147,0,0,0,0,4,0,5,0,0,4,0,17,0,27,0,0,3,0,15,0,17,23,24,105,94,307,40,596
POA3480,9,24,3,13,0,46,6,0,26,21,22,8,88,0,0,5,3,0,0,10,0,0,0,3,6,0,18,0,0,4,6,3,3,9,14,17,95,73,235,38,470
POA3482,0,0,0,0,0,0,0,0,0,0,0,0,7,0,0,0,0,0,0,0,0,0,0,0,0,0,0,0,0,0,0,0,0,0,0,0,0,12,13,5,29
POA3483,11,17,3,5,3,39,6,3,19,10,8,4,48,0,0,0,0,0,0,0,0,0,0,0,9,0,13,0,0,0,0,0,0,0,13,9,85,45,119,8,283
POA3485,0,3,0,0,0,8,0,0,0,0,0,3,6,0,0,0,0,0,0,0,0,0,0,0,0,0,0,0,0,0,0,5,0,0,3,0,10,12,31,3,62
POA3487,0,0,0,0,0,4,0,0,0,0,0,0,0,0,0,0,0,0,0,0,0,0,0,0,0,0,0,0,0,0,0,0,0,0,0,0,0,4,11,0,22
POA3488,0,0,0,0,0,7,0,0,0,0,0,0,0,0,0,0,0,0,0,0,0,0,0,0,0,0,0,0,0,0,0,0,0,0,0,0,5,4,11,0,27
POA3489,0,3,0,0,0,4,0,0,0,0,0,0,0,0,0,0,0,0,0,0,0,0,0,0,0,0,0,0,0,0,0,0,0,0,0,0,0,0,9,0,15
POA3490,0,28,6,6,0,44,3,0,23,8,28,4,66,0,0,0,0,0,0,0,0,0,3,3,6,0,13,0,0,0,0,10,4,14,13,12,66,48,172,12,319
POA3491,0,0,0,0,0,7,0,0,0,0,0,0,3,0,0,0,0,0,0,0,0,0,0,0,0,0,0,0,0,0,0,0,0,0,0,0,6,3,24,0,37
POA3494,0,0,0,5,0,3,0,0,4,3,6,0,15,0,0,0,0,0,0,0,0,0,0,0,0,0,0,0,0,0,0,0,5,7,3,0,19,23,81,9,142
POA3496,30,66,27,33,3,177,16,16,62,61,85,0,247,0,0,3,3,7,0,12,0,0,9,8,72,3,89,0,0,9,10,32,23,71,53,66,270,273,931,89,1675
POA3498,24,118,32,49,4,244,24,30,106,62,77,6,296,0,4,7,0,7,0,14,0,0,0,10,76,0,92,0,0,8,12,49,19,88,50,78,413,275,908,68,1783
POA3500,159,487,147,204,16,1118,222,146,683,428,604,60,2138,4,6,24,21,40,0,94,6,3,26,70,247,10,361,8,5,43,43,140,71,312,558,439,2209,1651,4031,393,9286
POA3501,11,43,18,23,0,106,10,9,35,18,25,0,100,0,0,0,4,3,0,15,0,0,4,4,23,0,31,0,0,3,0,15,4,29,35,35,172,124,332,37,723
POA3505,23,57,28,32,0,154,10,16,54,50,96,10,230,0,0,0,0,7,0,10,0,0,9,10,54,9,74,0,0,6,3,23,13,44,31,50,211,219,727,91,1317
POA3506,0,0,0,0,0,0,0,0,0,0,0,0,0,0,0,0,0,0,0,0,0,0,0,0,0,0,0,0,0,0,0,0,0,0,0,0,6,0,3,0,7
POA3507,0,0,0,3,0,6,0,0,8,0,4,0,9,0,0,0,0,0,0,0,0,0,0,0,0,0,0,0,0,0,0,0,0,0,0,0,12,4,13,3,32
POA3509,0,6,0,3,0,11,0,0,7,0,7,0,8,0,0,0,0,0,0,0,0,0,0,0,6,0,6,0,0,0,0,0,0,0,3,0,13,4,28,4,53
POA3512,0,10,0,0,0,16,0,0,5,3,0,0,12,0,0,0,0,0,0,0,0,0,0,0,0,0,0,0,0,0,0,4,0,3,9,0,18,14,45,5,94
POA3515,17,38,9,16,0,89,10,16,48,43,55,9,175,0,0,0,6,5,0,9,0,0,4,5,32,0,45,0,0,0,6,11,7,23,24,40,172,160,434,25,857
POA3516,0,10,5,6,0,17,5,4,10,9,12,0,34,0,0,0,0,0,0,0,0,0,0,3,5,0,12,0,0,0,3,4,3,7,6,13,38,42,108,9,216
POA3517,3,15,7,8,0,33,0,0,18,15,19,0,48,0,0,0,0,0,0,5,0,0,0,3,14,0,14,0,0,0,8,8,9,26,9,10,56,60,181,12,325
POA3518,4,7,0,3,0,19,0,0,6,11,11,3,36,0,0,0,0,0,0,0,0,0,0,0,0,5,6,0,0,0,0,0,0,3,4,12,50,45,136,20,262
POA3520,0,0,0,0,0,0,0,0,0,0,0,0,0,0,0,0,0,0,0,0,0,0,0,0,0,0,0,0,0,0,0,0,0,0,0,0,0,0,6,0,11
POA3521,0,6,7,8,0,19,0,5,3,4,7,0,23,0,0,0,0,5,0,6,0,0,0,0,4,0,3,0,0,0,0,3,3,11,8,7,33,37,147,13,246
POA3522,0,3,0,0,0,11,3,0,0,0,3,0,10,0,0,0,0,0,0,0,0,0,0,0,3,0,7,0,0,0,0,3,0,8,4,0,23,17,40,10,96
POA3523,15,20,8,9,0,63,6,10,34,42,59,7,159,3,0,8,3,12,0,15,4,0,0,9,35,0,42,0,0,4,7,13,14,35,58,43,152,169,443,47,911
POA3525,4,29,3,8,0,56,0,0,19,11,13,0,43,0,0,0,5,0,0,9,0,0,0,0,7,0,9,0,0,0,0,5,4,11,12,9,77,57,159,23,335
POA3527,6,11,0,5,0,22,0,4,0,6,9,3,29,0,0,0,0,0,0,6,0,0,0,0,5,0,5,0,0,0,0,0,0,5,10,13,32,24,88,10,178
POA3529,0,0,0,0,0,3,0,0,4,0,0,0,6,0,0,0,0,0,0,0,0,0,0,4,0,0,5,0,0,0,0,0,0,0,0,0,9,8,16,0,34
POA3530,0,0,0,0,0,0,0,0,0,0,0,0,3,0,0,0,0,0,0,0,0,0,0,0,0,0,0,0,0,0,0,0,0,0,0,0,12,5,21,3,39
POA3531,0,6,0,0,0,11,0,0,0,5,0,0,9,0,0,0,0,0,0,0,0,0,0,0,0,0,0,0,0,0,0,0,0,0,0,5,11,9,26,0,53
POA3533,5,13,0,0,0,25,0,0,13,3,3,0,25,0,0,0,0,0,0,0,0,0,0,0,5,0,8,0,0,0,0,0,0,4,5,7,41,21,101,3,168
POA3537,4,10,6,3,0,33,4,0,25,4,20,0,61,0,0,0,0,0,0,0,0,0,0,0,8,0,7,0,0,0,0,5,5,6,12,10,76,34,122,12,269
POA3540,0,3,0,0,0,3,0,0,0,4,4,0,3,0,0,0,0,0,0,0,0,0,0,0,0,0,0,0,0,0,0,0,0,0,0,0,13,9,17,0,37
POA3542,0,0,0,0,0,0,0,0,0,0,4,0,0,0,0,0,0,0,0,0,0,0,0,0,4,0,4,0,0,0,0,0,0,0,0,0,0,0,21,4,21
POA3544,0,6,0,0,0,4,0,0,6,0,3,0,5,0,0,0,0,0,0,0,0,0,0,0,0,0,0,0,0,0,0,0,0,0,0,0,15,15,24,0,56
POA3546,5,5,3,3,0,14,0,0,5,4,5,0,22,0,0,0,0,0,0,0,0,0,0,0,0,0,0,0,0,0,0,4,0,4,0,8,25,18,45,13,105
POA3549,9,25,8,15,0,58,4,0,20,5,21,0,61,0,4,0,0,3,0,7,0,0,4,4,23,4,28,0,0,7,8,17,25,58,26,21,153,111,283,106,702
POA3550,261,743,160,203,24,1695,575,336,1366,587,699,80,3641,14,7,59,30,47,8,164,32,19,76,94,293,10,531,24,17,67,47,140,57,351,1378,915,4228,2101,4593,357,13563
POA3551,235,679,176,209,19,1480,290,287,1002,481,622,77,2757,11,7,54,24,55,3,155,12,10,66,77,361,7,533,8,7,46,34,181,35,316,762,806,3346,1938,5145,331,12333
POA3555,96,260,66,113,8,609,147,106,409,281,432,32,1409,3,6,16,12,31,4,74,13,0,28,58,162,3,273,3,6,19,18,104,30,182,377,291,1364,999,2683,195,5899
POA3556,48,147,53,81,13,376,77,68,231,208,343,32,958,0,3,8,18,29,6,58,4,5,9,21,133,3,173,0,3,15,21,89,28,155,170,165,691,604,2004,159,3803
POA3557,7,17,0,12,0,33,0,3,13,12,24,0,46,0,0,0,0,0,0,0,0,0,0,3,9,0,18,0,0,0,0,8,0,8,8,13,60,47,154,7,283
POA3558,4,9,0,4,0,21,6,9,7,10,11,0,34,0,0,0,0,0,0,0,0,0,4,0,9,0,12,0,0,0,0,6,3,8,12,13,30,21,122,10,210
POA3559,3,9,4,0,0,17,3,0,9,3,9,3,26,0,0,3,0,0,0,0,0,0,0,0,3,0,3,0,0,0,0,3,0,5,3,9,32,23,62,15,144
POA3561,16,52,8,17,3,111,5,20,58,43,94,9,225,0,0,0,3,5,0,7,6,0,0,7,43,3,61,0,0,0,3,23,10,42,39,41,207,170,620,67,1134
POA3562,0,4,0,0,0,4,0,0,0,0,9,0,10,0,0,0,0,0,0,0,0,0,0,0,3,0,5,0,0,0,0,5,0,4,0,4,16,10,54,7,90
POA3563,0,8,0,3,0,20,0,0,6,6,16,3,32,0,0,0,0,0,0,0,0,0,0,0,4,0,8,0,0,0,0,3,0,5,5,5,35,32,119,13,199
POA3564,60,239,55,86,7,507,93,93,342,207,350,46,1139,6,0,20,20,40,0,88,6,3,23,32,176,8,242,4,5,13,13,85,25,144,236,217,1133,798,2483,177,5047
POA3565,0,0,0,0,0,4,0,0,0,3,0,0,7,0,0,0,0,0,0,0,0,0,0,0,6,0,4,0,0,0,0,0,0,0,6,0,8,13,14,3,43
POA3566,0,12,0,6,0,16,0,0,9,5,4,0,17,0,0,0,0,0,0,0,0,0,0,0,3,0,8,0,0,0,0,0,3,4,0,3,28,33,64,13,138
POA3567,3,5,0,0,0,10,0,0,3,0,9,0,15,0,0,0,0,0,0,0,0,0,0,0,3,0,3,0,0,0,0,0,0,0,4,8,36,20,71,11,145
POA3568,13,41,11,4,0,66,11,8,23,35,28,4,117,0,0,0,0,3,0,6,0,0,0,4,24,0,27,0,0,3,4,23,6,35,27,27,136,117,377,44,730
POA3570,5,8,0,3,0,18,3,3,11,7,14,0,36,0,0,0,0,0,0,0,0,0,0,0,6,0,15,0,0,0,0,12,3,13,10,6,30,32,115,19,215
POA3571,0,6,3,6,0,13,0,0,3,4,0,0,12,0,0,0,0,0,0,0,0,0,0,0,0,0,0,0,0,0,0,4,0,5,0,0,17,22,48,10,93
POA3572,0,7,0,0,0,8,0,0,0,0,0,0,5,0,0,0,0,0,0,0,0,0,0,0,0,0,0,0,0,0,0,0,0,0,0,0,8,10,22,3,47
POA3573,0,0,0,6,0,4,0,0,0,0,0,0,9,0,0,0,0,0,0,0,0,0,0,0,0,0,5,0,0,0,0,0,4,4,3,3,23,21,46,7,100
POA3575,6,13,0,0,0,28,3,0,7,7,13,3,36,0,0,0,0,0,0,0,0,0,0,3,5,0,8,0,0,0,0,0,3,5,3,9,68,39,104,15,243
POA3576,0,0,0,0,0,0,0,0,0,0,0,0,0,0,0,0,0,0,0,0,0,0,0,0,0,0,0,0,0,0,0,0,0,0,0,0,6,8,11,0,17
POA3579,12,60,19,23,0,127,16,15,51,44,82,10,227,0,0,0,0,7,0,5,0,0,0,4,52,0,62,0,0,4,8,21,0,41,46,39,226,224,750,60,1346
POA3580,0,8,0,3,0,13,3,0,10,9,16,4,40,0,0,0,0,0,0,0,0,0,0,3,5,0,7,0,0,0,0,13,5,15,3,7,35,36,141,14,232
POA3581,0,4,0,0,0,4,0,0,0,0,0,0,0,0,0,0,0,0,0,0,0,0,0,0,0,0,0,0,0,0,0,0,0,0,3,0,7,4,18,6,42
POA3583,0,0,0,4,0,7,0,0,0,3,0,0,5,0,0,0,0,0,0,0,0,0,0,0,0,0,4,0,0,0,0,4,0,4,0,0,9,12,29,0,47
POA3584,0,19,0,7,0,33,6,4,12,8,18,0,52,0,0,0,0,0,0,5,0,3,0,4,18,0,25,0,0,0,0,5,4,9,8,9,59,48,194,17,340
POA3585,54,198,45,96,5,426,66,55,213,147,194,20,689,0,0,0,10,23,0,36,3,9,6,14,130,6,166,0,0,11,10,65,21,113,146,151,736,574,1567,115,3281
POA3586,3,4,3,7,0,26,4,4,11,7,23,4,48,0,0,0,0,4,0,3,0,0,0,0,12,0,11,0,0,0,0,11,0,19,9,6,36,35,155,15,256
POA3588,0,5,0,6,0,9,0,0,0,5,4,0,15,0,0,0,0,0,0,0,0,0,0,0,5,0,8,0,0,0,0,0,0,4,0,0,15,13,49,11,90
POA3589,0,3,0,3,0,10,0,4,4,3,5,0,13,0,0,0,0,0,0,0,0,0,0,0,4,0,4,0,0,0,0,0,0,4,0,6,14,12,48,7,86
POA3590,0,4,3,5,0,13,0,6,0,4,3,0,10,0,0,0,0,0,0,0,0,0,0,0,5,0,5,0,0,0,0,0,0,3,0,7,23,16,50,9,97
POA3591,4,0,4,3,0,6,0,0,0,8,0,0,4,0,0,0,0,0,0,0,0,0,0,0,0,0,0,0,0,0,0,0,0,0,3,3,5,10,29,3,50
POA3594,4,8,0,5,0,11,0,4,0,10,7,6,19,0,0,0,0,0,0,0,0,0,0,0,8,0,10,0,0,0,0,0,0,9,3,7,18,27,69,9,141
POA3595,0,0,0,3,0,7,0,0,4,10,9,0,23,0,0,0,0,0,0,0,0,0,0,0,8,0,8,0,0,0,0,4,0,5,0,3,14,12,78,3,119
POA3596,0,0,0,0,0,0,0,0,0,0,0,0,0,0,0,0,0,0,0,0,0,0,0,0,0,0,0,0,0,0,0,0,0,0,0,0,7,5,12,3,23
POA3597,0,6,0,0,0,15,0,0,0,5,0,0,3,0,0,0,0,0,0,0,0,0,0,0,0,0,8,0,0,0,0,3,6,10,3,3,22,33,54,19,139
POA3599,0,0,0,0,0,0,0,0,0,0,0,0,0,0,0,0,0,0,0,0,0,0,0,0,0,0,0,0,0,0,0,0,0,5,0,0,8,9,22,5,35
POA3607,0,0,0,0,0,4,0,0,0,0,0,0,3,0,0,0,0,0,0,0,0,0,0,0,4,0,4,0,0,0,0,0,0,0,0,0,7,10,29,6,49
POA3608,9,34,11,8,3,79,5,11,30,23,30,10,110,0,0,5,0,0,0,20,0,0,0,3,17,0,24,0,0,3,11,14,0,27,24,33,168,129,348,35,741
POA3610,6,18,5,3,3,40,0,4,16,27,20,0,66,0,0,0,0,4,0,5,0,0,0,0,13,0,18,0,0,4,5,19,0,25,16,12,77,76,196,15,383
POA3612,9,9,6,4,0,34,0,3,21,24,25,10,91,0,0,4,0,0,0,11,0,0,0,5,8,0,13,0,0,0,0,6,9,23,19,16,62,71,199,37,404
POA3614,4,16,3,0,0,30,3,3,18,13,19,6,67,0,0,0,0,0,0,4,3,0,4,0,20,0,26,0,0,6,0,4,3,14,22,14,72,56,159,12,340
POA3616,35,76,13,21,0,168,26,17,83,96,77,8,301,0,0,4,8,13,0,19,0,4,5,12,48,0,76,3,0,3,8,22,11,46,94,81,357,325,723,60,1640
POA3617,0,0,0,0,0,3,0,0,0,0,4,0,0,0,0,0,0,0,0,0,0,0,0,0,0,0,4,0,0,0,0,0,0,0,0,0,14,8,14,0,37
POA3618,3,0,3,0,4,13,0,0,9,13,13,0,32,0,0,0,0,0,0,0,0,0,0,0,9,0,9,0,0,0,0,4,0,9,7,3,19,44,96,17,176
POA3620,37,94,33,35,0,230,22,28,118,117,174,17,465,0,0,4,4,10,5,24,4,3,8,18,100,6,136,3,0,8,4,41,25,85,82,92,444,409,1132,109,2267
POA3621,0,27,6,12,0,54,5,3,30,26,56,8,126,0,0,0,0,7,0,8,0,0,0,4,24,0,34,0,0,0,5,23,6,34,11,16,121,110,383,44,688
POA3622,0,8,0,0,0,11,0,4,10,7,4,0,26,0,0,0,0,0,0,0,0,0,0,0,6,0,3,0,0,0,0,0,0,0,4,5,38,29,74,6,162
POA3623,3,8,5,0,0,13,0,3,10,11,17,0,37,0,0,0,0,0,0,0,0,0,0,0,8,0,8,0,0,0,0,5,0,6,9,7,43,43,117,9,223
POA3624,0,0,3,0,0,7,0,0,0,9,10,0,21,0,0,0,0,0,0,0,0,0,0,0,3,0,3,0,0,0,0,0,0,0,4,4,18,23,80,9,125
POA3629,40,84,43,54,6,233,35,32,121,139,184,16,528,0,0,7,3,11,0,17,0,5,7,16,69,4,93,0,0,16,16,44,15,98,98,99,407,464,1173,91,2333
POA3630,161,385,131,190,15,1019,281,151,687,433,570,67,2194,4,0,13,8,25,0,57,14,8,38,75,252,9,396,17,0,38,51,139,65,303,678,445,2006,1489,3407,353,8381
POA3631,104,244,67,95,8,587,128,81,363,205,211,30,1018,0,0,11,8,18,0,35,3,8,17,22,172,4,221,4,0,22,15,75,28,144,326,257,1192,813,1949,154,4690
POA3633,0,12,7,6,0,32,8,4,6,14,16,0,43,0,0,0,0,0,0,0,0,0,3,7,0,0,9,0,0,0,0,8,0,11,13,5,40,45,97,5,210
POA3634,10,31,15,15,0,73,7,15,32,32,40,3,126,0,0,0,0,0,0,4,0,0,0,4,20,0,25,0,0,0,4,16,0,27,25,29,114,106,278,22,581
POA3635,0,3,3,0,0,11,0,4,5,3,7,0,35,0,0,0,0,0,0,0,0,0,0,4,9,0,9,0,0,0,0,7,0,3,3,11,21,26,88,4,157
POA3636,18,63,19,31,3,150,20,18,84,70,105,9,302,0,0,3,0,6,0,14,3,0,0,5,57,4,73,0,0,4,10,29,8,55,50,52,256,242,724,78,1404
POA3637,7,0,0,3,0,17,0,0,7,13,8,0,30,0,0,0,0,0,0,0,0,0,0,0,8,0,7,0,0,0,0,0,0,5,0,5,23,28,108,10,185
POA3638,11,26,9,14,0,71,4,4,38,28,31,5,118,0,0,0,0,4,0,9,0,0,0,3,17,0,29,0,0,0,0,20,6,31,19,19,110,101,308,32,591
POA3639,0,11,3,5,0,14,0,0,4,3,7,0,18,0,0,0,0,4,0,3,0,0,0,0,3,0,3,0,0,0,0,4,0,4,3,3,24,19,73,4,133
POA3640,3,0,3,5,0,19,0,3,12,18,17,3,53,0,0,0,0,0,0,0,0,0,0,0,6,0,10,0,0,3,0,8,0,14,3,15,76,66,141,16,316
POA3641,0,4,5,12,0,26,0,3,13,14,16,0,49,0,0,3,0,0,0,3,0,0,6,0,9,0,16,0,0,0,0,5,0,6,3,9,45,70,185,23,337
POA3644,32,100,36,37,3,230,16,19,84,101,115,15,351,0,0,0,0,9,0,18,0,0,6,23,61,10,96,0,3,6,5,40,18,79,59,81,415,408,1156,124,2249
POA3646,4,14,0,4,0,23,0,3,16,7,6,0,30,0,0,0,0,0,0,5,0,0,0,0,8,0,8,0,0,0,0,5,0,3,15,10,54,21,86,7,189
POA3647,0,0,0,0,0,8,0,0,0,0,0,0,0,0,0,0,0,0,0,0,0,0,0,0,0,0,0,0,0,0,0,0,0,0,9,0,0,3,3,0,14
POA3649,0,3,0,0,0,10,0,0,5,6,3,0,20,0,0,0,0,0,0,0,0,0,0,0,3,0,0,0,0,0,0,3,0,4,0,0,35,22,69,9,135
POA3658,17,69,32,30,0,169,15,21,66,72,86,10,272,0,0,3,6,4,0,17,3,0,8,11,65,0,88,0,0,13,16,53,12,87,80,72,318,317,972,78,1839
POA3659,3,16,8,4,0,30,0,8,13,10,4,0,41,0,0,0,0,0,0,0,0,0,0,0,9,0,9,0,0,0,0,6,6,10,16,15,60,59,110,15,266
POA3660,21,85,30,35,0,187,25,28,86,80,115,16,342,0,0,5,9,15,0,35,0,6,8,16,62,0,94,0,0,0,6,23,17,47,94,80,399,384,988,78,2020
POA3662,4,7,3,3,0,21,0,3,8,6,9,0,29,0,0,0,0,0,0,0,0,0,0,0,3,0,6,0,0,0,0,4,3,10,18,12,73,72,177,10,360
POA3663,0,0,8,0,0,5,0,0,0,4,3,0,7,0,0,0,0,0,0,0,0,0,0,0,0,0,0,0,0,0,0,3,0,3,3,0,10,16,23,3,54
POA3664,0,16,7,7,0,35,4,0,13,19,9,0,52,0,0,3,4,4,0,11,0,0,3,0,6,0,9,0,4,5,0,3,0,10,27,24,80,81,170,7,386
POA3665,6,8,4,0,0,16,0,0,4,0,0,0,12,0,0,0,0,3,0,7,0,0,0,0,4,0,6,0,0,0,0,0,0,0,8,4,28,26,54,7,125
POA3666,23,63,12,17,0,144,18,15,45,57,66,12,214,0,0,15,12,28,4,60,4,0,7,8,34,0,51,4,0,4,6,13,5,39,92,69,308,260,607,79,1411
POA3669,9,9,9,5,0,32,9,0,22,14,28,3,82,0,0,0,5,0,0,7,0,0,4,0,11,0,17,0,0,0,0,4,3,11,26,18,89,76,172,26,409
POA3670,0,6,6,0,0,16,6,0,9,4,18,0,39,0,0,0,0,0,0,6,0,0,0,0,4,0,6,0,0,0,0,3,0,12,14,8,36,30,92,9,175
POA3672,47,118,55,62,4,322,40,35,156,155,210,25,625,3,5,7,6,25,3,50,0,3,6,13,80,4,110,0,0,4,11,56,24,110,169,121,552,545,1367,148,2902
POA3673,10,27,6,12,0,51,7,0,28,19,25,0,83,5,0,0,5,4,0,12,0,0,3,0,23,0,32,0,0,4,5,8,4,17,21,25,144,108,281,33,618
POA3675,21,30,8,13,0,90,7,14,41,40,42,5,144,0,0,3,0,0,0,5,0,7,0,6,18,0,29,0,0,0,0,15,7,23,30,53,163,127,317,29,723
POA3677,87,259,68,131,10,628,156,140,503,335,419,33,1582,4,3,10,11,32,0,52,13,3,21,43,172,0,250,9,3,12,18,91,38,167,353,309,1281,979,2524,212,5665
POA3678,36,113,39,42,0,273,47,45,139,112,99,13,458,5,0,9,12,13,3,40,0,0,5,20,60,0,85,0,0,17,10,31,14,67,137,141,581,430,1004,88,2392
POA3682,0,8,3,0,0,19,0,3,3,14,15,0,31,0,0,0,0,3,0,3,0,0,0,0,12,0,15,0,0,0,4,3,0,13,5,10,45,40,121,5,230
POA3683,9,14,10,17,0,55,4,12,34,20,39,3,126,0,0,0,5,6,0,9,0,0,3,4,9,0,16,0,0,0,5,17,5,33,27,32,103,93,265,27,548
POA3685,12,39,16,22,0,92,9,10,37,34,45,3,143,3,0,3,0,0,0,6,0,0,4,4,19,0,35,0,0,7,0,14,4,22,52,44,211,171,419,28,929
POA3687,3,11,5,3,0,22,0,3,20,9,17,4,52,0,0,0,0,0,0,0,0,0,0,6,13,0,16,0,0,0,0,3,0,7,3,7,57,49,165,10,290
POA3688,9,15,10,5,0,48,10,4,21,21,27,3,87,0,0,0,0,7,0,8,0,0,0,4,16,0,18,0,0,0,0,11,0,12,23,25,79,82,249,20,483
POA3690,170,427,200,268,12,1228,199,188,720,491,787,47,2437,3,5,18,6,40,0,71,8,7,36,77,328,12,458,11,10,40,40,195,44,345,577,523,2206,1956,5246,301,10814
POA3691,81,228,66,88,4,544,74,90,314,165,214,14,870,4,0,9,10,11,0,29,3,8,14,29,122,4,175,5,4,13,21,68,11,123,262,254,1102,828,2170,138,4763
POA3695,0,8,4,7,0,25,0,4,7,10,7,0,22,0,0,0,0,0,0,0,0,0,0,0,3,0,0,0,0,3,0,3,0,4,5,5,40,38,87,5,182
POA3697,6,3,5,4,0,19,0,5,11,0,4,4,21,0,0,5,0,3,0,11,0,0,0,0,3,0,3,0,0,0,0,0,0,0,14,16,55,29,75,5,188
POA3698,10,25,7,3,0,61,6,3,14,11,12,0,42,4,0,8,3,6,0,29,0,0,5,0,0,0,3,0,0,0,0,4,9,12,41,21,107,60,111,14,353
POA3699,14,22,0,13,0,57,0,9,19,9,17,3,54,0,4,5,8,7,0,30,0,0,0,0,8,0,3,0,0,0,0,5,0,3,27,27,122,57,172,13,424
POA3700,11,14,6,5,0,43,0,8,17,17,34,0,78,0,0,4,0,0,0,5,0,0,0,0,18,0,19,0,0,0,0,7,8,21,6,27,71,57,231,20,415
POA3701,3,5,6,4,0,29,0,4,15,11,18,0,55,0,0,3,0,0,0,6,0,0,0,0,5,0,10,0,0,0,0,4,0,6,14,19,50,53,172,15,324
POA3704,0,0,0,0,0,0,0,0,0,0,0,0,0,0,0,0,0,0,0,0,0,0,0,0,0,0,0,0,0,0,0,0,0,0,0,0,3,3,3,0,10
POA3705,0,3,0,0,0,10,0,0,3,0,11,0,19,0,0,0,0,0,0,0,0,0,0,0,4,0,4,0,0,0,0,0,0,0,0,3,18,16,39,5,79
POA3707,11,22,9,7,0,56,5,8,38,31,36,5,118,0,0,0,4,3,0,5,0,3,0,0,25,0,32,0,0,0,0,4,0,12,23,37,83,85,260,23,515
POA3708,0,0,0,0,0,0,0,0,0,0,0,0,0,0,0,0,0,0,0,0,0,0,0,0,0,0,0,0,0,0,0,0,0,0,0,0,4,4,10,4,22
POA3709,0,4,0,6,0,3,3,0,0,0,3,0,7,0,0,0,0,0,0,0,0,0,0,0,6,0,6,0,0,0,0,4,0,0,5,0,13,16,45,8,83
POA3711,4,8,0,4,4,21,3,0,14,8,8,3,35,0,0,5,0,0,0,4,0,0,0,0,8,0,6,0,0,0,0,0,0,5,8,4,50,29,96,5,191
POA3712,4,9,0,0,0,7,0,0,3,6,4,0,10,0,0,0,0,0,0,0,0,0,0,0,8,0,8,0,0,0,0,5,0,3,0,4,23,11,53,4,97
POA3713,3,12,7,16,4,39,8,7,12,7,16,0,44,0,0,0,0,5,0,7,0,0,3,5,4,0,7,0,0,0,0,5,0,5,10,13,43,44,136,10,252
POA3714,23,56,15,27,4,144,10,11,49,38,60,9,185,0,0,4,10,3,0,24,3,3,7,8,28,0,50,3,0,0,6,24,9,40,60,64,224,183,488,53,1078
POA3715,3,3,0,0,0,8,0,0,0,8,7,0,22,0,0,0,0,0,0,3,0,0,0,0,3,0,5,0,0,0,3,3,0,11,6,3,15,25,60,5,125
POA3717,11,39,18,21,0,108,9,13,46,41,34,7,145,0,0,5,0,4,0,8,5,0,5,9,38,0,53,3,0,10,11,30,9,54,49,43,202,189,483,48,1011
POA3718,0,0,0,3,0,3,0,0,3,0,0,0,3,0,0,0,0,0,0,0,0,0,0,0,0,0,0,0,0,0,0,0,3,7,4,3,8,11,11,5,34
POA3719,0,7,8,0,0,15,0,0,6,0,5,0,19,0,0,0,0,4,0,4,0,0,3,0,0,0,9,0,0,0,0,0,0,3,7,10,31,28,49,0,121
POA3720,7,11,0,0,0,17,0,0,7,4,9,0,17,0,0,6,0,0,0,0,0,0,0,0,9,0,5,0,0,0,5,4,0,7,7,13,49,48,100,3,223
POA3722,38,98,33,35,9,232,24,17,83,64,57,14,266,5,3,6,14,9,0,24,0,5,14,15,60,0,94,5,3,7,5,16,15,45,96,97,448,346,840,69,1891
POA3723,29,62,22,13,4,164,9,16,43,21,19,3,107,0,0,6,0,3,0,14,0,0,4,9,18,0,30,4,0,13,3,15,7,41,102,65,293,180,405,38,1080
POA3725,6,10,4,5,0,15,0,3,4,8,4,0,21,0,0,0,0,0,0,0,0,0,0,0,8,0,12,0,0,0,0,0,0,4,9,11,43,40,89,9,190
POA3726,0,0,0,3,0,10,0,0,3,5,4,0,16,0,0,0,0,0,0,0,0,0,0,0,3,0,3,0,0,3,5,0,0,7,5,6,10,26,56,9,112
POA3727,0,0,4,0,0,5,0,0,9,4,8,0,15,0,0,0,0,0,0,0,0,0,0,0,3,0,3,0,0,0,0,3,0,5,0,0,9,13,50,4,77
POA3728,5,7,0,0,0,12,3,5,10,4,13,0,34,0,0,0,0,0,0,0,0,0,0,0,0,0,0,0,0,0,0,0,4,10,5,5,31,28,92,5,166
POA3730,46,121,31,49,9,281,34,27,145,90,138,9,440,0,0,6,4,11,3,21,0,0,5,23,64,0,99,0,0,3,7,47,5,73,105,107,517,432,1261,102,2517
POA3732,5,9,7,9,0,27,0,0,8,6,5,0,20,0,0,0,0,0,0,0,0,0,0,0,7,0,5,0,0,0,0,8,0,8,4,8,52,43,92,11,202
POA3733,0,0,3,0,0,8,0,0,3,0,3,0,9,0,0,0,0,0,0,0,0,0,0,0,0,0,3,0,0,0,0,3,0,3,5,6,11,24,28,3,80
POA3735,0,14,3,4,0,27,7,9,5,6,7,3,30,0,0,0,0,0,0,0,0,0,0,0,3,0,10,0,0,0,3,10,0,15,6,12,46,47,104,15,236
POA3737,15,50,12,23,0,121,16,21,89,61,76,8,265,0,0,3,0,3,0,10,0,0,3,3,36,0,48,0,0,7,4,31,4,44,64,61,288,229,639,53,1336
POA3738,0,0,0,0,0,9,0,0,3,4,10,0,15,0,0,0,3,0,0,3,0,0,0,0,3,0,3,0,0,0,0,0,3,4,4,0,16,14,31,0,73
POA3739,0,0,0,0,0,0,3,0,0,0,4,0,11,0,0,0,0,0,0,0,0,0,0,0,0,0,0,0,0,0,4,0,0,0,13,0,21,12,22,8,78
POA3740,10,9,5,4,0,35,0,8,18,20,12,5,62,0,0,3,0,7,0,17,0,0,4,0,12,0,18,0,0,0,0,7,3,17,32,27,111,86,186,18,450
POA3741,18,66,15,8,0,131,14,14,50,31,21,0,129,0,0,8,14,11,0,31,0,0,5,5,25,0,37,4,0,6,7,20,5,41,96,70,362,221,433,30,1218
POA3744,7,14,6,8,0,33,5,0,0,6,0,0,12,0,0,0,0,0,0,9,0,0,0,0,3,0,3,0,0,0,4,0,0,5,22,12,53,33,58,3,177
POA3746,6,0,0,5,0,16,4,0,4,7,10,0,23,0,0,0,0,0,0,3,0,0,0,0,5,0,5,0,0,0,0,0,0,0,10,9,25,24,53,6,122
POA3747,52,92,13,18,0,231,48,41,118,84,76,15,387,6,4,11,8,3,0,30,6,0,4,6,27,0,39,0,0,17,9,12,11,48,196,172,512,283,549,59,1774
POA3749,14,49,11,6,0,121,16,20,53,26,16,7,140,0,0,6,0,0,0,7,0,0,5,5,17,0,24,0,0,6,4,9,5,22,91,50,249,115,238,26,766
POA3750,91,236,87,69,11,678,295,93,735,379,284,50,1836,7,5,34,19,19,4,79,28,6,50,59,127,12,280,51,9,98,75,100,51,378,1467,315,2742,1701,1874,298,8397
POA3751,0,0,0,0,0,3,0,0,0,0,3,0,5,0,0,0,0,0,0,0,0,0,0,0,4,0,4,0,0,0,0,0,0,5,0,5,7,5,12,0,39
POA3752,113,334,121,126,13,870,216,119,588,329,360,44,1663,15,0,22,30,37,9,113,5,5,37,64,199,8,320,37,6,82,52,123,38,338,1010,383,2595,1619,2816,271,8685
POA3753,16,58,27,31,3,151,40,22,98,53,45,7,265,0,0,3,4,7,0,17,0,4,7,8,46,0,62,7,3,11,12,27,9,68,127,66,361,339,648,55,1601
POA3754,275,844,302,294,24,2102,404,254,1271,697,746,95,3464,17,13,60,62,68,3,235,47,10,98,182,438,11,780,73,13,132,101,237,68,622,2013,825,5185,3545,6224,435,18229
POA3755,0,4,0,0,0,3,0,0,4,6,3,0,16,0,0,0,0,0,0,0,0,0,0,0,0,0,0,0,0,4,0,0,0,0,0,4,18,12,37,0,79
POA3756,47,150,96,120,9,485,70,59,226,185,231,27,796,3,0,19,13,29,0,64,7,0,19,44,156,14,238,14,5,24,27,132,42,244,344,186,994,999,2286,183,4980
POA3757,42,133,61,65,3,344,35,32,144,123,132,23,490,0,8,4,10,17,0,38,3,4,12,31,105,9,156,4,0,12,14,81,23,134,144,125,579,577,1545,112,3086
POA3758,14,22,18,24,0,86,3,9,17,28,41,3,96,0,0,0,0,4,0,7,0,0,0,8,36,0,47,0,0,6,0,15,4,28,38,39,105,133,422,40,769
POA3759,15,21,4,3,0,46,10,11,23,14,15,0,76,0,0,0,0,0,0,8,3,0,4,0,3,0,12,0,0,0,3,6,3,11,30,40,126,70,152,25,440
POA3760,5,10,0,0,0,15,0,3,7,0,3,0,20,0,0,0,0,5,0,0,0,0,0,0,0,0,0,0,0,0,0,0,0,4,10,15,36,28,51,0,146
POA3761,0,22,10,0,3,56,11,8,25,12,14,0,56,0,0,3,0,0,0,12,0,0,10,4,6,0,24,0,0,0,3,4,5,15,47,19,124,74,161,13,434
POA3762,0,4,0,0,0,0,0,0,5,0,5,0,7,0,0,0,0,0,0,0,0,0,0,0,0,0,0,0,0,0,0,0,0,0,3,0,13,4,20,5,40
POA3763,11,20,21,10,0,76,4,4,23,22,27,0,85,0,0,5,3,4,0,11,0,0,0,10,29,3,35,0,0,0,0,8,3,18,35,29,103,116,312,24,614
POA3764,64,132,56,73,6,395,35,36,130,117,133,10,471,5,3,6,13,16,0,35,4,0,10,25,102,0,145,6,0,18,17,66,15,123,192,152,651,617,1500,102,3215
POA3765,33,123,42,29,0,285,36,42,130,87,93,11,395,0,0,11,6,3,0,26,7,0,8,15,73,3,108,5,0,12,14,44,11,89,155,119,630,451,1048,64,2459
POA3766,17,31,10,0,0,85,13,14,26,16,16,0,84,0,0,8,4,4,0,10,3,0,3,0,7,0,16,0,0,3,0,0,0,9,75,41,172,79,138,10,515
POA3767,25,37,10,7,0,106,18,6,22,13,8,0,72,3,0,6,3,4,0,15,3,0,6,0,11,0,20,0,0,0,3,6,0,19,63,44,141,88,148,12,502
POA3770,14,30,16,12,3,97,13,7,49,22,36,9,141,0,0,8,8,9,0,24,5,0,4,3,54,0,65,0,0,5,10,22,9,53,55,48,239,179,596,52,1166
POA3775,17,60,25,18,0,144,20,12,62,50,38,3,191,0,0,6,3,8,0,27,0,0,9,13,60,0,78,0,0,5,11,21,17,56,89,61,329,262,637,62,1436
POA3777,48,156,59,50,13,389,51,41,155,122,159,14,543,8,9,30,10,34,0,96,6,6,10,38,109,3,173,3,0,17,17,70,13,121,229,163,829,655,1547,111,3537
POA3778,0,4,3,0,0,12,3,0,0,6,0,0,7,0,0,0,0,0,0,0,0,0,0,0,0,0,4,0,0,0,0,3,0,3,5,0,19,12,40,0,77
POA3779,4,3,0,0,0,11,0,0,7,0,12,0,16,0,0,4,3,0,0,14,0,0,0,0,0,0,0,0,0,0,0,0,0,0,6,9,42,29,54,0,145
POA3781,33,69,34,36,0,200,18,12,76,61,87,6,268,4,0,3,0,10,0,15,3,0,5,9,59,0,82,0,0,11,11,48,10,82,80,66,296,303,785,56,1590
POA3782,51,166,57,45,6,384,33,39,139,120,116,8,443,7,4,14,10,12,0,41,9,4,20,25,75,0,134,9,0,29,27,58,14,133,224,169,750,527,1201,63,2937
POA3783,12,54,19,6,0,108,10,11,37,27,32,7,129,0,3,0,8,10,0,28,0,0,0,5,26,0,36,4,0,9,9,23,6,44,56,32,204,155,386,27,864
POA3785,0,0,0,0,0,3,0,0,0,0,0,0,4,0,0,0,0,0,0,0,0,0,0,0,0,0,0,0,0,0,5,0,0,3,0,5,13,7,0,0,25
POA3786,10,42,9,3,5,101,24,10,32,14,9,3,93,0,0,3,0,4,0,10,3,0,4,0,9,0,17,5,0,10,6,7,0,30,91,49,205,100,157,11,623
POA3787,13,17,3,0,0,55,12,3,25,10,7,0,55,0,0,3,3,5,0,12,0,0,0,0,8,0,13,0,0,5,3,6,0,12,54,30,125,60,98,14,379
POA3788,14,34,12,9,0,87,13,9,36,15,16,6,102,4,4,7,0,3,0,18,0,4,9,0,13,0,23,0,0,7,8,10,4,33,86,42,219,139,181,21,688
POA3789,5,3,0,0,0,16,3,0,7,3,7,0,13,0,0,0,0,0,0,0,0,0,0,0,0,0,0,0,0,0,0,0,0,7,17,9,35,21,22,7,106
POA3791,14,41,4,5,0,98,11,10,38,24,17,0,96,4,0,4,4,0,0,8,4,0,4,0,7,0,18,3,3,3,3,5,7,28,79,42,184,88,150,14,561
POA3792,12,23,5,4,0,69,13,6,30,12,13,0,75,0,0,3,3,0,0,12,0,0,0,0,5,0,8,0,0,3,5,4,0,19,58,23,125,80,119,9,406
POA3793,14,58,20,23,0,138,21,16,76,46,42,4,207,0,0,3,4,8,0,23,0,0,7,15,39,0,55,0,0,11,8,15,0,38,93,51,306,225,518,34,1231
POA3795,9,21,5,3,0,45,7,3,12,15,10,0,47,0,0,0,0,0,0,11,5,0,0,5,23,3,33,0,0,0,5,6,4,18,32,24,108,84,201,18,462
POA3796,69,187,62,65,0,452,47,45,164,141,155,22,578,0,4,24,19,13,0,62,6,4,25,30,124,4,189,3,4,17,23,78,9,135,194,171,810,702,1677,91,3654
POA3797,22,48,23,24,0,129,8,8,43,29,58,6,150,0,0,11,3,13,0,24,0,0,0,9,41,0,54,0,0,4,4,31,12,53,47,41,169,192,581,44,1072
POA3799,28,57,31,24,6,191,18,21,73,80,108,12,308,7,0,11,12,6,0,37,6,0,10,12,55,0,80,7,0,16,14,51,11,102,104,82,306,296,759,58,1599
POA3802,84,290,110,76,18,754,180,87,432,295,299,42,1338,13,4,24,15,15,5,66,12,3,49,71,163,8,320,46,4,132,61,104,60,401,938,295,2446,1552,2191,283,7692
POA3803,17,96,24,29,3,224,43,19,179,101,150,15,503,4,0,10,8,7,0,26,4,0,23,28,53,3,112,20,4,45,29,53,31,173,279,76,861,569,954,124,2870
POA3804,32,119,36,49,4,284,49,21,152,82,60,14,382,5,0,12,9,3,0,33,6,0,17,29,85,4,144,7,3,49,28,58,13,154,222,110,865,509,1018,89,2823
POA3805,176,633,290,277,26,1679,340,194,996,736,796,95,3165,12,6,48,48,62,4,177,39,18,112,155,506,20,849,87,13,211,168,356,136,976,1726,641,5017,3758,6671,645,18466
POA3806,221,820,277,278,37,2104,482,245,1178,646,642,83,3267,15,14,66,58,69,6,223,36,13,104,144,374,17,686,84,8,206,141,242,77,757,2343,831,5712,3441,5507,531,18370
POA3807,40,160,59,48,6,377,51,38,155,83,93,5,434,0,0,16,9,8,3,34,8,0,20,28,69,0,122,0,0,25,28,45,16,110,238,128,722,571,1123,68,2856
POA3808,18,62,17,20,4,149,16,11,60,26,24,6,144,0,0,8,6,3,0,21,0,0,0,10,40,8,54,0,0,9,12,17,5,42,94,44,305,212,474,48,1169
POA3809,89,353,104,124,7,853,214,100,528,299,281,34,1458,5,3,22,22,15,0,75,16,3,49,69,172,6,321,37,5,74,64,121,39,350,965,314,2286,1632,2477,197,7873
POA3810,237,645,242,295,20,1710,297,197,957,743,957,89,3237,5,7,56,55,116,6,247,40,14,81,171,510,17,828,49,11,125,128,391,114,816,1433,648,4036,3538,7292,605,17552
POA3812,4,46,13,18,0,88,10,3,39,14,31,0,103,0,0,0,3,6,0,20,0,0,0,4,43,6,49,0,0,3,6,26,6,39,37,18,155,132,454,41,835
POA3813,0,17,3,10,0,39,0,3,7,0,6,0,23,0,0,0,3,12,0,17,0,0,0,6,27,0,25,0,0,0,3,4,4,9,17,7,72,54,162,15,328
POA3814,8,42,11,18,4,96,10,13,23,23,26,0,97,0,0,3,3,8,0,21,0,0,5,4,45,0,56,0,0,3,3,22,8,43,36,31,164,127,439,35,829
POA3815,25,48,17,24,0,132,9,8,59,31,48,9,166,0,0,3,0,14,3,22,0,0,4,9,44,0,56,0,3,5,11,36,7,69,44,47,218,194,620,55,1177
POA3816,12,42,17,14,6,91,10,8,28,35,54,9,140,0,0,3,7,15,0,21,0,0,3,12,28,3,45,0,0,0,3,33,10,47,29,22,152,167,500,46,915
POA3818,77,266,84,132,7,663,67,68,251,205,343,31,958,3,4,24,21,22,5,78,5,0,16,33,207,4,270,4,6,30,24,94,33,190,251,206,1017,906,2689,163,5236
POA3820,121,389,109,166,16,971,154,117,447,258,306,42,1326,0,4,23,18,32,0,85,11,11,29,52,191,6,293,3,3,33,24,81,36,178,507,360,1684,1128,2686,224,6585
POA3821,15,53,18,19,0,137,16,19,68,37,39,10,188,0,0,0,8,13,0,27,0,0,5,3,34,0,41,0,4,5,3,13,6,28,75,59,290,184,476,46,1127
POA3822,4,11,6,6,0,36,7,10,18,18,17,0,66,0,0,0,0,3,0,5,0,0,0,3,11,0,15,0,0,0,3,9,0,16,15,14,53,60,179,11,333
POA3823,9,31,6,17,0,72,12,7,31,32,41,5,129,0,3,4,5,9,0,16,0,0,0,3,17,0,32,3,0,0,0,14,4,19,42,25,140,114,320,25,662
POA3824,28,75,26,36,4,194,17,26,98,63,86,12,296,6,0,3,3,8,0,23,0,0,5,11,53,0,72,3,0,7,16,33,3,63,83,79,333,265,797,56,1619
POA3825,58,144,90,145,12,505,58,57,243,237,450,45,1087,0,0,10,9,29,0,49,4,0,14,23,187,0,233,3,6,15,23,124,48,224,176,172,792,859,3064,206,5263
POA3831,13,21,10,20,0,75,4,8,24,28,23,0,87,0,0,0,3,5,0,9,0,0,0,6,26,0,36,0,0,0,0,22,0,20,33,28,115,110,289,18,600
POA3832,0,0,0,0,0,8,0,0,5,4,0,0,11,0,0,0,0,0,0,0,0,0,0,0,0,0,0,0,0,0,0,0,0,0,7,5,13,10,38,4,75
POA3833,0,0,0,0,0,6,4,0,0,0,0,0,0,0,0,0,0,0,0,0,0,0,0,0,3,0,3,0,0,0,3,0,0,3,4,0,14,15,32,7,83
POA3835,0,7,6,0,0,14,0,0,5,0,13,0,19,0,0,0,0,0,0,5,0,0,0,0,7,0,9,0,0,0,0,3,0,3,4,3,37,16,65,7,133
POA3840,30,114,45,85,12,335,46,36,193,148,280,35,738,3,0,5,13,13,4,27,5,0,13,19,124,4,161,0,0,25,16,91,38,172,161,113,674,582,1977,188,3701
POA3842,17,65,17,25,3,154,18,18,54,66,94,4,256,0,0,0,0,7,0,8,0,0,0,3,35,0,43,4,0,4,4,29,0,39,63,57,221,202,601,35,1178
POA3844,113,414,117,160,20,991,259,169,795,412,557,56,2242,0,0,22,16,40,3,87,12,4,28,71,275,9,397,5,5,32,32,166,32,268,644,429,2267,1615,4547,284,9795
POA3847,16,17,12,11,0,50,3,10,32,21,36,4,104,0,0,0,0,0,0,8,0,0,0,3,25,5,30,0,0,0,3,10,5,23,13,27,98,93,344,34,613
POA3850,77,228,69,91,3,549,134,70,327,193,273,16,1012,4,0,17,11,3,0,36,3,6,19,36,107,3,174,7,4,18,25,58,21,128,350,234,1156,822,1857,127,4555
POA3851,25,77,30,22,5,174,19,19,61,58,90,11,254,0,0,0,0,8,4,16,0,4,0,9,42,0,57,5,0,6,7,39,16,63,59,67,292,256,746,67,1485
POA3852,0,0,0,0,0,0,0,0,3,0,0,0,3,0,0,0,0,0,0,0,0,0,0,0,0,0,0,0,0,0,0,0,0,0,3,7,112,11,15,0,149
POA3854,8,23,3,8,0,54,4,5,21,10,21,6,67,0,0,0,0,0,0,0,0,0,0,0,17,0,17,0,0,0,4,9,4,17,19,21,90,58,283,27,489
POA3856,4,8,4,8,0,27,7,4,17,9,23,6,68,0,0,0,0,4,0,4,0,0,0,0,14,0,16,0,0,0,0,7,0,8,13,10,56,51,199,9,333
POA3857,0,9,0,3,0,14,8,0,9,6,0,0,17,0,0,0,0,0,0,5,0,0,0,0,3,0,7,0,0,4,0,0,0,4,4,4,29,15,44,0,102
POA3858,10,29,9,13,0,60,0,7,33,26,53,7,133,4,0,0,0,3,0,11,0,0,0,5,32,5,38,0,0,0,6,15,0,24,26,24,111,114,418,39,725
POA3859,3,4,3,4,0,23,5,5,13,7,17,0,41,0,0,0,0,0,0,5,0,0,3,0,6,0,6,0,0,0,0,5,0,4,19,11,59,29,161,9,289
POA3860,42,122,30,49,4,261,35,34,103,101,145,9,421,0,0,8,7,12,0,30,0,0,7,9,82,4,107,0,0,3,4,47,6,59,98,102,426,307,1105,98,2141
POA3862,14,45,18,32,0,121,9,26,39,49,72,3,198,0,0,7,3,5,0,13,0,0,4,5,37,0,52,0,0,5,4,30,11,50,36,45,200,194,593,46,1115
POA3864,0,0,0,4,0,9,0,0,0,0,4,0,12,0,0,0,0,0,0,7,0,0,0,0,4,0,6,0,0,0,0,0,0,0,3,0,10,11,43,0,72
POA3865,0,3,5,6,0,11,0,0,4,0,10,0,22,0,0,0,0,0,0,0,0,0,0,3,6,0,9,0,0,0,0,3,4,7,0,0,21,20,73,4,125
POA3869,7,31,11,23,0,85,6,4,35,19,34,4,97,0,0,6,6,0,0,9,0,0,0,4,25,0,31,0,0,0,4,15,4,22,27,34,109,104,301,19,598
POA3870,9,21,8,3,0,48,4,9,19,18,18,0,63,0,0,4,0,0,0,6,0,0,0,3,3,0,6,0,0,3,6,9,5,13,18,20,85,67,173,25,387
POA3871,19,52,13,20,3,113,13,12,56,35,53,10,184,0,4,4,3,5,0,14,0,0,3,5,23,0,32,0,0,8,3,19,4,40,54,42,223,150,410,41,922
POA3873,4,6,7,5,0,14,0,0,8,0,4,0,13,0,0,0,0,0,0,0,0,0,0,3,4,0,4,0,0,0,0,5,0,0,3,0,16,18,58,3,103
POA3874,0,7,0,0,0,12,0,0,3,6,15,3,32,0,0,0,0,0,0,0,0,0,0,0,0,0,0,0,0,0,0,0,0,0,9,8,23,29,80,8,151
POA3875,67,233,98,138,13,619,105,85,338,281,361,28,1203,0,4,15,10,24,0,60,9,7,28,32,195,8,279,6,3,16,41,103,28,195,284,249,1098,970,2587,206,5393
POA3878,11,21,6,11,0,50,3,7,25,7,17,6,67,0,0,0,0,0,0,4,3,0,4,4,9,0,22,0,0,0,0,3,0,7,25,19,74,50,167,15,352
POA3880,18,40,18,20,6,114,18,12,63,58,68,3,226,0,0,3,3,6,0,9,0,0,10,3,13,3,31,0,0,4,9,6,8,23,58,52,175,182,396,42,904
POA3882,5,16,3,14,0,46,4,8,26,20,24,0,74,0,0,0,0,3,0,5,0,0,0,0,20,0,19,0,0,6,8,13,5,25,14,17,72,73,216,9,401
POA3885,9,25,4,12,0,57,10,6,39,31,37,0,118,0,0,0,3,6,0,15,0,0,3,5,22,0,30,0,0,0,4,13,4,17,24,28,117,103,287,35,587
POA3886,0,7,0,0,0,12,0,0,10,6,6,5,24,0,0,0,0,0,0,0,0,0,0,0,0,0,0,0,0,0,0,0,0,6,0,5,19,11,61,8,102
POA3887,0,3,0,0,0,5,0,3,8,4,6,0,16,0,0,0,0,0,0,0,0,0,0,0,0,0,0,0,0,0,0,3,0,3,3,4,12,12,29,5,65
POA3888,14,60,15,20,3,125,19,3,41,45,61,12,179,4,0,7,4,0,0,22,0,0,0,4,18,0,22,0,0,3,0,8,5,16,50,32,187,151,357,47,820
POA3889,0,0,0,0,0,0,0,0,0,5,0,0,5,0,0,0,0,0,0,0,0,0,0,0,0,0,0,0,0,0,0,0,0,0,0,0,0,6,18,9,31
POA3890,3,3,0,3,0,10,0,0,4,7,4,0,8,0,0,3,0,0,0,3,0,0,0,0,0,0,0,0,0,0,0,0,0,0,0,3,10,14,30,0,61
POA3891,0,0,0,0,0,0,0,0,0,4,0,0,4,0,0,0,0,0,0,0,0,0,0,0,0,0,0,0,0,0,0,0,0,0,0,0,9,3,15,5,30
POA3892,12,23,7,10,0,52,6,3,12,8,8,0,41,0,0,7,0,0,0,12,0,0,0,5,4,0,5,0,0,4,0,7,0,8,21,29,78,48,136,17,326
POA3893,0,0,0,0,0,0,0,0,0,0,0,0,3,0,0,0,0,0,0,0,0,0,0,0,0,0,0,0,0,0,0,0,0,0,3,0,4,0,0,3,14
POA3895,0,0,0,0,0,5,0,0,3,0,0,0,9,0,0,0,0,0,0,0,0,0,0,0,0,0,0,0,0,0,0,4,3,7,4,4,9,13,25,3,60
POA3896,9,10,0,0,0,24,0,0,7,4,4,0,11,0,0,0,0,0,0,3,0,0,0,0,0,0,0,0,0,3,0,5,3,10,6,12,28,13,43,7,108
POA3898,5,11,3,0,0,14,4,0,13,9,11,0,34,0,0,0,0,0,0,4,0,0,0,0,6,0,6,0,0,0,0,5,0,6,11,16,48,38,105,12,218
POA3900,0,0,0,0,0,0,0,0,0,0,5,0,6,0,0,0,0,0,0,0,0,0,0,0,0,0,0,0,0,0,0,0,3,3,0,0,3,4,15,3,30
POA3902,0,0,0,3,0,7,0,0,3,7,4,0,17,0,0,0,0,3,0,3,0,0,0,0,3,0,0,0,0,0,0,0,0,5,0,0,12,25,57,3,99
POA3903,3,8,0,3,0,20,0,6,12,12,16,0,47,0,0,0,0,0,0,3,0,0,0,0,10,0,10,0,0,0,0,3,9,12,7,13,47,37,108,15,218
POA3904,9,20,13,4,0,51,7,5,39,30,21,0,111,0,0,0,4,4,0,6,0,0,3,8,12,0,24,0,0,4,6,8,0,19,41,17,129,115,209,19,532
POA3909,41,83,32,44,6,228,29,21,98,100,137,19,401,0,0,5,3,8,0,24,0,3,5,16,43,0,69,0,0,5,0,33,17,64,85,86,330,327,955,99,1883
POA3910,133,489,137,145,16,1051,97,112,432,335,464,36,1481,5,0,34,24,37,0,105,8,8,47,75,249,8,396,5,11,46,46,169,20,307,366,382,1874,1676,3982,227,8512
POA3911,10,47,11,18,0,118,16,7,65,42,49,3,185,0,0,5,0,3,0,11,3,0,5,10,53,0,72,0,0,10,6,23,3,50,57,32,268,219,614,35,1232
POA3912,81,275,86,113,15,643,70,70,249,230,282,25,932,3,0,31,18,36,0,92,4,8,22,44,206,8,285,0,0,23,32,115,27,203,243,213,1060,1023,2635,174,5348
POA3913,15,50,27,27,3,144,10,13,54,38,69,6,200,0,0,4,3,7,0,18,4,0,8,14,46,0,76,0,0,5,5,27,0,41,49,44,239,250,589,38,1211
POA3915,25,100,33,52,0,243,25,24,104,113,187,12,466,0,0,9,9,26,3,48,0,0,14,28,106,0,155,0,6,12,14,65,15,116,96,83,452,546,1531,90,2805
POA3916,3,22,0,4,0,44,18,0,10,3,0,0,39,0,0,3,0,0,0,8,3,0,0,0,3,0,6,0,0,9,0,7,0,18,70,17,146,36,69,7,350
POA3918,19,62,22,23,4,161,13,18,73,41,74,6,229,0,0,8,6,11,0,30,0,0,6,10,39,4,65,0,0,6,6,29,3,52,63,58,265,241,667,47,1344
POA3919,9,28,21,38,0,119,11,7,44,53,74,6,195,0,0,0,0,13,3,27,4,0,3,0,40,0,55,0,0,4,8,30,10,48,39,28,149,205,618,32,1068
POA3920,6,0,4,0,0,7,0,0,8,3,0,0,14,0,0,0,0,3,0,3,0,0,0,0,0,0,0,0,0,0,0,4,0,3,15,19,81,72,311,4,506
POA3921,0,0,0,0,0,0,0,0,0,0,0,0,3,0,0,0,0,0,0,0,0,0,0,0,0,0,0,0,0,0,0,0,0,3,4,0,10,5,8,0,37
POA3922,54,130,30,29,4,291,36,24,139,104,114,14,430,9,6,46,42,60,7,172,4,3,16,7,69,3,107,3,4,13,22,35,7,92,171,148,675,534,1090,104,2723
POA3923,6,4,8,0,0,27,4,3,12,5,4,0,29,0,0,0,0,7,0,11,0,0,0,4,7,0,13,0,0,4,0,0,0,5,26,18,51,42,83,6,214
POA3925,33,98,27,17,3,200,29,15,69,52,40,5,223,3,4,14,8,18,0,55,0,0,9,5,26,0,48,0,0,7,5,10,11,30,100,79,402,268,531,51,1427
POA3926,23,84,14,15,4,172,25,15,61,41,18,5,167,6,4,12,4,10,0,30,0,3,3,0,17,0,26,0,0,13,7,12,8,41,119,81,426,198,331,41,1194
POA3927,12,43,13,11,0,93,17,8,36,22,13,0,100,0,0,6,3,6,0,23,0,0,7,8,9,0,21,4,0,5,6,3,6,17,82,42,204,128,175,22,645
POA3928,0,4,0,0,0,9,10,3,12,3,0,0,30,0,0,0,0,0,0,0,0,0,0,0,0,0,4,0,0,5,0,5,0,13,29,9,73,20,35,3,173
POA3929,0,9,3,0,0,14,17,0,15,3,0,3,44,0,0,5,0,0,0,7,0,0,0,0,0,4,5,0,0,4,3,0,0,17,53,11,152,60,55,15,346
POA3930,111,388,96,65,17,866,203,110,480,174,110,23,1099,12,14,39,17,23,3,115,15,8,42,41,94,9,208,17,4,93,35,43,30,223,851,434,2493,1164,1516,180,6645
POA3931,130,434,119,112,15,977,173,121,529,292,359,35,1516,4,10,40,30,54,12,149,14,4,45,63,178,8,306,10,9,74,48,97,31,264,590,440,2204,1515,2776,238,7766
POA3933,4,11,0,5,0,29,9,6,18,9,6,0,44,0,4,11,5,5,0,20,0,0,0,0,8,0,13,0,0,0,0,3,3,9,37,17,115,56,141,10,372
POA3934,117,436,110,79,13,901,140,114,448,196,228,26,1156,8,9,50,36,31,0,131,12,3,35,51,144,8,254,19,9,83,60,84,18,271,544,400,2131,1324,2124,216,6732
POA3936,55,207,52,55,5,435,59,37,226,147,144,15,630,9,0,21,19,19,0,70,3,0,20,27,118,0,176,3,3,31,29,68,29,156,242,161,1015,754,1595,144,3913
POA3937,9,30,7,4,0,69,20,5,40,16,10,8,95,3,3,8,6,5,0,25,0,0,3,0,6,0,14,0,0,11,3,0,0,19,87,34,250,89,135,18,623
POA3938,12,70,12,10,3,136,21,6,56,28,30,7,148,0,0,5,0,10,0,22,0,0,9,11,18,0,40,6,0,6,12,20,7,51,72,33,276,187,415,36,1023
POA3939,54,227,54,66,12,486,57,48,228,202,278,21,840,0,0,22,21,42,0,97,9,5,19,36,117,11,186,5,0,28,26,68,20,149,229,161,988,827,1955,164,4332
POA3940,20,43,14,12,0,95,13,11,68,50,86,9,230,0,0,9,6,7,0,23,0,0,4,9,33,0,52,0,0,5,8,23,8,45,37,46,215,228,480,48,1053
POA3941,66,222,56,53,7,461,63,36,171,110,177,22,577,12,0,26,28,41,8,113,3,4,13,28,92,4,147,9,3,45,34,74,21,189,271,169,1034,717,1649,162,4008
POA3942,11,37,11,5,3,85,15,6,36,14,15,5,83,4,0,6,3,8,0,20,7,0,7,8,8,0,20,0,0,6,7,5,5,31,93,37,254,157,222,33,795
POA3943,10,22,6,3,0,46,15,3,22,7,10,0,59,3,0,4,0,6,0,12,0,0,0,8,0,0,11,6,0,17,5,5,0,29,60,37,221,92,131,27,563
POA3944,0,13,0,0,0,19,6,0,3,0,0,4,11,0,0,4,0,0,0,5,0,0,6,0,0,0,4,4,5,8,0,8,0,22,33,17,101,29,37,6,226
POA3945,4,16,6,5,0,36,10,3,12,12,11,0,48,0,0,3,0,0,0,10,0,0,4,0,7,0,18,0,0,4,3,7,0,15,21,11,78,71,164,10,357
POA3946,0,3,0,3,0,6,4,0,5,3,3,0,21,0,0,0,0,0,0,0,0,0,0,0,0,0,0,0,0,0,4,0,4,6,8,3,19,19,51,4,102
POA3950,25,47,27,22,0,146,18,16,81,64,98,6,285,0,0,5,4,4,0,16,0,4,7,7,55,0,76,0,0,12,7,34,8,64,61,58,272,257,725,53,1429
POA3951,4,19,9,6,0,43,5,5,18,13,16,0,57,0,0,0,0,4,0,3,0,0,0,0,9,0,12,0,0,3,0,0,0,10,19,19,89,59,146,3,338
POA3953,36,124,34,46,6,277,37,39,131,80,119,16,428,3,6,8,0,3,0,30,5,0,12,24,79,3,121,7,0,4,9,39,12,71,121,116,526,353,1098,79,2287
POA3954,0,13,3,0,0,19,0,4,9,4,3,0,20,0,0,0,0,0,0,0,0,0,0,3,3,0,8,0,0,0,3,3,0,3,7,10,44,24,52,0,145
POA3956,14,28,17,16,0,90,20,10,46,20,25,4,127,0,0,8,0,3,0,12,4,0,4,0,20,0,30,6,0,5,9,8,7,34,69,46,222,126,370,41,877
POA3957,5,0,0,4,0,11,0,6,3,3,7,0,14,0,0,0,0,0,0,0,0,0,0,0,3,0,6,0,0,4,3,0,0,5,8,9,22,19,38,4,101
POA3958,0,3,0,0,0,6,0,4,3,5,3,0,18,0,0,0,0,0,0,0,0,0,0,0,4,0,9,0,0,0,0,0,0,0,0,0,27,16,38,5,83
POA3959,5,20,5,5,0,44,12,10,16,7,9,4,56,3,0,6,5,8,0,20,0,0,0,0,3,0,7,0,0,4,0,3,5,13,38,38,92,49,146,12,374
POA3960,3,26,9,14,0,73,15,12,34,26,40,8,125,3,4,17,10,4,0,38,0,0,0,0,22,0,32,5,0,0,7,9,0,22,71,39,144,110,309,31,706
POA3962,0,10,9,3,7,32,0,4,6,13,18,5,41,0,0,0,0,0,0,0,0,0,0,3,7,0,13,0,0,0,0,7,0,10,16,9,40,48,127,12,252
POA3964,0,0,0,0,0,4,0,0,0,0,8,0,10,0,0,0,0,0,0,0,0,0,0,0,3,0,3,0,0,0,0,3,0,3,0,6,6,5,43,0,56
POA3965,0,3,0,0,0,10,0,0,0,0,3,0,3,0,0,0,0,0,0,0,0,0,0,0,0,0,0,0,0,0,0,0,0,0,5,3,13,3,22,4,48
POA3966,0,3,0,5,0,13,0,3,10,7,4,0,25,0,0,0,0,0,0,0,0,0,0,0,3,0,3,0,0,0,0,0,0,3,4,5,27,25,75,5,152
POA3967,0,0,0,0,0,0,0,0,0,0,0,0,3,0,0,0,0,0,0,0,0,0,0,0,5,0,5,0,0,0,0,0,0,0,0,0,9,3,11,0,24
POA3971,25,38,13,13,4,103,16,13,37,48,73,11,193,0,0,3,0,3,0,11,4,0,5,4,35,0,44,0,3,3,5,24,12,48,42,51,162,168,533,62,1016
POA3975,45,162,68,47,7,435,161,70,510,249,249,29,1269,0,0,21,10,9,0,40,21,0,42,47,94,16,223,51,3,93,64,107,55,361,974,209,2210,1230,1504,229,6359
POA3976,48,128,90,75,10,435,94,58,377,319,377,35,1256,3,3,13,13,21,4,55,17,5,52,58,171,5,316,28,4,87,82,155,73,426,581,186,1733,1425,2498,293,6719
POA3977,320,1121,531,452,42,2995,719,409,2466,1723,1974,209,7506,24,15,123,94,190,17,466,55,10,196,323,919,38,1544,136,21,374,326,741,245,1850,3471,1233,9566,7895,13981,1260,37408
POA3978,155,475,211,162,17,1278,480,196,1521,762,672,82,3709,15,8,42,44,49,5,159,46,16,100,144,290,21,607,89,12,182,160,212,90,741,2289,598,5309,3736,4288,486,16696
POA3979,5,4,0,0,0,12,0,0,4,0,5,0,17,0,0,0,0,0,0,0,0,0,0,0,0,0,0,0,0,0,0,4,0,7,8,7,37,13,47,4,122
POA3980,14,39,11,22,8,105,9,8,38,30,68,5,157,0,0,0,4,9,0,18,0,0,3,9,38,0,52,3,0,4,6,33,8,53,30,33,165,174,673,41,1117
POA3981,19,50,24,41,6,144,8,8,65,62,89,7,242,0,0,5,12,20,0,41,0,0,0,12,78,0,98,0,0,15,7,48,9,76,31,43,224,271,978,65,1611
POA3984,26,62,26,32,0,173,20,30,66,101,100,17,326,0,0,8,3,23,0,34,4,0,6,11,97,3,125,4,8,7,14,52,17,96,61,89,277,378,1186,96,2091
POA3987,6,20,3,9,0,41,3,6,10,24,34,5,80,0,0,3,0,4,0,10,0,0,3,0,19,0,32,0,0,0,8,8,7,21,9,13,73,86,298,26,509
POA3988,5,17,5,9,0,37,0,3,16,11,10,0,37,0,0,0,4,0,0,3,0,0,3,0,20,0,27,0,0,0,4,6,5,12,15,19,68,58,174,15,342
POA3990,0,0,0,0,0,3,0,0,0,0,0,0,0,0,0,0,0,0,0,0,0,0,0,0,0,0,0,0,0,0,0,0,0,0,0,4,8,10,10,0,41
POA3991,0,4,0,0,0,3,0,0,5,6,9,0,16,0,0,0,0,0,0,5,0,0,0,0,10,0,8,0,0,0,0,0,0,3,3,3,10,14,58,6,98
POA3992,12,15,8,9,0,43,3,13,25,15,24,4,89,0,0,0,0,4,0,10,0,0,0,3,11,0,10,0,0,0,0,8,5,13,17,27,69,72,215,18,415
POA3995,45,102,40,60,0,283,51,33,195,130,224,27,662,0,0,23,9,21,0,63,0,3,21,20,103,3,158,7,7,8,20,45,9,96,149,140,612,453,1411,121,2894
POA3996,45,145,28,28,9,309,57,47,153,61,71,10,393,3,0,16,9,9,3,36,0,0,7,14,33,0,58,3,3,15,7,19,11,63,182,149,592,309,633,71,1943
